<annotation>
	<folder></folder>
	<filename>00a19df6f1543aaf4e98b3733518df4bcd266cd3_png.rf.82429c70b3ec051aab5073e0640e21b3.jpg</filename>
	<path>00a19df6f1543aaf4e98b3733518df4bcd266cd3_png.rf.82429c70b3ec051aab5073e0640e21b3.jpg</path>
	<source>
		<database>roboflow.ai</database>
	</source>
	<size>
		<width>296</width>
		<height>640</height>
		<depth>3</depth>
	</size>
	<segmented>0</segmented>
	<object>
		<name>Buttons</name>
		<pose>Unspecified</pose>
		<truncated>0</truncated>
		<difficult>0</difficult>
		<occluded>0</occluded>
		<bndbox>
			<xmin>19</xmin>
			<xmax>280</xmax>
			<ymin>373</ymin>
			<ymax>419</ymax>
		</bndbox>
	</object>
	<object>
		<name>Buttons</name>
		<pose>Unspecified</pose>
		<truncated>0</truncated>
		<difficult>0</difficult>
		<occluded>0</occluded>
		<bndbox>
			<xmin>17</xmin>
			<xmax>278</xmax>
			<ymin>425</ymin>
			<ymax>471</ymax>
		</bndbox>
	</object>
	<object>
		<name>Buttons</name>
		<pose>Unspecified</pose>
		<truncated>0</truncated>
		<difficult>0</difficult>
		<occluded>0</occluded>
		<bndbox>
			<xmin>17</xmin>
			<xmax>277</xmax>
			<ymin>478</ymin>
			<ymax>523</ymax>
		</bndbox>
	</object>
</annotation>
