<annotation>
	<folder></folder>
	<filename>00aa54c898b0d48e3e624bf73ee9e6a25eb4c746_png.rf.7afe853c933c23262967e5781b27513d.jpg</filename>
	<path>00aa54c898b0d48e3e624bf73ee9e6a25eb4c746_png.rf.7afe853c933c23262967e5781b27513d.jpg</path>
	<source>
		<database>roboflow.ai</database>
	</source>
	<size>
		<width>296</width>
		<height>640</height>
		<depth>3</depth>
	</size>
	<segmented>0</segmented>
	<object>
		<name>Buttons</name>
		<pose>Unspecified</pose>
		<truncated>0</truncated>
		<difficult>0</difficult>
		<occluded>0</occluded>
		<bndbox>
			<xmin>36</xmin>
			<xmax>128</xmax>
			<ymin>334</ymin>
			<ymax>377</ymax>
		</bndbox>
	</object>
	<object>
		<name>Buttons</name>
		<pose>Unspecified</pose>
		<truncated>0</truncated>
		<difficult>0</difficult>
		<occluded>0</occluded>
		<bndbox>
			<xmin>164</xmin>
			<xmax>263</xmax>
			<ymin>332</ymin>
			<ymax>377</ymax>
		</bndbox>
	</object>
</annotation>
