<annotation>
	<folder></folder>
	<filename>00bc2cdeb983e4a87bf84ab0f797c8fd0aec6e1b_png.rf.7b7b4c02bdae87c471c5e586caf2cf81.jpg</filename>
	<path>00bc2cdeb983e4a87bf84ab0f797c8fd0aec6e1b_png.rf.7b7b4c02bdae87c471c5e586caf2cf81.jpg</path>
	<source>
		<database>roboflow.ai</database>
	</source>
	<size>
		<width>296</width>
		<height>640</height>
		<depth>3</depth>
	</size>
	<segmented>0</segmented>
	<object>
		<name>Sliders</name>
		<pose>Unspecified</pose>
		<truncated>0</truncated>
		<difficult>0</difficult>
		<occluded>0</occluded>
		<bndbox>
			<xmin>1</xmin>
			<xmax>295</xmax>
			<ymin>545</ymin>
			<ymax>576</ymax>
		</bndbox>
	</object>
	<object>
		<name>Buttons</name>
		<pose>Unspecified</pose>
		<truncated>0</truncated>
		<difficult>0</difficult>
		<occluded>0</occluded>
		<bndbox>
			<xmin>17</xmin>
			<xmax>45</xmax>
			<ymin>579</ymin>
			<ymax>603</ymax>
		</bndbox>
	</object>
	<object>
		<name>Buttons</name>
		<pose>Unspecified</pose>
		<truncated>0</truncated>
		<difficult>0</difficult>
		<occluded>0</occluded>
		<bndbox>
			<xmin>126</xmin>
			<xmax>168</xmax>
			<ymin>575</ymin>
			<ymax>607</ymax>
		</bndbox>
	</object>
</annotation>
