<annotation>
	<folder></folder>
	<filename>00cde35425d380d7778251b049a81742b7aa4425_png.rf.f4789b9455aebef4d1dfb011a8295827.jpg</filename>
	<path>00cde35425d380d7778251b049a81742b7aa4425_png.rf.f4789b9455aebef4d1dfb011a8295827.jpg</path>
	<source>
		<database>roboflow.ai</database>
	</source>
	<size>
		<width>296</width>
		<height>640</height>
		<depth>3</depth>
	</size>
	<segmented>0</segmented>
	<object>
		<name>Text Fields</name>
		<pose>Unspecified</pose>
		<truncated>0</truncated>
		<difficult>0</difficult>
		<occluded>0</occluded>
		<bndbox>
			<xmin>10</xmin>
			<xmax>224</xmax>
			<ymin>350</ymin>
			<ymax>397</ymax>
		</bndbox>
	</object>
	<object>
		<name>Buttons</name>
		<pose>Unspecified</pose>
		<truncated>0</truncated>
		<difficult>0</difficult>
		<occluded>0</occluded>
		<bndbox>
			<xmin>234</xmin>
			<xmax>287</xmax>
			<ymin>353</ymin>
			<ymax>393</ymax>
		</bndbox>
	</object>
</annotation>
