<annotation>
	<folder></folder>
	<filename>00e8c980d80647849114b34cb4049eb97f3527e2_png.rf.bf24b034f19d6dc53f9855f2fb08b86d.jpg</filename>
	<path>00e8c980d80647849114b34cb4049eb97f3527e2_png.rf.bf24b034f19d6dc53f9855f2fb08b86d.jpg</path>
	<source>
		<database>roboflow.ai</database>
	</source>
	<size>
		<width>296</width>
		<height>640</height>
		<depth>3</depth>
	</size>
	<segmented>0</segmented>
	<object>
		<name>Buttons</name>
		<pose>Unspecified</pose>
		<truncated>0</truncated>
		<difficult>0</difficult>
		<occluded>0</occluded>
		<bndbox>
			<xmin>17</xmin>
			<xmax>279</xmax>
			<ymin>569</ymin>
			<ymax>603</ymax>
		</bndbox>
	</object>
</annotation>
