<annotation>
	<folder></folder>
	<filename>00eb843ee3004128d5cb6e5d7df9b8cf21e4f1d9_png.rf.a868bdfc001ca519a1bd148358bb79d5.jpg</filename>
	<path>00eb843ee3004128d5cb6e5d7df9b8cf21e4f1d9_png.rf.a868bdfc001ca519a1bd148358bb79d5.jpg</path>
	<source>
		<database>roboflow.ai</database>
	</source>
	<size>
		<width>296</width>
		<height>640</height>
		<depth>3</depth>
	</size>
	<segmented>0</segmented>
	<object>
		<name>Buttons</name>
		<pose>Unspecified</pose>
		<truncated>0</truncated>
		<difficult>0</difficult>
		<occluded>0</occluded>
		<bndbox>
			<xmin>211</xmin>
			<xmax>275</xmax>
			<ymin>354</ymin>
			<ymax>385</ymax>
		</bndbox>
	</object>
</annotation>
