<annotation>
	<folder></folder>
	<filename>00f83f634e7f4906a37d12b2a83a1af5ac19a42a_png.rf.f833529ba61b4ab6733c27281555d648.jpg</filename>
	<path>00f83f634e7f4906a37d12b2a83a1af5ac19a42a_png.rf.f833529ba61b4ab6733c27281555d648.jpg</path>
	<source>
		<database>roboflow.ai</database>
	</source>
	<size>
		<width>296</width>
		<height>640</height>
		<depth>3</depth>
	</size>
	<segmented>0</segmented>
	<object>
		<name>Text Fields</name>
		<pose>Unspecified</pose>
		<truncated>0</truncated>
		<difficult>0</difficult>
		<occluded>0</occluded>
		<bndbox>
			<xmin>15</xmin>
			<xmax>283</xmax>
			<ymin>150</ymin>
			<ymax>541</ymax>
		</bndbox>
	</object>
	<object>
		<name>Buttons</name>
		<pose>Unspecified</pose>
		<truncated>0</truncated>
		<difficult>0</difficult>
		<occluded>0</occluded>
		<bndbox>
			<xmin>202</xmin>
			<xmax>283</xmax>
			<ymin>544</ymin>
			<ymax>584</ymax>
		</bndbox>
	</object>
	<object>
		<name>Text Fields</name>
		<pose>Unspecified</pose>
		<truncated>0</truncated>
		<difficult>0</difficult>
		<occluded>0</occluded>
		<bndbox>
			<xmin>12</xmin>
			<xmax>284</xmax>
			<ymin>114</ymin>
			<ymax>145</ymax>
		</bndbox>
	</object>
</annotation>
