<annotation>
	<folder></folder>
	<filename>012a84f058bc64190af204e81df37e552e08bde9_jpeg.rf.765e43a5d1f36a40cd0652c8908f3ea2.jpg</filename>
	<path>012a84f058bc64190af204e81df37e552e08bde9_jpeg.rf.765e43a5d1f36a40cd0652c8908f3ea2.jpg</path>
	<source>
		<database>roboflow.ai</database>
	</source>
	<size>
		<width>296</width>
		<height>640</height>
		<depth>3</depth>
	</size>
	<segmented>0</segmented>
	<object>
		<name>Switches</name>
		<pose>Unspecified</pose>
		<truncated>0</truncated>
		<difficult>0</difficult>
		<occluded>0</occluded>
		<bndbox>
			<xmin>206</xmin>
			<xmax>262</xmax>
			<ymin>550</ymin>
			<ymax>583</ymax>
		</bndbox>
	</object>
	<object>
		<name>Switches</name>
		<pose>Unspecified</pose>
		<truncated>0</truncated>
		<difficult>0</difficult>
		<occluded>0</occluded>
		<bndbox>
			<xmin>203</xmin>
			<xmax>263</xmax>
			<ymin>492</ymin>
			<ymax>527</ymax>
		</bndbox>
	</object>
	<object>
		<name>Switches</name>
		<pose>Unspecified</pose>
		<truncated>0</truncated>
		<difficult>0</difficult>
		<occluded>0</occluded>
		<bndbox>
			<xmin>202</xmin>
			<xmax>262</xmax>
			<ymin>434</ymin>
			<ymax>468</ymax>
		</bndbox>
	</object>
	<object>
		<name>Buttons</name>
		<pose>Unspecified</pose>
		<truncated>0</truncated>
		<difficult>0</difficult>
		<occluded>0</occluded>
		<bndbox>
			<xmin>225</xmin>
			<xmax>285</xmax>
			<ymin>37</ymin>
			<ymax>66</ymax>
		</bndbox>
	</object>
</annotation>
