<annotation>
	<folder></folder>
	<filename>036003b4e47ed5fb7d16f404b85d6ab16c2bbcd8_jpeg.rf.f58b588c18ebbc4762d41ca4ee49048b.jpg</filename>
	<path>036003b4e47ed5fb7d16f404b85d6ab16c2bbcd8_jpeg.rf.f58b588c18ebbc4762d41ca4ee49048b.jpg</path>
	<source>
		<database>roboflow.ai</database>
	</source>
	<size>
		<width>296</width>
		<height>640</height>
		<depth>3</depth>
	</size>
	<segmented>0</segmented>
	<object>
		<name>Buttons</name>
		<pose>Unspecified</pose>
		<truncated>0</truncated>
		<difficult>0</difficult>
		<occluded>0</occluded>
		<bndbox>
			<xmin>223</xmin>
			<xmax>287</xmax>
			<ymin>35</ymin>
			<ymax>69</ymax>
		</bndbox>
	</object>
	<object>
		<name>Text Fields</name>
		<pose>Unspecified</pose>
		<truncated>0</truncated>
		<difficult>0</difficult>
		<occluded>0</occluded>
		<bndbox>
			<xmin>23</xmin>
			<xmax>274</xmax>
			<ymin>134</ymin>
			<ymax>178</ymax>
		</bndbox>
	</object>
</annotation>
