<annotation>
	<folder></folder>
	<filename>037b18fba731631af3128f8e2db4b514c142c128_jpeg.rf.2b1c9535e2656df8052c42e3e0b3813f.jpg</filename>
	<path>037b18fba731631af3128f8e2db4b514c142c128_jpeg.rf.2b1c9535e2656df8052c42e3e0b3813f.jpg</path>
	<source>
		<database>roboflow.ai</database>
	</source>
	<size>
		<width>296</width>
		<height>640</height>
		<depth>3</depth>
	</size>
	<segmented>0</segmented>
	<object>
		<name>Buttons</name>
		<pose>Unspecified</pose>
		<truncated>0</truncated>
		<difficult>0</difficult>
		<occluded>0</occluded>
		<bndbox>
			<xmin>107</xmin>
			<xmax>196</xmax>
			<ymin>262</ymin>
			<ymax>289</ymax>
		</bndbox>
	</object>
	<object>
		<name>Buttons</name>
		<pose>Unspecified</pose>
		<truncated>0</truncated>
		<difficult>0</difficult>
		<occluded>0</occluded>
		<bndbox>
			<xmin>106</xmin>
			<xmax>195</xmax>
			<ymin>293</ymin>
			<ymax>316</ymax>
		</bndbox>
	</object>
	<object>
		<name>Buttons</name>
		<pose>Unspecified</pose>
		<truncated>0</truncated>
		<difficult>0</difficult>
		<occluded>0</occluded>
		<bndbox>
			<xmin>74</xmin>
			<xmax>222</xmax>
			<ymin>321</ymin>
			<ymax>349</ymax>
		</bndbox>
	</object>
</annotation>
