<annotation>
	<folder></folder>
	<filename>05093bc9f33db54fa76fd4c75d43fa7519764e9c_jpeg.rf.6145276f40125fd570e8960161f1badb.jpg</filename>
	<path>05093bc9f33db54fa76fd4c75d43fa7519764e9c_jpeg.rf.6145276f40125fd570e8960161f1badb.jpg</path>
	<source>
		<database>roboflow.ai</database>
	</source>
	<size>
		<width>296</width>
		<height>640</height>
		<depth>3</depth>
	</size>
	<segmented>0</segmented>
	<object>
		<name>Buttons</name>
		<pose>Unspecified</pose>
		<truncated>0</truncated>
		<difficult>0</difficult>
		<occluded>0</occluded>
		<bndbox>
			<xmin>4</xmin>
			<xmax>291</xmax>
			<ymin>574</ymin>
			<ymax>610</ymax>
		</bndbox>
	</object>
</annotation>
