<annotation>
	<folder></folder>
	<filename>091d7d4f007442ba22b92d620558023941d49725_jpeg.rf.7507042ec3652e2d58d8fbad02208cf2.jpg</filename>
	<path>091d7d4f007442ba22b92d620558023941d49725_jpeg.rf.7507042ec3652e2d58d8fbad02208cf2.jpg</path>
	<source>
		<database>roboflow.ai</database>
	</source>
	<size>
		<width>296</width>
		<height>640</height>
		<depth>3</depth>
	</size>
	<segmented>0</segmented>
	<object>
		<name>Rating</name>
		<pose>Unspecified</pose>
		<truncated>0</truncated>
		<difficult>0</difficult>
		<occluded>0</occluded>
		<bndbox>
			<xmin>242</xmin>
			<xmax>295</xmax>
			<ymin>471</ymin>
			<ymax>491</ymax>
		</bndbox>
	</object>
	<object>
		<name>Buttons</name>
		<pose>Unspecified</pose>
		<truncated>0</truncated>
		<difficult>0</difficult>
		<occluded>0</occluded>
		<bndbox>
			<xmin>18</xmin>
			<xmax>280</xmax>
			<ymin>575</ymin>
			<ymax>618</ymax>
		</bndbox>
	</object>
</annotation>
