<annotation>
	<folder></folder>
	<filename>0a00286e5b9a845289ff9d6ecb9e122e661185bc_png.rf.f39c7948f3f599602e6d2fee1e67de3a.jpg</filename>
	<path>0a00286e5b9a845289ff9d6ecb9e122e661185bc_png.rf.f39c7948f3f599602e6d2fee1e67de3a.jpg</path>
	<source>
		<database>roboflow.ai</database>
	</source>
	<size>
		<width>296</width>
		<height>640</height>
		<depth>3</depth>
	</size>
	<segmented>0</segmented>
	<object>
		<name>FAB -Floating Action Button-</name>
		<pose>Unspecified</pose>
		<truncated>0</truncated>
		<difficult>0</difficult>
		<occluded>0</occluded>
		<bndbox>
			<xmin>11</xmin>
			<xmax>47</xmax>
			<ymin>579</ymin>
			<ymax>613</ymax>
		</bndbox>
	</object>
	<object>
		<name>FAB -Floating Action Button-</name>
		<pose>Unspecified</pose>
		<truncated>0</truncated>
		<difficult>0</difficult>
		<occluded>0</occluded>
		<bndbox>
			<xmin>128</xmin>
			<xmax>166</xmax>
			<ymin>580</ymin>
			<ymax>615</ymax>
		</bndbox>
	</object>
	<object>
		<name>FAB -Floating Action Button-</name>
		<pose>Unspecified</pose>
		<truncated>0</truncated>
		<difficult>0</difficult>
		<occluded>0</occluded>
		<bndbox>
			<xmin>244</xmin>
			<xmax>286</xmax>
			<ymin>578</ymin>
			<ymax>616</ymax>
		</bndbox>
	</object>
</annotation>
