<annotation>
	<folder></folder>
	<filename>0a0f70a63cdfc1021e0e2ab09317dcde4bcd1ed5_png.rf.ff840eab472c74b7faee4ff79af8ad2b.jpg</filename>
	<path>0a0f70a63cdfc1021e0e2ab09317dcde4bcd1ed5_png.rf.ff840eab472c74b7faee4ff79af8ad2b.jpg</path>
	<source>
		<database>roboflow.ai</database>
	</source>
	<size>
		<width>296</width>
		<height>640</height>
		<depth>3</depth>
	</size>
	<segmented>0</segmented>
	<object>
		<name>Buttons</name>
		<pose>Unspecified</pose>
		<truncated>0</truncated>
		<difficult>0</difficult>
		<occluded>0</occluded>
		<bndbox>
			<xmin>3</xmin>
			<xmax>62</xmax>
			<ymin>36</ymin>
			<ymax>65</ymax>
		</bndbox>
	</object>
	<object>
		<name>Buttons</name>
		<pose>Unspecified</pose>
		<truncated>0</truncated>
		<difficult>0</difficult>
		<occluded>0</occluded>
		<bndbox>
			<xmin>241</xmin>
			<xmax>292</xmax>
			<ymin>37</ymin>
			<ymax>65</ymax>
		</bndbox>
	</object>
	<object>
		<name>Buttons</name>
		<pose>Unspecified</pose>
		<truncated>0</truncated>
		<difficult>0</difficult>
		<occluded>0</occluded>
		<bndbox>
			<xmin>70</xmin>
			<xmax>225</xmax>
			<ymin>331</ymin>
			<ymax>378</ymax>
		</bndbox>
	</object>
</annotation>
