<annotation>
	<folder></folder>
	<filename>0a0f5ff3e67398730b0575ddb698344894be676e_png.rf.36fb41ff65ee50d05c9da5678a379ed1.jpg</filename>
	<path>0a0f5ff3e67398730b0575ddb698344894be676e_png.rf.36fb41ff65ee50d05c9da5678a379ed1.jpg</path>
	<source>
		<database>roboflow.ai</database>
	</source>
	<size>
		<width>296</width>
		<height>640</height>
		<depth>3</depth>
	</size>
	<segmented>0</segmented>
	<object>
		<name>Buttons</name>
		<pose>Unspecified</pose>
		<truncated>0</truncated>
		<difficult>0</difficult>
		<occluded>0</occluded>
		<bndbox>
			<xmin>202</xmin>
			<xmax>246</xmax>
			<ymin>366</ymin>
			<ymax>394</ymax>
		</bndbox>
	</object>
	<object>
		<name>Buttons</name>
		<pose>Unspecified</pose>
		<truncated>0</truncated>
		<difficult>0</difficult>
		<occluded>0</occluded>
		<bndbox>
			<xmin>51</xmin>
			<xmax>125</xmax>
			<ymin>41</ymin>
			<ymax>74</ymax>
		</bndbox>
	</object>
	<object>
		<name>FAB -Floating Action Button-</name>
		<pose>Unspecified</pose>
		<truncated>0</truncated>
		<difficult>0</difficult>
		<occluded>0</occluded>
		<bndbox>
			<xmin>235</xmin>
			<xmax>288</xmax>
			<ymin>580</ymin>
			<ymax>632</ymax>
		</bndbox>
	</object>
</annotation>
