<annotation>
	<folder></folder>
	<filename>0a29cb92a8228c644fb838c5d60c226e595920e8_png.rf.9f725fed45f9bba75c026550f07d1a69.jpg</filename>
	<path>0a29cb92a8228c644fb838c5d60c226e595920e8_png.rf.9f725fed45f9bba75c026550f07d1a69.jpg</path>
	<source>
		<database>roboflow.ai</database>
	</source>
	<size>
		<width>296</width>
		<height>640</height>
		<depth>3</depth>
	</size>
	<segmented>0</segmented>
	<object>
		<name>Buttons</name>
		<pose>Unspecified</pose>
		<truncated>0</truncated>
		<difficult>0</difficult>
		<occluded>0</occluded>
		<bndbox>
			<xmin>230</xmin>
			<xmax>286</xmax>
			<ymin>118</ymin>
			<ymax>152</ymax>
		</bndbox>
	</object>
</annotation>
