<annotation>
	<folder></folder>
	<filename>0a3cf30bd26622d51a225db7df31c50029448f01_png.rf.351cc9fba3b47ea5cb26fd7534b75193.jpg</filename>
	<path>0a3cf30bd26622d51a225db7df31c50029448f01_png.rf.351cc9fba3b47ea5cb26fd7534b75193.jpg</path>
	<source>
		<database>roboflow.ai</database>
	</source>
	<size>
		<width>296</width>
		<height>640</height>
		<depth>3</depth>
	</size>
	<segmented>0</segmented>
	<object>
		<name>FAB -Floating Action Button-</name>
		<pose>Unspecified</pose>
		<truncated>0</truncated>
		<difficult>0</difficult>
		<occluded>0</occluded>
		<bndbox>
			<xmin>255</xmin>
			<xmax>288</xmax>
			<ymin>573</ymin>
			<ymax>606</ymax>
		</bndbox>
	</object>
	<object>
		<name>FAB -Floating Action Button-</name>
		<pose>Unspecified</pose>
		<truncated>0</truncated>
		<difficult>0</difficult>
		<occluded>0</occluded>
		<bndbox>
			<xmin>6</xmin>
			<xmax>44</xmax>
			<ymin>571</ymin>
			<ymax>608</ymax>
		</bndbox>
	</object>
	<object>
		<name>FAB -Floating Action Button-</name>
		<pose>Unspecified</pose>
		<truncated>0</truncated>
		<difficult>0</difficult>
		<occluded>0</occluded>
		<bndbox>
			<xmin>132</xmin>
			<xmax>165</xmax>
			<ymin>575</ymin>
			<ymax>606</ymax>
		</bndbox>
	</object>
</annotation>
