<annotation>
	<folder></folder>
	<filename>0a4cf28d2c2ca7e4034905bdf44c57ac3ff25667_png.rf.798a00ce188a5e32f5bb361a4efa36bb.jpg</filename>
	<path>0a4cf28d2c2ca7e4034905bdf44c57ac3ff25667_png.rf.798a00ce188a5e32f5bb361a4efa36bb.jpg</path>
	<source>
		<database>roboflow.ai</database>
	</source>
	<size>
		<width>296</width>
		<height>640</height>
		<depth>3</depth>
	</size>
	<segmented>0</segmented>
	<object>
		<name>Buttons</name>
		<pose>Unspecified</pose>
		<truncated>0</truncated>
		<difficult>0</difficult>
		<occluded>0</occluded>
		<bndbox>
			<xmin>4</xmin>
			<xmax>42</xmax>
			<ymin>27</ymin>
			<ymax>63</ymax>
		</bndbox>
	</object>
	<object>
		<name>Buttons</name>
		<pose>Unspecified</pose>
		<truncated>0</truncated>
		<difficult>0</difficult>
		<occluded>0</occluded>
		<bndbox>
			<xmin>1</xmin>
			<xmax>295</xmax>
			<ymin>439</ymin>
			<ymax>488</ymax>
		</bndbox>
	</object>
</annotation>
