<annotation>
	<folder></folder>
	<filename>0a519600db99c5accca5960793b2cb6c1bdfa385_png.rf.bbc956721d0f56c769057d1bc77f06e5.jpg</filename>
	<path>0a519600db99c5accca5960793b2cb6c1bdfa385_png.rf.bbc956721d0f56c769057d1bc77f06e5.jpg</path>
	<source>
		<database>roboflow.ai</database>
	</source>
	<size>
		<width>296</width>
		<height>640</height>
		<depth>3</depth>
	</size>
	<segmented>0</segmented>
	<object>
		<name>Buttons</name>
		<pose>Unspecified</pose>
		<truncated>0</truncated>
		<difficult>0</difficult>
		<occluded>0</occluded>
		<bndbox>
			<xmin>1</xmin>
			<xmax>295</xmax>
			<ymin>486</ymin>
			<ymax>547</ymax>
		</bndbox>
	</object>
</annotation>
