<annotation>
	<folder></folder>
	<filename>0a523e71ce35fee910a93b273ca309597c95228c_png.rf.ec5ea3619aec305a9c9e1aa1d257cac3.jpg</filename>
	<path>0a523e71ce35fee910a93b273ca309597c95228c_png.rf.ec5ea3619aec305a9c9e1aa1d257cac3.jpg</path>
	<source>
		<database>roboflow.ai</database>
	</source>
	<size>
		<width>296</width>
		<height>640</height>
		<depth>3</depth>
	</size>
	<segmented>0</segmented>
	<object>
		<name>Text Fields</name>
		<pose>Unspecified</pose>
		<truncated>0</truncated>
		<difficult>0</difficult>
		<occluded>0</occluded>
		<bndbox>
			<xmin>45</xmin>
			<xmax>247</xmax>
			<ymin>571</ymin>
			<ymax>609</ymax>
		</bndbox>
	</object>
</annotation>
