<annotation>
	<folder></folder>
	<filename>0a536cf1830af13bf9279843bbbf54e1580520ce_png.rf.5586efcb2d644e9a53785cce46a83caa.jpg</filename>
	<path>0a536cf1830af13bf9279843bbbf54e1580520ce_png.rf.5586efcb2d644e9a53785cce46a83caa.jpg</path>
	<source>
		<database>roboflow.ai</database>
	</source>
	<size>
		<width>296</width>
		<height>640</height>
		<depth>3</depth>
	</size>
	<segmented>0</segmented>
	<object>
		<name>Buttons</name>
		<pose>Unspecified</pose>
		<truncated>0</truncated>
		<difficult>0</difficult>
		<occluded>0</occluded>
		<bndbox>
			<xmin>255</xmin>
			<xmax>292</xmax>
			<ymin>34</ymin>
			<ymax>57</ymax>
		</bndbox>
	</object>
	<object>
		<name>Progress indicators</name>
		<pose>Unspecified</pose>
		<truncated>0</truncated>
		<difficult>0</difficult>
		<occluded>0</occluded>
		<bndbox>
			<xmin>47</xmin>
			<xmax>249</xmax>
			<ymin>35</ymin>
			<ymax>58</ymax>
		</bndbox>
	</object>
	<object>
		<name>Buttons</name>
		<pose>Unspecified</pose>
		<truncated>0</truncated>
		<difficult>0</difficult>
		<occluded>0</occluded>
		<bndbox>
			<xmin>36</xmin>
			<xmax>263</xmax>
			<ymin>557</ymin>
			<ymax>597</ymax>
		</bndbox>
	</object>
</annotation>
