<annotation>
	<folder></folder>
	<filename>0a54ba0193d8f7f450db1b26a7f13126350681a2_png.rf.83c76ba8c4d1a2b115e761b666ed3e87.jpg</filename>
	<path>0a54ba0193d8f7f450db1b26a7f13126350681a2_png.rf.83c76ba8c4d1a2b115e761b666ed3e87.jpg</path>
	<source>
		<database>roboflow.ai</database>
	</source>
	<size>
		<width>296</width>
		<height>640</height>
		<depth>3</depth>
	</size>
	<segmented>0</segmented>
	<object>
		<name>Buttons</name>
		<pose>Unspecified</pose>
		<truncated>0</truncated>
		<difficult>0</difficult>
		<occluded>0</occluded>
		<bndbox>
			<xmin>3</xmin>
			<xmax>58</xmax>
			<ymin>33</ymin>
			<ymax>67</ymax>
		</bndbox>
	</object>
</annotation>
