<annotation>
	<folder></folder>
	<filename>0a55e3f60c23ac612c58f0afc59e9316dc369ad4_png.rf.458e180d11285bffbb984349a044656f.jpg</filename>
	<path>0a55e3f60c23ac612c58f0afc59e9316dc369ad4_png.rf.458e180d11285bffbb984349a044656f.jpg</path>
	<source>
		<database>roboflow.ai</database>
	</source>
	<size>
		<width>296</width>
		<height>640</height>
		<depth>3</depth>
	</size>
	<segmented>0</segmented>
	<object>
		<name>Buttons</name>
		<pose>Unspecified</pose>
		<truncated>0</truncated>
		<difficult>0</difficult>
		<occluded>0</occluded>
		<bndbox>
			<xmin>253</xmin>
			<xmax>285</xmax>
			<ymin>70</ymin>
			<ymax>89</ymax>
		</bndbox>
	</object>
</annotation>
