<annotation>
	<folder></folder>
	<filename>0a5754d070611ef8b06c556389ef6c7718ff9101_png.rf.8903a97672d4cd4c02db2d3495dadac9.jpg</filename>
	<path>0a5754d070611ef8b06c556389ef6c7718ff9101_png.rf.8903a97672d4cd4c02db2d3495dadac9.jpg</path>
	<source>
		<database>roboflow.ai</database>
	</source>
	<size>
		<width>296</width>
		<height>640</height>
		<depth>3</depth>
	</size>
	<segmented>0</segmented>
	<object>
		<name>Buttons</name>
		<pose>Unspecified</pose>
		<truncated>0</truncated>
		<difficult>0</difficult>
		<occluded>0</occluded>
		<bndbox>
			<xmin>8</xmin>
			<xmax>57</xmax>
			<ymin>53</ymin>
			<ymax>77</ymax>
		</bndbox>
	</object>
</annotation>
