<annotation>
	<folder></folder>
	<filename>0a6559666b3194754aef7e13a8f41be50b13f959_png.rf.d0a7b709f4537f6282ee701258ba3de0.jpg</filename>
	<path>0a6559666b3194754aef7e13a8f41be50b13f959_png.rf.d0a7b709f4537f6282ee701258ba3de0.jpg</path>
	<source>
		<database>roboflow.ai</database>
	</source>
	<size>
		<width>296</width>
		<height>640</height>
		<depth>3</depth>
	</size>
	<segmented>0</segmented>
	<object>
		<name>Text Fields</name>
		<pose>Unspecified</pose>
		<truncated>0</truncated>
		<difficult>0</difficult>
		<occluded>0</occluded>
		<bndbox>
			<xmin>8</xmin>
			<xmax>291</xmax>
			<ymin>76</ymin>
			<ymax>121</ymax>
		</bndbox>
	</object>
	<object>
		<name>Buttons</name>
		<pose>Unspecified</pose>
		<truncated>0</truncated>
		<difficult>0</difficult>
		<occluded>0</occluded>
		<bndbox>
			<xmin>239</xmin>
			<xmax>291</xmax>
			<ymin>38</ymin>
			<ymax>65</ymax>
		</bndbox>
	</object>
	<object>
		<name>Buttons</name>
		<pose>Unspecified</pose>
		<truncated>0</truncated>
		<difficult>0</difficult>
		<occluded>0</occluded>
		<bndbox>
			<xmin>8</xmin>
			<xmax>63</xmax>
			<ymin>38</ymin>
			<ymax>65</ymax>
		</bndbox>
	</object>
</annotation>
