<annotation>
	<folder></folder>
	<filename>0a66b09dd7e9d0074c265829c89e83fc47c90c99_png.rf.ea4c08a3e1c3402bb6ba86b9f3fc6613.jpg</filename>
	<path>0a66b09dd7e9d0074c265829c89e83fc47c90c99_png.rf.ea4c08a3e1c3402bb6ba86b9f3fc6613.jpg</path>
	<source>
		<database>roboflow.ai</database>
	</source>
	<size>
		<width>296</width>
		<height>640</height>
		<depth>3</depth>
	</size>
	<segmented>0</segmented>
	<object>
		<name>FAB -Floating Action Button-</name>
		<pose>Unspecified</pose>
		<truncated>0</truncated>
		<difficult>0</difficult>
		<occluded>0</occluded>
		<bndbox>
			<xmin>250</xmin>
			<xmax>278</xmax>
			<ymin>92</ymin>
			<ymax>118</ymax>
		</bndbox>
	</object>
	<object>
		<name>FAB -Floating Action Button-</name>
		<pose>Unspecified</pose>
		<truncated>0</truncated>
		<difficult>0</difficult>
		<occluded>0</occluded>
		<bndbox>
			<xmin>245</xmin>
			<xmax>285</xmax>
			<ymin>39</ymin>
			<ymax>80</ymax>
		</bndbox>
	</object>
</annotation>
