<annotation>
	<folder></folder>
	<filename>0a6759dfe5a7e2ec6bb9cad90befeedb7e53523b_png.rf.d388edc640ca7b8bb8e9993d94b162cf.jpg</filename>
	<path>0a6759dfe5a7e2ec6bb9cad90befeedb7e53523b_png.rf.d388edc640ca7b8bb8e9993d94b162cf.jpg</path>
	<source>
		<database>roboflow.ai</database>
	</source>
	<size>
		<width>296</width>
		<height>640</height>
		<depth>3</depth>
	</size>
	<segmented>0</segmented>
	<object>
		<name>Progress indicators</name>
		<pose>Unspecified</pose>
		<truncated>0</truncated>
		<difficult>0</difficult>
		<occluded>0</occluded>
		<bndbox>
			<xmin>15</xmin>
			<xmax>282</xmax>
			<ymin>310</ymin>
			<ymax>348</ymax>
		</bndbox>
	</object>
	<object>
		<name>Progress indicators</name>
		<pose>Unspecified</pose>
		<truncated>0</truncated>
		<difficult>0</difficult>
		<occluded>0</occluded>
		<bndbox>
			<xmin>16</xmin>
			<xmax>283</xmax>
			<ymin>423</ymin>
			<ymax>451</ymax>
		</bndbox>
	</object>
	<object>
		<name>Buttons</name>
		<pose>Unspecified</pose>
		<truncated>0</truncated>
		<difficult>0</difficult>
		<occluded>0</occluded>
		<bndbox>
			<xmin>240</xmin>
			<xmax>290</xmax>
			<ymin>39</ymin>
			<ymax>67</ymax>
		</bndbox>
	</object>
	<object>
		<name>Progress indicators</name>
		<pose>Unspecified</pose>
		<truncated>0</truncated>
		<difficult>0</difficult>
		<occluded>0</occluded>
		<bndbox>
			<xmin>18</xmin>
			<xmax>282</xmax>
			<ymin>521</ymin>
			<ymax>545</ymax>
		</bndbox>
	</object>
	<object>
		<name>Buttons</name>
		<pose>Unspecified</pose>
		<truncated>0</truncated>
		<difficult>0</difficult>
		<occluded>0</occluded>
		<bndbox>
			<xmin>11</xmin>
			<xmax>287</xmax>
			<ymin>566</ymin>
			<ymax>612</ymax>
		</bndbox>
	</object>
</annotation>
