<annotation>
	<folder></folder>
	<filename>0a7c92228247aa1055012d6cd64638781791bc07_png.rf.b518f0153aa9ab96118d5b23ce67bdfe.jpg</filename>
	<path>0a7c92228247aa1055012d6cd64638781791bc07_png.rf.b518f0153aa9ab96118d5b23ce67bdfe.jpg</path>
	<source>
		<database>roboflow.ai</database>
	</source>
	<size>
		<width>296</width>
		<height>640</height>
		<depth>3</depth>
	</size>
	<segmented>0</segmented>
	<object>
		<name>Buttons</name>
		<pose>Unspecified</pose>
		<truncated>0</truncated>
		<difficult>0</difficult>
		<occluded>0</occluded>
		<bndbox>
			<xmin>243</xmin>
			<xmax>290</xmax>
			<ymin>52</ymin>
			<ymax>79</ymax>
		</bndbox>
	</object>
	<object>
		<name>Buttons</name>
		<pose>Unspecified</pose>
		<truncated>0</truncated>
		<difficult>0</difficult>
		<occluded>0</occluded>
		<bndbox>
			<xmin>5</xmin>
			<xmax>62</xmax>
			<ymin>50</ymin>
			<ymax>80</ymax>
		</bndbox>
	</object>
	<object>
		<name>Checkboxes</name>
		<pose>Unspecified</pose>
		<truncated>0</truncated>
		<difficult>0</difficult>
		<occluded>0</occluded>
		<bndbox>
			<xmin>262</xmin>
			<xmax>286</xmax>
			<ymin>129</ymin>
			<ymax>153</ymax>
		</bndbox>
	</object>
</annotation>
