<annotation>
	<folder></folder>
	<filename>0a89d66ab2e60a6ce2ebfa1d6773f174c4587cdf_png.rf.3a2324b9a097b53b140e3d6f05ce9ce9.jpg</filename>
	<path>0a89d66ab2e60a6ce2ebfa1d6773f174c4587cdf_png.rf.3a2324b9a097b53b140e3d6f05ce9ce9.jpg</path>
	<source>
		<database>roboflow.ai</database>
	</source>
	<size>
		<width>296</width>
		<height>640</height>
		<depth>3</depth>
	</size>
	<segmented>0</segmented>
	<object>
		<name>Buttons</name>
		<pose>Unspecified</pose>
		<truncated>0</truncated>
		<difficult>0</difficult>
		<occluded>0</occluded>
		<bndbox>
			<xmin>52</xmin>
			<xmax>122</xmax>
			<ymin>44</ymin>
			<ymax>72</ymax>
		</bndbox>
	</object>
</annotation>
