<annotation>
	<folder></folder>
	<filename>0a90050999c36c200a0b8c82fa8fc44091747da3_png.rf.5d56ece5022d1c062fc4ea7857428eb5.jpg</filename>
	<path>0a90050999c36c200a0b8c82fa8fc44091747da3_png.rf.5d56ece5022d1c062fc4ea7857428eb5.jpg</path>
	<source>
		<database>roboflow.ai</database>
	</source>
	<size>
		<width>296</width>
		<height>640</height>
		<depth>3</depth>
	</size>
	<segmented>0</segmented>
	<object>
		<name>Buttons</name>
		<pose>Unspecified</pose>
		<truncated>0</truncated>
		<difficult>0</difficult>
		<occluded>0</occluded>
		<bndbox>
			<xmin>52</xmin>
			<xmax>247</xmax>
			<ymin>360</ymin>
			<ymax>403</ymax>
		</bndbox>
	</object>
	<object>
		<name>Text Fields</name>
		<pose>Unspecified</pose>
		<truncated>0</truncated>
		<difficult>0</difficult>
		<occluded>0</occluded>
		<bndbox>
			<xmin>21</xmin>
			<xmax>240</xmax>
			<ymin>485</ymin>
			<ymax>528</ymax>
		</bndbox>
	</object>
</annotation>
