<annotation>
	<folder></folder>
	<filename>0a94be8cffcff17d5f920b680d22ee3db6ca0070_png.rf.c8b528e721cbbf913b914bc134aa76f3.jpg</filename>
	<path>0a94be8cffcff17d5f920b680d22ee3db6ca0070_png.rf.c8b528e721cbbf913b914bc134aa76f3.jpg</path>
	<source>
		<database>roboflow.ai</database>
	</source>
	<size>
		<width>296</width>
		<height>640</height>
		<depth>3</depth>
	</size>
	<segmented>0</segmented>
	<object>
		<name>Buttons</name>
		<pose>Unspecified</pose>
		<truncated>0</truncated>
		<difficult>0</difficult>
		<occluded>0</occluded>
		<bndbox>
			<xmin>8</xmin>
			<xmax>288</xmax>
			<ymin>426</ymin>
			<ymax>463</ymax>
		</bndbox>
	</object>
	<object>
		<name>Buttons</name>
		<pose>Unspecified</pose>
		<truncated>0</truncated>
		<difficult>0</difficult>
		<occluded>0</occluded>
		<bndbox>
			<xmin>10</xmin>
			<xmax>286</xmax>
			<ymin>474</ymin>
			<ymax>513</ymax>
		</bndbox>
	</object>
	<object>
		<name>Buttons</name>
		<pose>Unspecified</pose>
		<truncated>0</truncated>
		<difficult>0</difficult>
		<occluded>0</occluded>
		<bndbox>
			<xmin>121</xmin>
			<xmax>173</xmax>
			<ymin>514</ymin>
			<ymax>536</ymax>
		</bndbox>
	</object>
</annotation>
