<annotation>
	<folder></folder>
	<filename>0a9eff58edcd4f0abec723f49202ed3c64c22ff5_png.rf.481c0a30ac1b38c440e3ab67e44211ff.jpg</filename>
	<path>0a9eff58edcd4f0abec723f49202ed3c64c22ff5_png.rf.481c0a30ac1b38c440e3ab67e44211ff.jpg</path>
	<source>
		<database>roboflow.ai</database>
	</source>
	<size>
		<width>296</width>
		<height>640</height>
		<depth>3</depth>
	</size>
	<segmented>0</segmented>
	<object>
		<name>Rating</name>
		<pose>Unspecified</pose>
		<truncated>0</truncated>
		<difficult>0</difficult>
		<occluded>0</occluded>
		<bndbox>
			<xmin>139</xmin>
			<xmax>206</xmax>
			<ymin>376</ymin>
			<ymax>394</ymax>
		</bndbox>
	</object>
</annotation>
