<annotation>
	<folder></folder>
	<filename>0a9ea89caa89e611e107eb6b812932d93ce8f749_png.rf.a03d8ab8d757982a5ced479388abe9ff.jpg</filename>
	<path>0a9ea89caa89e611e107eb6b812932d93ce8f749_png.rf.a03d8ab8d757982a5ced479388abe9ff.jpg</path>
	<source>
		<database>roboflow.ai</database>
	</source>
	<size>
		<width>296</width>
		<height>640</height>
		<depth>3</depth>
	</size>
	<segmented>0</segmented>
	<object>
		<name>Buttons</name>
		<pose>Unspecified</pose>
		<truncated>0</truncated>
		<difficult>0</difficult>
		<occluded>0</occluded>
		<bndbox>
			<xmin>5</xmin>
			<xmax>39</xmax>
			<ymin>363</ymin>
			<ymax>385</ymax>
		</bndbox>
	</object>
	<object>
		<name>Buttons</name>
		<pose>Unspecified</pose>
		<truncated>0</truncated>
		<difficult>0</difficult>
		<occluded>0</occluded>
		<bndbox>
			<xmin>5</xmin>
			<xmax>40</xmax>
			<ymin>470</ymin>
			<ymax>489</ymax>
		</bndbox>
	</object>
	<object>
		<name>Buttons</name>
		<pose>Unspecified</pose>
		<truncated>0</truncated>
		<difficult>0</difficult>
		<occluded>0</occluded>
		<bndbox>
			<xmin>5</xmin>
			<xmax>40</xmax>
			<ymin>572</ymin>
			<ymax>592</ymax>
		</bndbox>
	</object>
</annotation>
