<annotation>
	<folder></folder>
	<filename>0aa697e9fc5e36fa47e94dfc7c974a16f43a1a2f_png.rf.55e0b5fe803fdee0b27f9416d96815a0.jpg</filename>
	<path>0aa697e9fc5e36fa47e94dfc7c974a16f43a1a2f_png.rf.55e0b5fe803fdee0b27f9416d96815a0.jpg</path>
	<source>
		<database>roboflow.ai</database>
	</source>
	<size>
		<width>296</width>
		<height>640</height>
		<depth>3</depth>
	</size>
	<segmented>0</segmented>
	<object>
		<name>FAB -Floating Action Button-</name>
		<pose>Unspecified</pose>
		<truncated>0</truncated>
		<difficult>0</difficult>
		<occluded>0</occluded>
		<bndbox>
			<xmin>242</xmin>
			<xmax>278</xmax>
			<ymin>57</ymin>
			<ymax>99</ymax>
		</bndbox>
	</object>
	<object>
		<name>FAB -Floating Action Button-</name>
		<pose>Unspecified</pose>
		<truncated>0</truncated>
		<difficult>0</difficult>
		<occluded>0</occluded>
		<bndbox>
			<xmin>15</xmin>
			<xmax>58</xmax>
			<ymin>58</ymin>
			<ymax>97</ymax>
		</bndbox>
	</object>
</annotation>
