<annotation>
	<folder></folder>
	<filename>0aa8d78252fca209f1de75a9686336303708347a_png.rf.a0199f15100e9f9cfe57a4486f2589a6.jpg</filename>
	<path>0aa8d78252fca209f1de75a9686336303708347a_png.rf.a0199f15100e9f9cfe57a4486f2589a6.jpg</path>
	<source>
		<database>roboflow.ai</database>
	</source>
	<size>
		<width>296</width>
		<height>640</height>
		<depth>3</depth>
	</size>
	<segmented>0</segmented>
	<object>
		<name>Page Controls</name>
		<pose>Unspecified</pose>
		<truncated>0</truncated>
		<difficult>0</difficult>
		<occluded>0</occluded>
		<bndbox>
			<xmin>140</xmin>
			<xmax>167</xmax>
			<ymin>306</ymin>
			<ymax>327</ymax>
		</bndbox>
	</object>
	<object>
		<name>Buttons</name>
		<pose>Unspecified</pose>
		<truncated>0</truncated>
		<difficult>0</difficult>
		<occluded>0</occluded>
		<bndbox>
			<xmin>12</xmin>
			<xmax>284</xmax>
			<ymin>557</ymin>
			<ymax>616</ymax>
		</bndbox>
	</object>
</annotation>
