<annotation>
	<folder></folder>
	<filename>0aba97e4ba7073b4e43e0ac21d199b0c147af9d4_png.rf.f317d09e6f457cda9bb0836ce531a391.jpg</filename>
	<path>0aba97e4ba7073b4e43e0ac21d199b0c147af9d4_png.rf.f317d09e6f457cda9bb0836ce531a391.jpg</path>
	<source>
		<database>roboflow.ai</database>
	</source>
	<size>
		<width>296</width>
		<height>640</height>
		<depth>3</depth>
	</size>
	<segmented>0</segmented>
	<object>
		<name>Radio buttons</name>
		<pose>Unspecified</pose>
		<truncated>0</truncated>
		<difficult>0</difficult>
		<occluded>0</occluded>
		<bndbox>
			<xmin>13</xmin>
			<xmax>34</xmax>
			<ymin>255</ymin>
			<ymax>289</ymax>
		</bndbox>
	</object>
	<object>
		<name>Radio buttons</name>
		<pose>Unspecified</pose>
		<truncated>0</truncated>
		<difficult>0</difficult>
		<occluded>0</occluded>
		<bndbox>
			<xmin>13</xmin>
			<xmax>36</xmax>
			<ymin>288</ymin>
			<ymax>322</ymax>
		</bndbox>
	</object>
	<object>
		<name>Radio buttons</name>
		<pose>Unspecified</pose>
		<truncated>0</truncated>
		<difficult>0</difficult>
		<occluded>0</occluded>
		<bndbox>
			<xmin>12</xmin>
			<xmax>36</xmax>
			<ymin>351</ymin>
			<ymax>385</ymax>
		</bndbox>
	</object>
	<object>
		<name>Radio buttons</name>
		<pose>Unspecified</pose>
		<truncated>0</truncated>
		<difficult>0</difficult>
		<occluded>0</occluded>
		<bndbox>
			<xmin>11</xmin>
			<xmax>31</xmax>
			<ymin>389</ymin>
			<ymax>415</ymax>
		</bndbox>
	</object>
	<object>
		<name>Radio buttons</name>
		<pose>Unspecified</pose>
		<truncated>0</truncated>
		<difficult>0</difficult>
		<occluded>0</occluded>
		<bndbox>
			<xmin>12</xmin>
			<xmax>31</xmax>
			<ymin>426</ymin>
			<ymax>449</ymax>
		</bndbox>
	</object>
	<object>
		<name>Radio buttons</name>
		<pose>Unspecified</pose>
		<truncated>0</truncated>
		<difficult>0</difficult>
		<occluded>0</occluded>
		<bndbox>
			<xmin>12</xmin>
			<xmax>33</xmax>
			<ymin>459</ymin>
			<ymax>488</ymax>
		</bndbox>
	</object>
	<object>
		<name>Radio buttons</name>
		<pose>Unspecified</pose>
		<truncated>0</truncated>
		<difficult>0</difficult>
		<occluded>0</occluded>
		<bndbox>
			<xmin>10</xmin>
			<xmax>32</xmax>
			<ymin>494</ymin>
			<ymax>522</ymax>
		</bndbox>
	</object>
	<object>
		<name>Radio buttons</name>
		<pose>Unspecified</pose>
		<truncated>0</truncated>
		<difficult>0</difficult>
		<occluded>0</occluded>
		<bndbox>
			<xmin>10</xmin>
			<xmax>32</xmax>
			<ymin>530</ymin>
			<ymax>551</ymax>
		</bndbox>
	</object>
	<object>
		<name>Radio buttons</name>
		<pose>Unspecified</pose>
		<truncated>0</truncated>
		<difficult>0</difficult>
		<occluded>0</occluded>
		<bndbox>
			<xmin>13</xmin>
			<xmax>32</xmax>
			<ymin>562</ymin>
			<ymax>593</ymax>
		</bndbox>
	</object>
	<object>
		<name>Radio buttons</name>
		<pose>Unspecified</pose>
		<truncated>0</truncated>
		<difficult>0</difficult>
		<occluded>0</occluded>
		<bndbox>
			<xmin>14</xmin>
			<xmax>35</xmax>
			<ymin>597</ymin>
			<ymax>624</ymax>
		</bndbox>
	</object>
	<object>
		<name>Buttons</name>
		<pose>Unspecified</pose>
		<truncated>0</truncated>
		<difficult>0</difficult>
		<occluded>0</occluded>
		<bndbox>
			<xmin>241</xmin>
			<xmax>290</xmax>
			<ymin>53</ymin>
			<ymax>78</ymax>
		</bndbox>
	</object>
	<object>
		<name>Radio buttons</name>
		<pose>Unspecified</pose>
		<truncated>0</truncated>
		<difficult>0</difficult>
		<occluded>0</occluded>
		<bndbox>
			<xmin>13</xmin>
			<xmax>32</xmax>
			<ymin>156</ymin>
			<ymax>187</ymax>
		</bndbox>
	</object>
	<object>
		<name>Radio buttons</name>
		<pose>Unspecified</pose>
		<truncated>0</truncated>
		<difficult>0</difficult>
		<occluded>0</occluded>
		<bndbox>
			<xmin>12</xmin>
			<xmax>34</xmax>
			<ymin>187</ymin>
			<ymax>219</ymax>
		</bndbox>
	</object>
	<object>
		<name>Radio buttons</name>
		<pose>Unspecified</pose>
		<truncated>0</truncated>
		<difficult>0</difficult>
		<occluded>0</occluded>
		<bndbox>
			<xmin>13</xmin>
			<xmax>34</xmax>
			<ymin>219</ymin>
			<ymax>250</ymax>
		</bndbox>
	</object>
</annotation>
