<annotation>
	<folder></folder>
	<filename>0aba08565c5f59655cf1c211ace46e6997397c9c_png.rf.9a90d807bc1bf66ff896799b499a59f2.jpg</filename>
	<path>0aba08565c5f59655cf1c211ace46e6997397c9c_png.rf.9a90d807bc1bf66ff896799b499a59f2.jpg</path>
	<source>
		<database>roboflow.ai</database>
	</source>
	<size>
		<width>296</width>
		<height>640</height>
		<depth>3</depth>
	</size>
	<segmented>0</segmented>
	<object>
		<name>FAB -Floating Action Button-</name>
		<pose>Unspecified</pose>
		<truncated>0</truncated>
		<difficult>0</difficult>
		<occluded>0</occluded>
		<bndbox>
			<xmin>121</xmin>
			<xmax>174</xmax>
			<ymin>580</ymin>
			<ymax>627</ymax>
		</bndbox>
	</object>
	<object>
		<name>Buttons</name>
		<pose>Unspecified</pose>
		<truncated>0</truncated>
		<difficult>0</difficult>
		<occluded>0</occluded>
		<bndbox>
			<xmin>216</xmin>
			<xmax>286</xmax>
			<ymin>76</ymin>
			<ymax>111</ymax>
		</bndbox>
	</object>
	<object>
		<name>Buttons</name>
		<pose>Unspecified</pose>
		<truncated>0</truncated>
		<difficult>0</difficult>
		<occluded>0</occluded>
		<bndbox>
			<xmin>6</xmin>
			<xmax>293</xmax>
			<ymin>31</ymin>
			<ymax>68</ymax>
		</bndbox>
	</object>
</annotation>
