<annotation>
	<folder></folder>
	<filename>0abccffb931b7a7dc85cc67e477e751ac5a1af31_png.rf.106cb9178b4221d62878fcfabb33f693.jpg</filename>
	<path>0abccffb931b7a7dc85cc67e477e751ac5a1af31_png.rf.106cb9178b4221d62878fcfabb33f693.jpg</path>
	<source>
		<database>roboflow.ai</database>
	</source>
	<size>
		<width>296</width>
		<height>640</height>
		<depth>3</depth>
	</size>
	<segmented>0</segmented>
	<object>
		<name>Buttons</name>
		<pose>Unspecified</pose>
		<truncated>0</truncated>
		<difficult>0</difficult>
		<occluded>0</occluded>
		<bndbox>
			<xmin>21</xmin>
			<xmax>192</xmax>
			<ymin>348</ymin>
			<ymax>379</ymax>
		</bndbox>
	</object>
	<object>
		<name>Buttons</name>
		<pose>Unspecified</pose>
		<truncated>0</truncated>
		<difficult>0</difficult>
		<occluded>0</occluded>
		<bndbox>
			<xmin>209</xmin>
			<xmax>296</xmax>
			<ymin>350</ymin>
			<ymax>379</ymax>
		</bndbox>
	</object>
</annotation>
