<annotation>
	<folder></folder>
	<filename>0ac7ff364c8e6c9ce903e1465eff02686edf5356_png.rf.07d213edf165d72bdfd1dfa97d7b6b21.jpg</filename>
	<path>0ac7ff364c8e6c9ce903e1465eff02686edf5356_png.rf.07d213edf165d72bdfd1dfa97d7b6b21.jpg</path>
	<source>
		<database>roboflow.ai</database>
	</source>
	<size>
		<width>296</width>
		<height>640</height>
		<depth>3</depth>
	</size>
	<segmented>0</segmented>
	<object>
		<name>FAB -Floating Action Button-</name>
		<pose>Unspecified</pose>
		<truncated>0</truncated>
		<difficult>0</difficult>
		<occluded>0</occluded>
		<bndbox>
			<xmin>68</xmin>
			<xmax>231</xmax>
			<ymin>569</ymin>
			<ymax>605</ymax>
		</bndbox>
	</object>
	<object>
		<name>Buttons</name>
		<pose>Unspecified</pose>
		<truncated>0</truncated>
		<difficult>0</difficult>
		<occluded>0</occluded>
		<bndbox>
			<xmin>5</xmin>
			<xmax>84</xmax>
			<ymin>110</ymin>
			<ymax>139</ymax>
		</bndbox>
	</object>
</annotation>
