<annotation>
	<folder></folder>
	<filename>0ac9f9d401bf4ed2a4620bfacc5d0dc67a35846f_png.rf.db5fdec84b3af203eaba963916990865.jpg</filename>
	<path>0ac9f9d401bf4ed2a4620bfacc5d0dc67a35846f_png.rf.db5fdec84b3af203eaba963916990865.jpg</path>
	<source>
		<database>roboflow.ai</database>
	</source>
	<size>
		<width>296</width>
		<height>640</height>
		<depth>3</depth>
	</size>
	<segmented>0</segmented>
	<object>
		<name>Switches</name>
		<pose>Unspecified</pose>
		<truncated>0</truncated>
		<difficult>0</difficult>
		<occluded>0</occluded>
		<bndbox>
			<xmin>58</xmin>
			<xmax>90</xmax>
			<ymin>68</ymin>
			<ymax>88</ymax>
		</bndbox>
	</object>
</annotation>
