<annotation>
	<folder></folder>
	<filename>0adf576d14a33624f9b3161cc44a2aeebfe1cb66_png.rf.bbc2fdf5c5e95ada1dc4a3d90c93c6e5.jpg</filename>
	<path>0adf576d14a33624f9b3161cc44a2aeebfe1cb66_png.rf.bbc2fdf5c5e95ada1dc4a3d90c93c6e5.jpg</path>
	<source>
		<database>roboflow.ai</database>
	</source>
	<size>
		<width>296</width>
		<height>640</height>
		<depth>3</depth>
	</size>
	<segmented>0</segmented>
	<object>
		<name>Buttons</name>
		<pose>Unspecified</pose>
		<truncated>0</truncated>
		<difficult>0</difficult>
		<occluded>0</occluded>
		<bndbox>
			<xmin>249</xmin>
			<xmax>294</xmax>
			<ymin>36</ymin>
			<ymax>64</ymax>
		</bndbox>
	</object>
	<object>
		<name>Buttons</name>
		<pose>Unspecified</pose>
		<truncated>0</truncated>
		<difficult>0</difficult>
		<occluded>0</occluded>
		<bndbox>
			<xmin>36</xmin>
			<xmax>261</xmax>
			<ymin>322</ymin>
			<ymax>366</ymax>
		</bndbox>
	</object>
</annotation>
