<annotation>
	<folder></folder>
	<filename>0aebc3cbeb8abed8bb366d024ff2330ca3ad9826_png.rf.d58b873671315c55e6310e6de9726222.jpg</filename>
	<path>0aebc3cbeb8abed8bb366d024ff2330ca3ad9826_png.rf.d58b873671315c55e6310e6de9726222.jpg</path>
	<source>
		<database>roboflow.ai</database>
	</source>
	<size>
		<width>296</width>
		<height>640</height>
		<depth>3</depth>
	</size>
	<segmented>0</segmented>
	<object>
		<name>Buttons</name>
		<pose>Unspecified</pose>
		<truncated>0</truncated>
		<difficult>0</difficult>
		<occluded>0</occluded>
		<bndbox>
			<xmin>9</xmin>
			<xmax>110</xmax>
			<ymin>442</ymin>
			<ymax>469</ymax>
		</bndbox>
	</object>
	<object>
		<name>FAB -Floating Action Button-</name>
		<pose>Unspecified</pose>
		<truncated>0</truncated>
		<difficult>0</difficult>
		<occluded>0</occluded>
		<bndbox>
			<xmin>77</xmin>
			<xmax>219</xmax>
			<ymin>569</ymin>
			<ymax>605</ymax>
		</bndbox>
	</object>
</annotation>
