<annotation>
	<folder></folder>
	<filename>0aef8dc13e265b97d8e9a39bf023cd02437cefc0_png.rf.552d9cafb01087a49c8e21dc5a28882e.jpg</filename>
	<path>0aef8dc13e265b97d8e9a39bf023cd02437cefc0_png.rf.552d9cafb01087a49c8e21dc5a28882e.jpg</path>
	<source>
		<database>roboflow.ai</database>
	</source>
	<size>
		<width>296</width>
		<height>640</height>
		<depth>3</depth>
	</size>
	<segmented>0</segmented>
	<object>
		<name>Buttons</name>
		<pose>Unspecified</pose>
		<truncated>0</truncated>
		<difficult>0</difficult>
		<occluded>0</occluded>
		<bndbox>
			<xmin>238</xmin>
			<xmax>291</xmax>
			<ymin>38</ymin>
			<ymax>67</ymax>
		</bndbox>
	</object>
	<object>
		<name>Text Fields</name>
		<pose>Unspecified</pose>
		<truncated>0</truncated>
		<difficult>0</difficult>
		<occluded>0</occluded>
		<bndbox>
			<xmin>10</xmin>
			<xmax>287</xmax>
			<ymin>172</ymin>
			<ymax>225</ymax>
		</bndbox>
	</object>
</annotation>
