<annotation>
	<folder></folder>
	<filename>0afbe2532a510e72493e2c65c10d2ebf4e9d17d5_png.rf.9ecce5aa413ac190e28d9235cfc07132.jpg</filename>
	<path>0afbe2532a510e72493e2c65c10d2ebf4e9d17d5_png.rf.9ecce5aa413ac190e28d9235cfc07132.jpg</path>
	<source>
		<database>roboflow.ai</database>
	</source>
	<size>
		<width>296</width>
		<height>640</height>
		<depth>3</depth>
	</size>
	<segmented>0</segmented>
	<object>
		<name>Buttons</name>
		<pose>Unspecified</pose>
		<truncated>0</truncated>
		<difficult>0</difficult>
		<occluded>0</occluded>
		<bndbox>
			<xmin>178</xmin>
			<xmax>279</xmax>
			<ymin>150</ymin>
			<ymax>196</ymax>
		</bndbox>
	</object>
	<object>
		<name>Buttons</name>
		<pose>Unspecified</pose>
		<truncated>0</truncated>
		<difficult>0</difficult>
		<occluded>0</occluded>
		<bndbox>
			<xmin>76</xmin>
			<xmax>177</xmax>
			<ymin>149</ymin>
			<ymax>196</ymax>
		</bndbox>
	</object>
</annotation>
