<annotation>
	<folder></folder>
	<filename>0b08727fc3a8db6c3e5799363eb01ed90fa1e1df_png.rf.c5320cbf93cf4d440dd48531e166f6cd.jpg</filename>
	<path>0b08727fc3a8db6c3e5799363eb01ed90fa1e1df_png.rf.c5320cbf93cf4d440dd48531e166f6cd.jpg</path>
	<source>
		<database>roboflow.ai</database>
	</source>
	<size>
		<width>296</width>
		<height>640</height>
		<depth>3</depth>
	</size>
	<segmented>0</segmented>
	<object>
		<name>Buttons</name>
		<pose>Unspecified</pose>
		<truncated>0</truncated>
		<difficult>0</difficult>
		<occluded>0</occluded>
		<bndbox>
			<xmin>107</xmin>
			<xmax>295</xmax>
			<ymin>563</ymin>
			<ymax>618</ymax>
		</bndbox>
	</object>
</annotation>
