<annotation>
	<folder></folder>
	<filename>0b13bd3457f7966e154bdab54b9f2db2039f089f_png.rf.a0fb3b968e1ebceb64f1206176815d0b.jpg</filename>
	<path>0b13bd3457f7966e154bdab54b9f2db2039f089f_png.rf.a0fb3b968e1ebceb64f1206176815d0b.jpg</path>
	<source>
		<database>roboflow.ai</database>
	</source>
	<size>
		<width>296</width>
		<height>640</height>
		<depth>3</depth>
	</size>
	<segmented>0</segmented>
	<object>
		<name>Checkboxes</name>
		<pose>Unspecified</pose>
		<truncated>0</truncated>
		<difficult>0</difficult>
		<occluded>0</occluded>
		<bndbox>
			<xmin>255</xmin>
			<xmax>288</xmax>
			<ymin>30</ymin>
			<ymax>64</ymax>
		</bndbox>
	</object>
	<object>
		<name>Buttons</name>
		<pose>Unspecified</pose>
		<truncated>0</truncated>
		<difficult>0</difficult>
		<occluded>0</occluded>
		<bndbox>
			<xmin>146</xmin>
			<xmax>281</xmax>
			<ymin>536</ymin>
			<ymax>572</ymax>
		</bndbox>
	</object>
</annotation>
