<annotation>
	<folder></folder>
	<filename>0b16742b8cb2068ead2dd6756d7cf6ab64097b65_png.rf.44e1a9d102d670c7109e7ef1f175cbe6.jpg</filename>
	<path>0b16742b8cb2068ead2dd6756d7cf6ab64097b65_png.rf.44e1a9d102d670c7109e7ef1f175cbe6.jpg</path>
	<source>
		<database>roboflow.ai</database>
	</source>
	<size>
		<width>296</width>
		<height>640</height>
		<depth>3</depth>
	</size>
	<segmented>0</segmented>
	<object>
		<name>Checkboxes</name>
		<pose>Unspecified</pose>
		<truncated>0</truncated>
		<difficult>0</difficult>
		<occluded>0</occluded>
		<bndbox>
			<xmin>253</xmin>
			<xmax>282</xmax>
			<ymin>261</ymin>
			<ymax>288</ymax>
		</bndbox>
	</object>
	<object>
		<name>Checkboxes</name>
		<pose>Unspecified</pose>
		<truncated>0</truncated>
		<difficult>0</difficult>
		<occluded>0</occluded>
		<bndbox>
			<xmin>251</xmin>
			<xmax>279</xmax>
			<ymin>330</ymin>
			<ymax>358</ymax>
		</bndbox>
	</object>
	<object>
		<name>Radio buttons</name>
		<pose>Unspecified</pose>
		<truncated>0</truncated>
		<difficult>0</difficult>
		<occluded>0</occluded>
		<bndbox>
			<xmin>253</xmin>
			<xmax>280</xmax>
			<ymin>400</ymin>
			<ymax>429</ymax>
		</bndbox>
	</object>
	<object>
		<name>Radio buttons</name>
		<pose>Unspecified</pose>
		<truncated>0</truncated>
		<difficult>0</difficult>
		<occluded>0</occluded>
		<bndbox>
			<xmin>254</xmin>
			<xmax>281</xmax>
			<ymin>470</ymin>
			<ymax>497</ymax>
		</bndbox>
	</object>
	<object>
		<name>Buttons</name>
		<pose>Unspecified</pose>
		<truncated>0</truncated>
		<difficult>0</difficult>
		<occluded>0</occluded>
		<bndbox>
			<xmin>240</xmin>
			<xmax>291</xmax>
			<ymin>35</ymin>
			<ymax>70</ymax>
		</bndbox>
	</object>
	<object>
		<name>Radio buttons</name>
		<pose>Unspecified</pose>
		<truncated>0</truncated>
		<difficult>0</difficult>
		<occluded>0</occluded>
		<bndbox>
			<xmin>254</xmin>
			<xmax>281</xmax>
			<ymin>537</ymin>
			<ymax>567</ymax>
		</bndbox>
	</object>
	<object>
		<name>Radio buttons</name>
		<pose>Unspecified</pose>
		<truncated>0</truncated>
		<difficult>0</difficult>
		<occluded>0</occluded>
		<bndbox>
			<xmin>251</xmin>
			<xmax>281</xmax>
			<ymin>608</ymin>
			<ymax>635</ymax>
		</bndbox>
	</object>
</annotation>
