<annotation>
	<folder></folder>
	<filename>0b1a0b3999a9ed27eacf8af58d3642c606525ba2_png.rf.93f6cb8f60122ee505f4b678e7851550.jpg</filename>
	<path>0b1a0b3999a9ed27eacf8af58d3642c606525ba2_png.rf.93f6cb8f60122ee505f4b678e7851550.jpg</path>
	<source>
		<database>roboflow.ai</database>
	</source>
	<size>
		<width>296</width>
		<height>640</height>
		<depth>3</depth>
	</size>
	<segmented>0</segmented>
	<object>
		<name>Buttons</name>
		<pose>Unspecified</pose>
		<truncated>0</truncated>
		<difficult>0</difficult>
		<occluded>0</occluded>
		<bndbox>
			<xmin>252</xmin>
			<xmax>279</xmax>
			<ymin>491</ymin>
			<ymax>519</ymax>
		</bndbox>
	</object>
	<object>
		<name>Buttons</name>
		<pose>Unspecified</pose>
		<truncated>0</truncated>
		<difficult>0</difficult>
		<occluded>0</occluded>
		<bndbox>
			<xmin>76</xmin>
			<xmax>218</xmax>
			<ymin>43</ymin>
			<ymax>72</ymax>
		</bndbox>
	</object>
	<object>
		<name>Buttons</name>
		<pose>Unspecified</pose>
		<truncated>0</truncated>
		<difficult>0</difficult>
		<occluded>0</occluded>
		<bndbox>
			<xmin>252</xmin>
			<xmax>279</xmax>
			<ymin>134</ymin>
			<ymax>162</ymax>
		</bndbox>
	</object>
</annotation>
