<annotation>
	<folder></folder>
	<filename>0b225a1e3a94d81753648d870576c68d904d2646_png.rf.82b23419a6f1c8d16200ebb558a021cc.jpg</filename>
	<path>0b225a1e3a94d81753648d870576c68d904d2646_png.rf.82b23419a6f1c8d16200ebb558a021cc.jpg</path>
	<source>
		<database>roboflow.ai</database>
	</source>
	<size>
		<width>296</width>
		<height>640</height>
		<depth>3</depth>
	</size>
	<segmented>0</segmented>
	<object>
		<name>Buttons</name>
		<pose>Unspecified</pose>
		<truncated>0</truncated>
		<difficult>0</difficult>
		<occluded>0</occluded>
		<bndbox>
			<xmin>210</xmin>
			<xmax>285</xmax>
			<ymin>563</ymin>
			<ymax>601</ymax>
		</bndbox>
	</object>
</annotation>
