<annotation>
	<folder></folder>
	<filename>0b30eeed99cf291298fceaf12addd379604f9823_png.rf.e51fc80cffaec433227d04c862956e1c.jpg</filename>
	<path>0b30eeed99cf291298fceaf12addd379604f9823_png.rf.e51fc80cffaec433227d04c862956e1c.jpg</path>
	<source>
		<database>roboflow.ai</database>
	</source>
	<size>
		<width>296</width>
		<height>640</height>
		<depth>3</depth>
	</size>
	<segmented>0</segmented>
	<object>
		<name>Buttons</name>
		<pose>Unspecified</pose>
		<truncated>0</truncated>
		<difficult>0</difficult>
		<occluded>0</occluded>
		<bndbox>
			<xmin>246</xmin>
			<xmax>281</xmax>
			<ymin>433</ymin>
			<ymax>470</ymax>
		</bndbox>
	</object>
	<object>
		<name>Buttons</name>
		<pose>Unspecified</pose>
		<truncated>0</truncated>
		<difficult>0</difficult>
		<occluded>0</occluded>
		<bndbox>
			<xmin>217</xmin>
			<xmax>280</xmax>
			<ymin>527</ymin>
			<ymax>554</ymax>
		</bndbox>
	</object>
	<object>
		<name>Buttons</name>
		<pose>Unspecified</pose>
		<truncated>0</truncated>
		<difficult>0</difficult>
		<occluded>0</occluded>
		<bndbox>
			<xmin>191</xmin>
			<xmax>285</xmax>
			<ymin>39</ymin>
			<ymax>73</ymax>
		</bndbox>
	</object>
	<object>
		<name>Buttons</name>
		<pose>Unspecified</pose>
		<truncated>0</truncated>
		<difficult>0</difficult>
		<occluded>0</occluded>
		<bndbox>
			<xmin>12</xmin>
			<xmax>284</xmax>
			<ymin>560</ymin>
			<ymax>605</ymax>
		</bndbox>
	</object>
</annotation>
