<annotation>
	<folder></folder>
	<filename>0b3dc9e4fc0f4573e978b8fa68981af9793a3684_png.rf.1e1e9ae453ea42eb4f67182830be58f2.jpg</filename>
	<path>0b3dc9e4fc0f4573e978b8fa68981af9793a3684_png.rf.1e1e9ae453ea42eb4f67182830be58f2.jpg</path>
	<source>
		<database>roboflow.ai</database>
	</source>
	<size>
		<width>296</width>
		<height>640</height>
		<depth>3</depth>
	</size>
	<segmented>0</segmented>
	<object>
		<name>Buttons</name>
		<pose>Unspecified</pose>
		<truncated>0</truncated>
		<difficult>0</difficult>
		<occluded>0</occluded>
		<bndbox>
			<xmin>15</xmin>
			<xmax>150</xmax>
			<ymin>198</ymin>
			<ymax>286</ymax>
		</bndbox>
	</object>
	<object>
		<name>Buttons</name>
		<pose>Unspecified</pose>
		<truncated>0</truncated>
		<difficult>0</difficult>
		<occluded>0</occluded>
		<bndbox>
			<xmin>151</xmin>
			<xmax>286</xmax>
			<ymin>198</ymin>
			<ymax>286</ymax>
		</bndbox>
	</object>
</annotation>
