<annotation>
	<folder></folder>
	<filename>0b428b477c41bae45a440a966eba17d97e6f5e87_png.rf.ce6b31c0597bd44179105a5e1f12833b.jpg</filename>
	<path>0b428b477c41bae45a440a966eba17d97e6f5e87_png.rf.ce6b31c0597bd44179105a5e1f12833b.jpg</path>
	<source>
		<database>roboflow.ai</database>
	</source>
	<size>
		<width>296</width>
		<height>640</height>
		<depth>3</depth>
	</size>
	<segmented>0</segmented>
	<object>
		<name>Buttons</name>
		<pose>Unspecified</pose>
		<truncated>0</truncated>
		<difficult>0</difficult>
		<occluded>0</occluded>
		<bndbox>
			<xmin>73</xmin>
			<xmax>146</xmax>
			<ymin>379</ymin>
			<ymax>409</ymax>
		</bndbox>
	</object>
	<object>
		<name>Buttons</name>
		<pose>Unspecified</pose>
		<truncated>0</truncated>
		<difficult>0</difficult>
		<occluded>0</occluded>
		<bndbox>
			<xmin>11</xmin>
			<xmax>138</xmax>
			<ymin>494</ymin>
			<ymax>529</ymax>
		</bndbox>
	</object>
	<object>
		<name>Buttons</name>
		<pose>Unspecified</pose>
		<truncated>0</truncated>
		<difficult>0</difficult>
		<occluded>0</occluded>
		<bndbox>
			<xmin>243</xmin>
			<xmax>292</xmax>
			<ymin>76</ymin>
			<ymax>114</ymax>
		</bndbox>
	</object>
</annotation>
