<annotation>
	<folder></folder>
	<filename>0b4fd1362e9496c2c21b2c15cd52edbc3f23236c_png.rf.64adeb82649bbf6b640a7f8296c9d259.jpg</filename>
	<path>0b4fd1362e9496c2c21b2c15cd52edbc3f23236c_png.rf.64adeb82649bbf6b640a7f8296c9d259.jpg</path>
	<source>
		<database>roboflow.ai</database>
	</source>
	<size>
		<width>296</width>
		<height>640</height>
		<depth>3</depth>
	</size>
	<segmented>0</segmented>
	<object>
		<name>Buttons</name>
		<pose>Unspecified</pose>
		<truncated>0</truncated>
		<difficult>0</difficult>
		<occluded>0</occluded>
		<bndbox>
			<xmin>20</xmin>
			<xmax>279</xmax>
			<ymin>548</ymin>
			<ymax>593</ymax>
		</bndbox>
	</object>
	<object>
		<name>Buttons</name>
		<pose>Unspecified</pose>
		<truncated>0</truncated>
		<difficult>0</difficult>
		<occluded>0</occluded>
		<bndbox>
			<xmin>19</xmin>
			<xmax>279</xmax>
			<ymin>508</ymin>
			<ymax>549</ymax>
		</bndbox>
	</object>
	<object>
		<name>Buttons</name>
		<pose>Unspecified</pose>
		<truncated>0</truncated>
		<difficult>0</difficult>
		<occluded>0</occluded>
		<bndbox>
			<xmin>18</xmin>
			<xmax>279</xmax>
			<ymin>461</ymin>
			<ymax>503</ymax>
		</bndbox>
	</object>
</annotation>
