<annotation>
	<folder></folder>
	<filename>0b53ecfd7b7d228c7341c12577ecd307dc9d8a91_png.rf.c738e564e4f75f8f03849a2d43b357a3.jpg</filename>
	<path>0b53ecfd7b7d228c7341c12577ecd307dc9d8a91_png.rf.c738e564e4f75f8f03849a2d43b357a3.jpg</path>
	<source>
		<database>roboflow.ai</database>
	</source>
	<size>
		<width>296</width>
		<height>640</height>
		<depth>3</depth>
	</size>
	<segmented>0</segmented>
	<object>
		<name>Buttons</name>
		<pose>Unspecified</pose>
		<truncated>0</truncated>
		<difficult>0</difficult>
		<occluded>0</occluded>
		<bndbox>
			<xmin>109</xmin>
			<xmax>186</xmax>
			<ymin>483</ymin>
			<ymax>513</ymax>
		</bndbox>
	</object>
	<object>
		<name>Buttons</name>
		<pose>Unspecified</pose>
		<truncated>0</truncated>
		<difficult>0</difficult>
		<occluded>0</occluded>
		<bndbox>
			<xmin>110</xmin>
			<xmax>186</xmax>
			<ymin>280</ymin>
			<ymax>308</ymax>
		</bndbox>
	</object>
</annotation>
