<annotation>
	<folder></folder>
	<filename>0b6f3d7a2554811b72c93e07f2d76aac94053eb0_png.rf.6ff335ae202095e3484429a0abbc6cee.jpg</filename>
	<path>0b6f3d7a2554811b72c93e07f2d76aac94053eb0_png.rf.6ff335ae202095e3484429a0abbc6cee.jpg</path>
	<source>
		<database>roboflow.ai</database>
	</source>
	<size>
		<width>296</width>
		<height>640</height>
		<depth>3</depth>
	</size>
	<segmented>0</segmented>
	<object>
		<name>Buttons</name>
		<pose>Unspecified</pose>
		<truncated>0</truncated>
		<difficult>0</difficult>
		<occluded>0</occluded>
		<bndbox>
			<xmin>241</xmin>
			<xmax>291</xmax>
			<ymin>617</ymin>
			<ymax>637</ymax>
		</bndbox>
	</object>
	<object>
		<name>Buttons</name>
		<pose>Unspecified</pose>
		<truncated>0</truncated>
		<difficult>0</difficult>
		<occluded>0</occluded>
		<bndbox>
			<xmin>9</xmin>
			<xmax>287</xmax>
			<ymin>224</ymin>
			<ymax>285</ymax>
		</bndbox>
	</object>
</annotation>
