<annotation>
	<folder></folder>
	<filename>0b72aedb45d328681e8ee7bf26a372b0f2cfefc2_png.rf.f9f712ea501c2d87ab5bde2a5c1d5d95.jpg</filename>
	<path>0b72aedb45d328681e8ee7bf26a372b0f2cfefc2_png.rf.f9f712ea501c2d87ab5bde2a5c1d5d95.jpg</path>
	<source>
		<database>roboflow.ai</database>
	</source>
	<size>
		<width>296</width>
		<height>640</height>
		<depth>3</depth>
	</size>
	<segmented>0</segmented>
	<object>
		<name>Buttons</name>
		<pose>Unspecified</pose>
		<truncated>0</truncated>
		<difficult>0</difficult>
		<occluded>0</occluded>
		<bndbox>
			<xmin>219</xmin>
			<xmax>289</xmax>
			<ymin>38</ymin>
			<ymax>84</ymax>
		</bndbox>
	</object>
</annotation>
