<annotation>
	<folder></folder>
	<filename>0b7a2dee1c2d43216cc66f59f7dab9ececb2bfcf_png.rf.a1ce7d10dcd701675576be9074e585ac.jpg</filename>
	<path>0b7a2dee1c2d43216cc66f59f7dab9ececb2bfcf_png.rf.a1ce7d10dcd701675576be9074e585ac.jpg</path>
	<source>
		<database>roboflow.ai</database>
	</source>
	<size>
		<width>296</width>
		<height>640</height>
		<depth>3</depth>
	</size>
	<segmented>0</segmented>
	<object>
		<name>Checkboxes</name>
		<pose>Unspecified</pose>
		<truncated>0</truncated>
		<difficult>0</difficult>
		<occluded>0</occluded>
		<bndbox>
			<xmin>12</xmin>
			<xmax>43</xmax>
			<ymin>285</ymin>
			<ymax>315</ymax>
		</bndbox>
	</object>
	<object>
		<name>Buttons</name>
		<pose>Unspecified</pose>
		<truncated>0</truncated>
		<difficult>0</difficult>
		<occluded>0</occluded>
		<bndbox>
			<xmin>3</xmin>
			<xmax>67</xmax>
			<ymin>37</ymin>
			<ymax>66</ymax>
		</bndbox>
	</object>
	<object>
		<name>Buttons</name>
		<pose>Unspecified</pose>
		<truncated>0</truncated>
		<difficult>0</difficult>
		<occluded>0</occluded>
		<bndbox>
			<xmin>246</xmin>
			<xmax>290</xmax>
			<ymin>36</ymin>
			<ymax>66</ymax>
		</bndbox>
	</object>
	<object>
		<name>Text Fields</name>
		<pose>Unspecified</pose>
		<truncated>0</truncated>
		<difficult>0</difficult>
		<occluded>0</occluded>
		<bndbox>
			<xmin>7</xmin>
			<xmax>286</xmax>
			<ymin>72</ymin>
			<ymax>122</ymax>
		</bndbox>
	</object>
	<object>
		<name>Buttons</name>
		<pose>Unspecified</pose>
		<truncated>0</truncated>
		<difficult>0</difficult>
		<occluded>0</occluded>
		<bndbox>
			<xmin>14</xmin>
			<xmax>94</xmax>
			<ymin>134</ymin>
			<ymax>215</ymax>
		</bndbox>
	</object>
	<object>
		<name>Text Fields</name>
		<pose>Unspecified</pose>
		<truncated>0</truncated>
		<difficult>0</difficult>
		<occluded>0</occluded>
		<bndbox>
			<xmin>10</xmin>
			<xmax>283</xmax>
			<ymin>227</ymin>
			<ymax>276</ymax>
		</bndbox>
	</object>
</annotation>
