<annotation>
	<folder></folder>
	<filename>0b7b24d211d9e67c804b513336e181e9d4b5594b_png.rf.23694bcc0338c318a25804b443b8d50b.jpg</filename>
	<path>0b7b24d211d9e67c804b513336e181e9d4b5594b_png.rf.23694bcc0338c318a25804b443b8d50b.jpg</path>
	<source>
		<database>roboflow.ai</database>
	</source>
	<size>
		<width>296</width>
		<height>640</height>
		<depth>3</depth>
	</size>
	<segmented>0</segmented>
	<object>
		<name>Buttons</name>
		<pose>Unspecified</pose>
		<truncated>0</truncated>
		<difficult>0</difficult>
		<occluded>0</occluded>
		<bndbox>
			<xmin>9</xmin>
			<xmax>78</xmax>
			<ymin>56</ymin>
			<ymax>88</ymax>
		</bndbox>
	</object>
</annotation>
