<annotation>
	<folder></folder>
	<filename>0b898acef3269e76b55b34e2afe1f6fe3f3a99e0_png.rf.a673fd094338ce8b8a66641c5c490b91.jpg</filename>
	<path>0b898acef3269e76b55b34e2afe1f6fe3f3a99e0_png.rf.a673fd094338ce8b8a66641c5c490b91.jpg</path>
	<source>
		<database>roboflow.ai</database>
	</source>
	<size>
		<width>296</width>
		<height>640</height>
		<depth>3</depth>
	</size>
	<segmented>0</segmented>
	<object>
		<name>Buttons</name>
		<pose>Unspecified</pose>
		<truncated>0</truncated>
		<difficult>0</difficult>
		<occluded>0</occluded>
		<bndbox>
			<xmin>166</xmin>
			<xmax>288</xmax>
			<ymin>146</ymin>
			<ymax>185</ymax>
		</bndbox>
	</object>
</annotation>
