<annotation>
	<folder></folder>
	<filename>0b945534b21aac966a9e6893b791695a46a7efa3_png.rf.1c974c7315e0a5e2510680f3a95faf4e.jpg</filename>
	<path>0b945534b21aac966a9e6893b791695a46a7efa3_png.rf.1c974c7315e0a5e2510680f3a95faf4e.jpg</path>
	<source>
		<database>roboflow.ai</database>
	</source>
	<size>
		<width>296</width>
		<height>640</height>
		<depth>3</depth>
	</size>
	<segmented>0</segmented>
	<object>
		<name>Sliders</name>
		<pose>Unspecified</pose>
		<truncated>0</truncated>
		<difficult>0</difficult>
		<occluded>0</occluded>
		<bndbox>
			<xmin>14</xmin>
			<xmax>285</xmax>
			<ymin>513</ymin>
			<ymax>565</ymax>
		</bndbox>
	</object>
</annotation>
