<annotation>
	<folder></folder>
	<filename>0ba2bdfcfd36ea3144cc790afe49c6fa6ce0087b_png.rf.f283e5b5775b9197717face5c6217ea4.jpg</filename>
	<path>0ba2bdfcfd36ea3144cc790afe49c6fa6ce0087b_png.rf.f283e5b5775b9197717face5c6217ea4.jpg</path>
	<source>
		<database>roboflow.ai</database>
	</source>
	<size>
		<width>296</width>
		<height>640</height>
		<depth>3</depth>
	</size>
	<segmented>0</segmented>
	<object>
		<name>Buttons</name>
		<pose>Unspecified</pose>
		<truncated>0</truncated>
		<difficult>0</difficult>
		<occluded>0</occluded>
		<bndbox>
			<xmin>5</xmin>
			<xmax>68</xmax>
			<ymin>34</ymin>
			<ymax>71</ymax>
		</bndbox>
	</object>
</annotation>
