<annotation>
	<folder></folder>
	<filename>0bbad80c2aeac672c7dc3c7ce458dc382d743a49_png.rf.8c7985da06ff9bbef873f80727fd3c44.jpg</filename>
	<path>0bbad80c2aeac672c7dc3c7ce458dc382d743a49_png.rf.8c7985da06ff9bbef873f80727fd3c44.jpg</path>
	<source>
		<database>roboflow.ai</database>
	</source>
	<size>
		<width>296</width>
		<height>640</height>
		<depth>3</depth>
	</size>
	<segmented>0</segmented>
	<object>
		<name>Text Fields</name>
		<pose>Unspecified</pose>
		<truncated>0</truncated>
		<difficult>0</difficult>
		<occluded>0</occluded>
		<bndbox>
			<xmin>10</xmin>
			<xmax>284</xmax>
			<ymin>85</ymin>
			<ymax>137</ymax>
		</bndbox>
	</object>
	<object>
		<name>Buttons</name>
		<pose>Unspecified</pose>
		<truncated>0</truncated>
		<difficult>0</difficult>
		<occluded>0</occluded>
		<bndbox>
			<xmin>50</xmin>
			<xmax>247</xmax>
			<ymin>203</ymin>
			<ymax>253</ymax>
		</bndbox>
	</object>
</annotation>
