<annotation>
	<folder></folder>
	<filename>0bbf7f35a925e8c25fcbec767c34233746c8dedf_png.rf.3ff2715d06c6928f142a601a57cb8534.jpg</filename>
	<path>0bbf7f35a925e8c25fcbec767c34233746c8dedf_png.rf.3ff2715d06c6928f142a601a57cb8534.jpg</path>
	<source>
		<database>roboflow.ai</database>
	</source>
	<size>
		<width>296</width>
		<height>640</height>
		<depth>3</depth>
	</size>
	<segmented>0</segmented>
	<object>
		<name>Buttons</name>
		<pose>Unspecified</pose>
		<truncated>0</truncated>
		<difficult>0</difficult>
		<occluded>0</occluded>
		<bndbox>
			<xmin>3</xmin>
			<xmax>62</xmax>
			<ymin>37</ymin>
			<ymax>65</ymax>
		</bndbox>
	</object>
	<object>
		<name>Buttons</name>
		<pose>Unspecified</pose>
		<truncated>0</truncated>
		<difficult>0</difficult>
		<occluded>0</occluded>
		<bndbox>
			<xmin>245</xmin>
			<xmax>292</xmax>
			<ymin>37</ymin>
			<ymax>65</ymax>
		</bndbox>
	</object>
</annotation>
