<annotation>
	<folder></folder>
	<filename>0bd47aaa95c63680586c4d4d072b1d252b3c7b19_png.rf.d25b0ac15abfe34811449f0a3972105f.jpg</filename>
	<path>0bd47aaa95c63680586c4d4d072b1d252b3c7b19_png.rf.d25b0ac15abfe34811449f0a3972105f.jpg</path>
	<source>
		<database>roboflow.ai</database>
	</source>
	<size>
		<width>296</width>
		<height>640</height>
		<depth>3</depth>
	</size>
	<segmented>0</segmented>
	<object>
		<name>Buttons</name>
		<pose>Unspecified</pose>
		<truncated>0</truncated>
		<difficult>0</difficult>
		<occluded>0</occluded>
		<bndbox>
			<xmin>97</xmin>
			<xmax>195</xmax>
			<ymin>548</ymin>
			<ymax>583</ymax>
		</bndbox>
	</object>
	<object>
		<name>Buttons</name>
		<pose>Unspecified</pose>
		<truncated>0</truncated>
		<difficult>0</difficult>
		<occluded>0</occluded>
		<bndbox>
			<xmin>52</xmin>
			<xmax>243</xmax>
			<ymin>484</ymin>
			<ymax>539</ymax>
		</bndbox>
	</object>
</annotation>
