<annotation>
	<folder></folder>
	<filename>0be3788e1e3e9fb0e9a6085dd9d1f2f1ba2032ee_png.rf.a1b590d81c81c1710e3557b1ac1b9f8d.jpg</filename>
	<path>0be3788e1e3e9fb0e9a6085dd9d1f2f1ba2032ee_png.rf.a1b590d81c81c1710e3557b1ac1b9f8d.jpg</path>
	<source>
		<database>roboflow.ai</database>
	</source>
	<size>
		<width>296</width>
		<height>640</height>
		<depth>3</depth>
	</size>
	<segmented>0</segmented>
	<object>
		<name>Checkboxes</name>
		<pose>Unspecified</pose>
		<truncated>0</truncated>
		<difficult>0</difficult>
		<occluded>0</occluded>
		<bndbox>
			<xmin>242</xmin>
			<xmax>283</xmax>
			<ymin>428</ymin>
			<ymax>462</ymax>
		</bndbox>
	</object>
</annotation>
