<annotation>
	<folder></folder>
	<filename>0be61d3a77dae21fe382b6dcaff24e60ba9b2b2d_png.rf.29385a552b6b56dcd4d5dfde5ed952fb.jpg</filename>
	<path>0be61d3a77dae21fe382b6dcaff24e60ba9b2b2d_png.rf.29385a552b6b56dcd4d5dfde5ed952fb.jpg</path>
	<source>
		<database>roboflow.ai</database>
	</source>
	<size>
		<width>296</width>
		<height>640</height>
		<depth>3</depth>
	</size>
	<segmented>0</segmented>
	<object>
		<name>Buttons</name>
		<pose>Unspecified</pose>
		<truncated>0</truncated>
		<difficult>0</difficult>
		<occluded>0</occluded>
		<bndbox>
			<xmin>95</xmin>
			<xmax>202</xmax>
			<ymin>411</ymin>
			<ymax>440</ymax>
		</bndbox>
	</object>
	<object>
		<name>Buttons</name>
		<pose>Unspecified</pose>
		<truncated>0</truncated>
		<difficult>0</difficult>
		<occluded>0</occluded>
		<bndbox>
			<xmin>99</xmin>
			<xmax>204</xmax>
			<ymin>578</ymin>
			<ymax>613</ymax>
		</bndbox>
	</object>
</annotation>
