<annotation>
	<folder></folder>
	<filename>0be79d8334c8e219a6e7996533fac6e66d3180e8_png.rf.284bc3066a8318e2836810b87a1bc49c.jpg</filename>
	<path>0be79d8334c8e219a6e7996533fac6e66d3180e8_png.rf.284bc3066a8318e2836810b87a1bc49c.jpg</path>
	<source>
		<database>roboflow.ai</database>
	</source>
	<size>
		<width>296</width>
		<height>640</height>
		<depth>3</depth>
	</size>
	<segmented>0</segmented>
	<object>
		<name>Buttons</name>
		<pose>Unspecified</pose>
		<truncated>0</truncated>
		<difficult>0</difficult>
		<occluded>0</occluded>
		<bndbox>
			<xmin>39</xmin>
			<xmax>113</xmax>
			<ymin>590</ymin>
			<ymax>626</ymax>
		</bndbox>
	</object>
	<object>
		<name>Buttons</name>
		<pose>Unspecified</pose>
		<truncated>0</truncated>
		<difficult>0</difficult>
		<occluded>0</occluded>
		<bndbox>
			<xmin>189</xmin>
			<xmax>255</xmax>
			<ymin>591</ymin>
			<ymax>626</ymax>
		</bndbox>
	</object>
</annotation>
