<annotation>
	<folder></folder>
	<filename>0be8316fec35f6e7ac030c662dbf9e385503db85_png.rf.f43ec4a2584a51cd45ebf6e183cfad2f.jpg</filename>
	<path>0be8316fec35f6e7ac030c662dbf9e385503db85_png.rf.f43ec4a2584a51cd45ebf6e183cfad2f.jpg</path>
	<source>
		<database>roboflow.ai</database>
	</source>
	<size>
		<width>296</width>
		<height>640</height>
		<depth>3</depth>
	</size>
	<segmented>0</segmented>
	<object>
		<name>Buttons</name>
		<pose>Unspecified</pose>
		<truncated>0</truncated>
		<difficult>0</difficult>
		<occluded>0</occluded>
		<bndbox>
			<xmin>174</xmin>
			<xmax>201</xmax>
			<ymin>571</ymin>
			<ymax>603</ymax>
		</bndbox>
	</object>
	<object>
		<name>Buttons</name>
		<pose>Unspecified</pose>
		<truncated>0</truncated>
		<difficult>0</difficult>
		<occluded>0</occluded>
		<bndbox>
			<xmin>208</xmin>
			<xmax>237</xmax>
			<ymin>572</ymin>
			<ymax>604</ymax>
		</bndbox>
	</object>
	<object>
		<name>Buttons</name>
		<pose>Unspecified</pose>
		<truncated>0</truncated>
		<difficult>0</difficult>
		<occluded>0</occluded>
		<bndbox>
			<xmin>3</xmin>
			<xmax>68</xmax>
			<ymin>571</ymin>
			<ymax>606</ymax>
		</bndbox>
	</object>
	<object>
		<name>Buttons</name>
		<pose>Unspecified</pose>
		<truncated>0</truncated>
		<difficult>0</difficult>
		<occluded>0</occluded>
		<bndbox>
			<xmin>120</xmin>
			<xmax>173</xmax>
			<ymin>571</ymin>
			<ymax>606</ymax>
		</bndbox>
	</object>
	<object>
		<name>Buttons</name>
		<pose>Unspecified</pose>
		<truncated>0</truncated>
		<difficult>0</difficult>
		<occluded>0</occluded>
		<bndbox>
			<xmin>246</xmin>
			<xmax>285</xmax>
			<ymin>573</ymin>
			<ymax>605</ymax>
		</bndbox>
	</object>
</annotation>
