<annotation>
	<folder></folder>
	<filename>0befd46f235141383a1df8f84eab008ab5a0e86b_png.rf.92ab9d1129697e3a65c687100201e291.jpg</filename>
	<path>0befd46f235141383a1df8f84eab008ab5a0e86b_png.rf.92ab9d1129697e3a65c687100201e291.jpg</path>
	<source>
		<database>roboflow.ai</database>
	</source>
	<size>
		<width>296</width>
		<height>640</height>
		<depth>3</depth>
	</size>
	<segmented>0</segmented>
	<object>
		<name>Buttons</name>
		<pose>Unspecified</pose>
		<truncated>0</truncated>
		<difficult>0</difficult>
		<occluded>0</occluded>
		<bndbox>
			<xmin>113</xmin>
			<xmax>184</xmax>
			<ymin>342</ymin>
			<ymax>374</ymax>
		</bndbox>
	</object>
	<object>
		<name>Buttons</name>
		<pose>Unspecified</pose>
		<truncated>0</truncated>
		<difficult>0</difficult>
		<occluded>0</occluded>
		<bndbox>
			<xmin>40</xmin>
			<xmax>106</xmax>
			<ymin>39</ymin>
			<ymax>70</ymax>
		</bndbox>
	</object>
	<object>
		<name>Buttons</name>
		<pose>Unspecified</pose>
		<truncated>0</truncated>
		<difficult>0</difficult>
		<occluded>0</occluded>
		<bndbox>
			<xmin>110</xmin>
			<xmax>181</xmax>
			<ymin>39</ymin>
			<ymax>69</ymax>
		</bndbox>
	</object>
</annotation>
