<annotation>
	<folder></folder>
	<filename>0bf4ba85adfea83d83d345872388b8bf64dc4eb2_png.rf.dea4ff23b3f7ddce40235e6019b21697.jpg</filename>
	<path>0bf4ba85adfea83d83d345872388b8bf64dc4eb2_png.rf.dea4ff23b3f7ddce40235e6019b21697.jpg</path>
	<source>
		<database>roboflow.ai</database>
	</source>
	<size>
		<width>296</width>
		<height>640</height>
		<depth>3</depth>
	</size>
	<segmented>0</segmented>
	<object>
		<name>Switches</name>
		<pose>Unspecified</pose>
		<truncated>0</truncated>
		<difficult>0</difficult>
		<occluded>0</occluded>
		<bndbox>
			<xmin>240</xmin>
			<xmax>285</xmax>
			<ymin>163</ymin>
			<ymax>196</ymax>
		</bndbox>
	</object>
</annotation>
