<annotation>
	<folder></folder>
	<filename>0bf603b0a9aa7783eb01f32f6ba4931cd67ba20d_png.rf.28968a1bbcd11bac8436b85b9deaa220.jpg</filename>
	<path>0bf603b0a9aa7783eb01f32f6ba4931cd67ba20d_png.rf.28968a1bbcd11bac8436b85b9deaa220.jpg</path>
	<source>
		<database>roboflow.ai</database>
	</source>
	<size>
		<width>296</width>
		<height>640</height>
		<depth>3</depth>
	</size>
	<segmented>0</segmented>
	<object>
		<name>Text Fields</name>
		<pose>Unspecified</pose>
		<truncated>0</truncated>
		<difficult>0</difficult>
		<occluded>0</occluded>
		<bndbox>
			<xmin>8</xmin>
			<xmax>288</xmax>
			<ymin>77</ymin>
			<ymax>109</ymax>
		</bndbox>
	</object>
	<object>
		<name>Buttons</name>
		<pose>Unspecified</pose>
		<truncated>0</truncated>
		<difficult>0</difficult>
		<occluded>0</occluded>
		<bndbox>
			<xmin>4</xmin>
			<xmax>62</xmax>
			<ymin>38</ymin>
			<ymax>69</ymax>
		</bndbox>
	</object>
	<object>
		<name>Buttons</name>
		<pose>Unspecified</pose>
		<truncated>0</truncated>
		<difficult>0</difficult>
		<occluded>0</occluded>
		<bndbox>
			<xmin>243</xmin>
			<xmax>293</xmax>
			<ymin>37</ymin>
			<ymax>68</ymax>
		</bndbox>
	</object>
</annotation>
