<annotation>
	<folder></folder>
	<filename>0bf6ae6566e3125645a2f9c037187bb11efa8691_png.rf.6eb6c8fa8860934f352f014eddcb9733.jpg</filename>
	<path>0bf6ae6566e3125645a2f9c037187bb11efa8691_png.rf.6eb6c8fa8860934f352f014eddcb9733.jpg</path>
	<source>
		<database>roboflow.ai</database>
	</source>
	<size>
		<width>296</width>
		<height>640</height>
		<depth>3</depth>
	</size>
	<segmented>0</segmented>
	<object>
		<name>Buttons</name>
		<pose>Unspecified</pose>
		<truncated>0</truncated>
		<difficult>0</difficult>
		<occluded>0</occluded>
		<bndbox>
			<xmin>13</xmin>
			<xmax>281</xmax>
			<ymin>567</ymin>
			<ymax>604</ymax>
		</bndbox>
	</object>
	<object>
		<name>Buttons</name>
		<pose>Unspecified</pose>
		<truncated>0</truncated>
		<difficult>0</difficult>
		<occluded>0</occluded>
		<bndbox>
			<xmin>16</xmin>
			<xmax>282</xmax>
			<ymin>532</ymin>
			<ymax>565</ymax>
		</bndbox>
	</object>
</annotation>
