<annotation>
	<folder></folder>
	<filename>0bf74ccc5eca95f35c89c89d79785a1ff4a83262_png.rf.76926319e7a2a124907c8273ad8e0da5.jpg</filename>
	<path>0bf74ccc5eca95f35c89c89d79785a1ff4a83262_png.rf.76926319e7a2a124907c8273ad8e0da5.jpg</path>
	<source>
		<database>roboflow.ai</database>
	</source>
	<size>
		<width>296</width>
		<height>640</height>
		<depth>3</depth>
	</size>
	<segmented>0</segmented>
	<object>
		<name>FAB -Floating Action Button-</name>
		<pose>Unspecified</pose>
		<truncated>0</truncated>
		<difficult>0</difficult>
		<occluded>0</occluded>
		<bndbox>
			<xmin>4</xmin>
			<xmax>50</xmax>
			<ymin>530</ymin>
			<ymax>571</ymax>
		</bndbox>
	</object>
	<object>
		<name>FAB -Floating Action Button-</name>
		<pose>Unspecified</pose>
		<truncated>0</truncated>
		<difficult>0</difficult>
		<occluded>0</occluded>
		<bndbox>
			<xmin>3</xmin>
			<xmax>50</xmax>
			<ymin>485</ymin>
			<ymax>528</ymax>
		</bndbox>
	</object>
	<object>
		<name>FAB -Floating Action Button-</name>
		<pose>Unspecified</pose>
		<truncated>0</truncated>
		<difficult>0</difficult>
		<occluded>0</occluded>
		<bndbox>
			<xmin>5</xmin>
			<xmax>47</xmax>
			<ymin>440</ymin>
			<ymax>483</ymax>
		</bndbox>
	</object>
	<object>
		<name>Buttons</name>
		<pose>Unspecified</pose>
		<truncated>0</truncated>
		<difficult>0</difficult>
		<occluded>0</occluded>
		<bndbox>
			<xmin>242</xmin>
			<xmax>290</xmax>
			<ymin>42</ymin>
			<ymax>73</ymax>
		</bndbox>
	</object>
	<object>
		<name>Buttons</name>
		<pose>Unspecified</pose>
		<truncated>0</truncated>
		<difficult>0</difficult>
		<occluded>0</occluded>
		<bndbox>
			<xmin>94</xmin>
			<xmax>205</xmax>
			<ymin>364</ymin>
			<ymax>390</ymax>
		</bndbox>
	</object>
</annotation>
