<annotation>
	<folder></folder>
	<filename>0c0910457231e9f7902efc6a93aab9e9c39ca5c4_png.rf.514865c837f8e7842e528316b58d0d9d.jpg</filename>
	<path>0c0910457231e9f7902efc6a93aab9e9c39ca5c4_png.rf.514865c837f8e7842e528316b58d0d9d.jpg</path>
	<source>
		<database>roboflow.ai</database>
	</source>
	<size>
		<width>296</width>
		<height>640</height>
		<depth>3</depth>
	</size>
	<segmented>0</segmented>
	<object>
		<name>Buttons</name>
		<pose>Unspecified</pose>
		<truncated>0</truncated>
		<difficult>0</difficult>
		<occluded>0</occluded>
		<bndbox>
			<xmin>12</xmin>
			<xmax>81</xmax>
			<ymin>46</ymin>
			<ymax>87</ymax>
		</bndbox>
	</object>
</annotation>
