<annotation>
	<folder></folder>
	<filename>0c10250308239043d3594cd54b1abe7ee74fab50_png.rf.5908ed730bc744e9983bb4d307832360.jpg</filename>
	<path>0c10250308239043d3594cd54b1abe7ee74fab50_png.rf.5908ed730bc744e9983bb4d307832360.jpg</path>
	<source>
		<database>roboflow.ai</database>
	</source>
	<size>
		<width>296</width>
		<height>640</height>
		<depth>3</depth>
	</size>
	<segmented>0</segmented>
	<object>
		<name>Buttons</name>
		<pose>Unspecified</pose>
		<truncated>0</truncated>
		<difficult>0</difficult>
		<occluded>0</occluded>
		<bndbox>
			<xmin>11</xmin>
			<xmax>288</xmax>
			<ymin>498</ymin>
			<ymax>543</ymax>
		</bndbox>
	</object>
	<object>
		<name>Switches</name>
		<pose>Unspecified</pose>
		<truncated>0</truncated>
		<difficult>0</difficult>
		<occluded>0</occluded>
		<bndbox>
			<xmin>245</xmin>
			<xmax>289</xmax>
			<ymin>186</ymin>
			<ymax>215</ymax>
		</bndbox>
	</object>
</annotation>
