<annotation>
	<folder></folder>
	<filename>0c12e6ec588419a4efbf89fdfb74cc1fcc779d7e_png.rf.307ba884e0213cc562201e0be4aeec22.jpg</filename>
	<path>0c12e6ec588419a4efbf89fdfb74cc1fcc779d7e_png.rf.307ba884e0213cc562201e0be4aeec22.jpg</path>
	<source>
		<database>roboflow.ai</database>
	</source>
	<size>
		<width>296</width>
		<height>640</height>
		<depth>3</depth>
	</size>
	<segmented>0</segmented>
	<object>
		<name>Buttons</name>
		<pose>Unspecified</pose>
		<truncated>0</truncated>
		<difficult>0</difficult>
		<occluded>0</occluded>
		<bndbox>
			<xmin>5</xmin>
			<xmax>289</xmax>
			<ymin>169</ymin>
			<ymax>231</ymax>
		</bndbox>
	</object>
</annotation>
