<annotation>
	<folder></folder>
	<filename>0c1c9312059b2608ed41bd866e1364aa33abe949_png.rf.b2487a922347e40afcb0691a336df69f.jpg</filename>
	<path>0c1c9312059b2608ed41bd866e1364aa33abe949_png.rf.b2487a922347e40afcb0691a336df69f.jpg</path>
	<source>
		<database>roboflow.ai</database>
	</source>
	<size>
		<width>296</width>
		<height>640</height>
		<depth>3</depth>
	</size>
	<segmented>0</segmented>
	<object>
		<name>Buttons</name>
		<pose>Unspecified</pose>
		<truncated>0</truncated>
		<difficult>0</difficult>
		<occluded>0</occluded>
		<bndbox>
			<xmin>188</xmin>
			<xmax>223</xmax>
			<ymin>566</ymin>
			<ymax>602</ymax>
		</bndbox>
	</object>
	<object>
		<name>Buttons</name>
		<pose>Unspecified</pose>
		<truncated>0</truncated>
		<difficult>0</difficult>
		<occluded>0</occluded>
		<bndbox>
			<xmin>124</xmin>
			<xmax>172</xmax>
			<ymin>562</ymin>
			<ymax>609</ymax>
		</bndbox>
	</object>
	<object>
		<name>Buttons</name>
		<pose>Unspecified</pose>
		<truncated>0</truncated>
		<difficult>0</difficult>
		<occluded>0</occluded>
		<bndbox>
			<xmin>71</xmin>
			<xmax>112</xmax>
			<ymin>568</ymin>
			<ymax>607</ymax>
		</bndbox>
	</object>
</annotation>
