<annotation>
	<folder></folder>
	<filename>0c202df18b4351eaad28d00ed31fd34a5ab4f57a_png.rf.5df53a0bded56b0bbe38ae09bb991c0c.jpg</filename>
	<path>0c202df18b4351eaad28d00ed31fd34a5ab4f57a_png.rf.5df53a0bded56b0bbe38ae09bb991c0c.jpg</path>
	<source>
		<database>roboflow.ai</database>
	</source>
	<size>
		<width>296</width>
		<height>640</height>
		<depth>3</depth>
	</size>
	<segmented>0</segmented>
	<object>
		<name>Buttons</name>
		<pose>Unspecified</pose>
		<truncated>0</truncated>
		<difficult>0</difficult>
		<occluded>0</occluded>
		<bndbox>
			<xmin>7</xmin>
			<xmax>42</xmax>
			<ymin>41</ymin>
			<ymax>78</ymax>
		</bndbox>
	</object>
	<object>
		<name>Buttons</name>
		<pose>Unspecified</pose>
		<truncated>0</truncated>
		<difficult>0</difficult>
		<occluded>0</occluded>
		<bndbox>
			<xmin>213</xmin>
			<xmax>268</xmax>
			<ymin>583</ymin>
			<ymax>608</ymax>
		</bndbox>
	</object>
	<object>
		<name>Buttons</name>
		<pose>Unspecified</pose>
		<truncated>0</truncated>
		<difficult>0</difficult>
		<occluded>0</occluded>
		<bndbox>
			<xmin>50</xmin>
			<xmax>245</xmax>
			<ymin>93</ymin>
			<ymax>125</ymax>
		</bndbox>
	</object>
</annotation>
