<annotation>
	<folder></folder>
	<filename>0c249bb7fc657ad54470a7f6245d9ad32fc096d8_png.rf.f4e39f7c3c46af08c3029d374de62248.jpg</filename>
	<path>0c249bb7fc657ad54470a7f6245d9ad32fc096d8_png.rf.f4e39f7c3c46af08c3029d374de62248.jpg</path>
	<source>
		<database>roboflow.ai</database>
	</source>
	<size>
		<width>296</width>
		<height>640</height>
		<depth>3</depth>
	</size>
	<segmented>0</segmented>
	<object>
		<name>Buttons</name>
		<pose>Unspecified</pose>
		<truncated>0</truncated>
		<difficult>0</difficult>
		<occluded>0</occluded>
		<bndbox>
			<xmin>254</xmin>
			<xmax>276</xmax>
			<ymin>409</ymin>
			<ymax>431</ymax>
		</bndbox>
	</object>
	<object>
		<name>Buttons</name>
		<pose>Unspecified</pose>
		<truncated>0</truncated>
		<difficult>0</difficult>
		<occluded>0</occluded>
		<bndbox>
			<xmin>19</xmin>
			<xmax>46</xmax>
			<ymin>406</ymin>
			<ymax>437</ymax>
		</bndbox>
	</object>
	<object>
		<name>Buttons</name>
		<pose>Unspecified</pose>
		<truncated>0</truncated>
		<difficult>0</difficult>
		<occluded>0</occluded>
		<bndbox>
			<xmin>8</xmin>
			<xmax>84</xmax>
			<ymin>161</ymin>
			<ymax>190</ymax>
		</bndbox>
	</object>
</annotation>
