<annotation>
	<folder></folder>
	<filename>0c2e233b899f7a9ed479f0e882ae22719abdffa6_png.rf.141a5aeba046f3d0f02900c8902e7b75.jpg</filename>
	<path>0c2e233b899f7a9ed479f0e882ae22719abdffa6_png.rf.141a5aeba046f3d0f02900c8902e7b75.jpg</path>
	<source>
		<database>roboflow.ai</database>
	</source>
	<size>
		<width>296</width>
		<height>640</height>
		<depth>3</depth>
	</size>
	<segmented>0</segmented>
	<object>
		<name>Buttons</name>
		<pose>Unspecified</pose>
		<truncated>0</truncated>
		<difficult>0</difficult>
		<occluded>0</occluded>
		<bndbox>
			<xmin>237</xmin>
			<xmax>291</xmax>
			<ymin>416</ymin>
			<ymax>445</ymax>
		</bndbox>
	</object>
	<object>
		<name>Buttons</name>
		<pose>Unspecified</pose>
		<truncated>0</truncated>
		<difficult>0</difficult>
		<occluded>0</occluded>
		<bndbox>
			<xmin>237</xmin>
			<xmax>291</xmax>
			<ymin>238</ymin>
			<ymax>265</ymax>
		</bndbox>
	</object>
</annotation>
