<annotation>
	<folder></folder>
	<filename>0c3aad4d93f9bae7f6e8ed0acfa148a5ed963e4d_png.rf.2f5777dcfb3fd5d0b93a1ecda9d82041.jpg</filename>
	<path>0c3aad4d93f9bae7f6e8ed0acfa148a5ed963e4d_png.rf.2f5777dcfb3fd5d0b93a1ecda9d82041.jpg</path>
	<source>
		<database>roboflow.ai</database>
	</source>
	<size>
		<width>296</width>
		<height>640</height>
		<depth>3</depth>
	</size>
	<segmented>0</segmented>
	<object>
		<name>Buttons</name>
		<pose>Unspecified</pose>
		<truncated>0</truncated>
		<difficult>0</difficult>
		<occluded>0</occluded>
		<bndbox>
			<xmin>71</xmin>
			<xmax>225</xmax>
			<ymin>445</ymin>
			<ymax>488</ymax>
		</bndbox>
	</object>
	<object>
		<name>Buttons</name>
		<pose>Unspecified</pose>
		<truncated>0</truncated>
		<difficult>0</difficult>
		<occluded>0</occluded>
		<bndbox>
			<xmin>1</xmin>
			<xmax>64</xmax>
			<ymin>30</ymin>
			<ymax>64</ymax>
		</bndbox>
	</object>
</annotation>
