<annotation>
	<folder></folder>
	<filename>0c3d9aa0544ca3687031b887561f06d0ebf3121a_png.rf.c6032677eae72664f32df13b3bf51a6c.jpg</filename>
	<path>0c3d9aa0544ca3687031b887561f06d0ebf3121a_png.rf.c6032677eae72664f32df13b3bf51a6c.jpg</path>
	<source>
		<database>roboflow.ai</database>
	</source>
	<size>
		<width>296</width>
		<height>640</height>
		<depth>3</depth>
	</size>
	<segmented>0</segmented>
	<object>
		<name>Buttons</name>
		<pose>Unspecified</pose>
		<truncated>0</truncated>
		<difficult>0</difficult>
		<occluded>0</occluded>
		<bndbox>
			<xmin>15</xmin>
			<xmax>148</xmax>
			<ymin>585</ymin>
			<ymax>627</ymax>
		</bndbox>
	</object>
	<object>
		<name>Buttons</name>
		<pose>Unspecified</pose>
		<truncated>0</truncated>
		<difficult>0</difficult>
		<occluded>0</occluded>
		<bndbox>
			<xmin>150</xmin>
			<xmax>281</xmax>
			<ymin>586</ymin>
			<ymax>627</ymax>
		</bndbox>
	</object>
</annotation>
