<annotation>
	<folder></folder>
	<filename>0c40e3f4d64d9a04ff89de9e36d50f83079b5286_png.rf.31d7db3afc461a68f2d09b08267ebea9.jpg</filename>
	<path>0c40e3f4d64d9a04ff89de9e36d50f83079b5286_png.rf.31d7db3afc461a68f2d09b08267ebea9.jpg</path>
	<source>
		<database>roboflow.ai</database>
	</source>
	<size>
		<width>296</width>
		<height>640</height>
		<depth>3</depth>
	</size>
	<segmented>0</segmented>
	<object>
		<name>Buttons</name>
		<pose>Unspecified</pose>
		<truncated>0</truncated>
		<difficult>0</difficult>
		<occluded>0</occluded>
		<bndbox>
			<xmin>147</xmin>
			<xmax>269</xmax>
			<ymin>234</ymin>
			<ymax>274</ymax>
		</bndbox>
	</object>
</annotation>
