<annotation>
	<folder></folder>
	<filename>0c476bd0235437b7e91fa4e3679c3ecdac36ca3c_png.rf.0dc29439a9eb66d3cbf258d26430cb73.jpg</filename>
	<path>0c476bd0235437b7e91fa4e3679c3ecdac36ca3c_png.rf.0dc29439a9eb66d3cbf258d26430cb73.jpg</path>
	<source>
		<database>roboflow.ai</database>
	</source>
	<size>
		<width>296</width>
		<height>640</height>
		<depth>3</depth>
	</size>
	<segmented>0</segmented>
	<object>
		<name>FAB -Floating Action Button-</name>
		<pose>Unspecified</pose>
		<truncated>0</truncated>
		<difficult>0</difficult>
		<occluded>0</occluded>
		<bndbox>
			<xmin>176</xmin>
			<xmax>276</xmax>
			<ymin>514</ymin>
			<ymax>557</ymax>
		</bndbox>
	</object>
</annotation>
