<annotation>
	<folder></folder>
	<filename>0c512e08e162f91f6d5bfccc1d5a92c10efe73f9_png.rf.bb8d1e753a04cae260554fc7c4a00daf.jpg</filename>
	<path>0c512e08e162f91f6d5bfccc1d5a92c10efe73f9_png.rf.bb8d1e753a04cae260554fc7c4a00daf.jpg</path>
	<source>
		<database>roboflow.ai</database>
	</source>
	<size>
		<width>296</width>
		<height>640</height>
		<depth>3</depth>
	</size>
	<segmented>0</segmented>
	<object>
		<name>Buttons</name>
		<pose>Unspecified</pose>
		<truncated>0</truncated>
		<difficult>0</difficult>
		<occluded>0</occluded>
		<bndbox>
			<xmin>5</xmin>
			<xmax>291</xmax>
			<ymin>525</ymin>
			<ymax>562</ymax>
		</bndbox>
	</object>
</annotation>
