<annotation>
	<folder></folder>
	<filename>0c5b9eff98517c3ddff8aa26c3f78bcee2c56a7e_png.rf.160436cd526a913bf060d648daf4738c.jpg</filename>
	<path>0c5b9eff98517c3ddff8aa26c3f78bcee2c56a7e_png.rf.160436cd526a913bf060d648daf4738c.jpg</path>
	<source>
		<database>roboflow.ai</database>
	</source>
	<size>
		<width>296</width>
		<height>640</height>
		<depth>3</depth>
	</size>
	<segmented>0</segmented>
	<object>
		<name>Buttons</name>
		<pose>Unspecified</pose>
		<truncated>0</truncated>
		<difficult>0</difficult>
		<occluded>0</occluded>
		<bndbox>
			<xmin>244</xmin>
			<xmax>290</xmax>
			<ymin>340</ymin>
			<ymax>372</ymax>
		</bndbox>
	</object>
</annotation>
