<annotation>
	<folder></folder>
	<filename>0c65bfd8ef87d862a676a50b94534c67e51c5d03_png.rf.70adbe94d1dccdf4a7374eb1038ffd0d.jpg</filename>
	<path>0c65bfd8ef87d862a676a50b94534c67e51c5d03_png.rf.70adbe94d1dccdf4a7374eb1038ffd0d.jpg</path>
	<source>
		<database>roboflow.ai</database>
	</source>
	<size>
		<width>296</width>
		<height>640</height>
		<depth>3</depth>
	</size>
	<segmented>0</segmented>
	<object>
		<name>FAB -Floating Action Button-</name>
		<pose>Unspecified</pose>
		<truncated>0</truncated>
		<difficult>0</difficult>
		<occluded>0</occluded>
		<bndbox>
			<xmin>4</xmin>
			<xmax>294</xmax>
			<ymin>537</ymin>
			<ymax>579</ymax>
		</bndbox>
	</object>
	<object>
		<name>Buttons</name>
		<pose>Unspecified</pose>
		<truncated>0</truncated>
		<difficult>0</difficult>
		<occluded>0</occluded>
		<bndbox>
			<xmin>226</xmin>
			<xmax>289</xmax>
			<ymin>325</ymin>
			<ymax>356</ymax>
		</bndbox>
	</object>
	<object>
		<name>Page Controls</name>
		<pose>Unspecified</pose>
		<truncated>0</truncated>
		<difficult>0</difficult>
		<occluded>0</occluded>
		<bndbox>
			<xmin>94</xmin>
			<xmax>199</xmax>
			<ymin>332</ymin>
			<ymax>350</ymax>
		</bndbox>
	</object>
</annotation>
