<annotation>
	<folder></folder>
	<filename>0c7383872521dc185c8e99af0f3d63edd40a3fba_png.rf.8fc475fccbc7d5cda81c3ac8099a9612.jpg</filename>
	<path>0c7383872521dc185c8e99af0f3d63edd40a3fba_png.rf.8fc475fccbc7d5cda81c3ac8099a9612.jpg</path>
	<source>
		<database>roboflow.ai</database>
	</source>
	<size>
		<width>296</width>
		<height>640</height>
		<depth>3</depth>
	</size>
	<segmented>0</segmented>
	<object>
		<name>Buttons</name>
		<pose>Unspecified</pose>
		<truncated>0</truncated>
		<difficult>0</difficult>
		<occluded>0</occluded>
		<bndbox>
			<xmin>10</xmin>
			<xmax>284</xmax>
			<ymin>549</ymin>
			<ymax>606</ymax>
		</bndbox>
	</object>
</annotation>
