<annotation>
	<folder></folder>
	<filename>0c86b719d9d27aaf285c61fd1e5c47a10dc49664_png.rf.114f32fbf1aa522a7865d265148ded36.jpg</filename>
	<path>0c86b719d9d27aaf285c61fd1e5c47a10dc49664_png.rf.114f32fbf1aa522a7865d265148ded36.jpg</path>
	<source>
		<database>roboflow.ai</database>
	</source>
	<size>
		<width>296</width>
		<height>640</height>
		<depth>3</depth>
	</size>
	<segmented>0</segmented>
	<object>
		<name>Buttons</name>
		<pose>Unspecified</pose>
		<truncated>0</truncated>
		<difficult>0</difficult>
		<occluded>0</occluded>
		<bndbox>
			<xmin>234</xmin>
			<xmax>288</xmax>
			<ymin>540</ymin>
			<ymax>565</ymax>
		</bndbox>
	</object>
	<object>
		<name>Buttons</name>
		<pose>Unspecified</pose>
		<truncated>0</truncated>
		<difficult>0</difficult>
		<occluded>0</occluded>
		<bndbox>
			<xmin>234</xmin>
			<xmax>289</xmax>
			<ymin>329</ymin>
			<ymax>352</ymax>
		</bndbox>
	</object>
	<object>
		<name>Sliders</name>
		<pose>Unspecified</pose>
		<truncated>0</truncated>
		<difficult>0</difficult>
		<occluded>0</occluded>
		<bndbox>
			<xmin>80</xmin>
			<xmax>226</xmax>
			<ymin>295</ymin>
			<ymax>320</ymax>
		</bndbox>
	</object>
</annotation>
