<annotation>
	<folder></folder>
	<filename>0c87329d7485026a169596ad3ad8891816364afb_png.rf.bafe863a52c3b2053621ab68eed00477.jpg</filename>
	<path>0c87329d7485026a169596ad3ad8891816364afb_png.rf.bafe863a52c3b2053621ab68eed00477.jpg</path>
	<source>
		<database>roboflow.ai</database>
	</source>
	<size>
		<width>296</width>
		<height>640</height>
		<depth>3</depth>
	</size>
	<segmented>0</segmented>
	<object>
		<name>Buttons</name>
		<pose>Unspecified</pose>
		<truncated>0</truncated>
		<difficult>0</difficult>
		<occluded>0</occluded>
		<bndbox>
			<xmin>3</xmin>
			<xmax>59</xmax>
			<ymin>34</ymin>
			<ymax>66</ymax>
		</bndbox>
	</object>
	<object>
		<name>Buttons</name>
		<pose>Unspecified</pose>
		<truncated>0</truncated>
		<difficult>0</difficult>
		<occluded>0</occluded>
		<bndbox>
			<xmin>54</xmin>
			<xmax>245</xmax>
			<ymin>506</ymin>
			<ymax>553</ymax>
		</bndbox>
	</object>
	<object>
		<name>Buttons</name>
		<pose>Unspecified</pose>
		<truncated>0</truncated>
		<difficult>0</difficult>
		<occluded>0</occluded>
		<bndbox>
			<xmin>54</xmin>
			<xmax>244</xmax>
			<ymin>572</ymin>
			<ymax>591</ymax>
		</bndbox>
	</object>
	<object>
		<name>Text Fields</name>
		<pose>Unspecified</pose>
		<truncated>0</truncated>
		<difficult>0</difficult>
		<occluded>0</occluded>
		<bndbox>
			<xmin>9</xmin>
			<xmax>288</xmax>
			<ymin>150</ymin>
			<ymax>199</ymax>
		</bndbox>
	</object>
</annotation>
