<annotation>
	<folder></folder>
	<filename>0c8a4f54ff407116e809e571c3ba2a1d990a16ae_png.rf.321f8e5edc488c377300e2e2c941b748.jpg</filename>
	<path>0c8a4f54ff407116e809e571c3ba2a1d990a16ae_png.rf.321f8e5edc488c377300e2e2c941b748.jpg</path>
	<source>
		<database>roboflow.ai</database>
	</source>
	<size>
		<width>296</width>
		<height>640</height>
		<depth>3</depth>
	</size>
	<segmented>0</segmented>
	<object>
		<name>Buttons</name>
		<pose>Unspecified</pose>
		<truncated>0</truncated>
		<difficult>0</difficult>
		<occluded>0</occluded>
		<bndbox>
			<xmin>251</xmin>
			<xmax>288</xmax>
			<ymin>86</ymin>
			<ymax>120</ymax>
		</bndbox>
	</object>
</annotation>
