<annotation>
	<folder></folder>
	<filename>0c8b1b249baa28466cb3f1927ec5e0b749aaea29_png.rf.7d6ab2fdf99cd9bd5cc303402f8c31e4.jpg</filename>
	<path>0c8b1b249baa28466cb3f1927ec5e0b749aaea29_png.rf.7d6ab2fdf99cd9bd5cc303402f8c31e4.jpg</path>
	<source>
		<database>roboflow.ai</database>
	</source>
	<size>
		<width>296</width>
		<height>640</height>
		<depth>3</depth>
	</size>
	<segmented>0</segmented>
	<object>
		<name>Buttons</name>
		<pose>Unspecified</pose>
		<truncated>0</truncated>
		<difficult>0</difficult>
		<occluded>0</occluded>
		<bndbox>
			<xmin>246</xmin>
			<xmax>285</xmax>
			<ymin>453</ymin>
			<ymax>483</ymax>
		</bndbox>
	</object>
	<object>
		<name>Buttons</name>
		<pose>Unspecified</pose>
		<truncated>0</truncated>
		<difficult>0</difficult>
		<occluded>0</occluded>
		<bndbox>
			<xmin>12</xmin>
			<xmax>285</xmax>
			<ymin>556</ymin>
			<ymax>618</ymax>
		</bndbox>
	</object>
</annotation>
