<annotation>
	<folder></folder>
	<filename>0c9328e4f7b62af513ebe66b4a2fce0a3c355efb_png.rf.4c7c579531968d0acdb6fb09fbd691ac.jpg</filename>
	<path>0c9328e4f7b62af513ebe66b4a2fce0a3c355efb_png.rf.4c7c579531968d0acdb6fb09fbd691ac.jpg</path>
	<source>
		<database>roboflow.ai</database>
	</source>
	<size>
		<width>296</width>
		<height>640</height>
		<depth>3</depth>
	</size>
	<segmented>0</segmented>
	<object>
		<name>Buttons</name>
		<pose>Unspecified</pose>
		<truncated>0</truncated>
		<difficult>0</difficult>
		<occluded>0</occluded>
		<bndbox>
			<xmin>231</xmin>
			<xmax>286</xmax>
			<ymin>81</ymin>
			<ymax>111</ymax>
		</bndbox>
	</object>
	<object>
		<name>Buttons</name>
		<pose>Unspecified</pose>
		<truncated>0</truncated>
		<difficult>0</difficult>
		<occluded>0</occluded>
		<bndbox>
			<xmin>231</xmin>
			<xmax>286</xmax>
			<ymin>246</ymin>
			<ymax>274</ymax>
		</bndbox>
	</object>
</annotation>
