<annotation>
	<folder></folder>
	<filename>0cabf0f81a2f91f5fb3416ca76ba46762122b70f_png.rf.e4e3cc3f90980cb921ec963095f84f54.jpg</filename>
	<path>0cabf0f81a2f91f5fb3416ca76ba46762122b70f_png.rf.e4e3cc3f90980cb921ec963095f84f54.jpg</path>
	<source>
		<database>roboflow.ai</database>
	</source>
	<size>
		<width>296</width>
		<height>640</height>
		<depth>3</depth>
	</size>
	<segmented>0</segmented>
	<object>
		<name>Switches</name>
		<pose>Unspecified</pose>
		<truncated>0</truncated>
		<difficult>0</difficult>
		<occluded>0</occluded>
		<bndbox>
			<xmin>242</xmin>
			<xmax>286</xmax>
			<ymin>265</ymin>
			<ymax>296</ymax>
		</bndbox>
	</object>
	<object>
		<name>Buttons</name>
		<pose>Unspecified</pose>
		<truncated>0</truncated>
		<difficult>0</difficult>
		<occluded>0</occluded>
		<bndbox>
			<xmin>246</xmin>
			<xmax>288</xmax>
			<ymin>35</ymin>
			<ymax>66</ymax>
		</bndbox>
	</object>
	<object>
		<name>Buttons</name>
		<pose>Unspecified</pose>
		<truncated>0</truncated>
		<difficult>0</difficult>
		<occluded>0</occluded>
		<bndbox>
			<xmin>7</xmin>
			<xmax>62</xmax>
			<ymin>35</ymin>
			<ymax>65</ymax>
		</bndbox>
	</object>
</annotation>
