<annotation>
	<folder></folder>
	<filename>0cb21fe7d5723f8e82b18f2b9168acdb2c60ac08_png.rf.b306e7f063285790a3fd6c2fa821a1bc.jpg</filename>
	<path>0cb21fe7d5723f8e82b18f2b9168acdb2c60ac08_png.rf.b306e7f063285790a3fd6c2fa821a1bc.jpg</path>
	<source>
		<database>roboflow.ai</database>
	</source>
	<size>
		<width>296</width>
		<height>640</height>
		<depth>3</depth>
	</size>
	<segmented>0</segmented>
	<object>
		<name>Buttons</name>
		<pose>Unspecified</pose>
		<truncated>0</truncated>
		<difficult>0</difficult>
		<occluded>0</occluded>
		<bndbox>
			<xmin>122</xmin>
			<xmax>184</xmax>
			<ymin>568</ymin>
			<ymax>612</ymax>
		</bndbox>
	</object>
</annotation>
