<annotation>
	<folder></folder>
	<filename>0cb3d5ceecfadcbb9a12136976858e0c5948e831_png.rf.438231f831ecfb2c0f5373b7f2742ea1.jpg</filename>
	<path>0cb3d5ceecfadcbb9a12136976858e0c5948e831_png.rf.438231f831ecfb2c0f5373b7f2742ea1.jpg</path>
	<source>
		<database>roboflow.ai</database>
	</source>
	<size>
		<width>296</width>
		<height>640</height>
		<depth>3</depth>
	</size>
	<segmented>0</segmented>
	<object>
		<name>Buttons</name>
		<pose>Unspecified</pose>
		<truncated>0</truncated>
		<difficult>0</difficult>
		<occluded>0</occluded>
		<bndbox>
			<xmin>11</xmin>
			<xmax>284</xmax>
			<ymin>552</ymin>
			<ymax>603</ymax>
		</bndbox>
	</object>
</annotation>
