<annotation>
	<folder></folder>
	<filename>0cc2709414047e184d48e2b986c4f2be715802be_png.rf.24444f558e8f5f229047046d15c9fc7d.jpg</filename>
	<path>0cc2709414047e184d48e2b986c4f2be715802be_png.rf.24444f558e8f5f229047046d15c9fc7d.jpg</path>
	<source>
		<database>roboflow.ai</database>
	</source>
	<size>
		<width>296</width>
		<height>640</height>
		<depth>3</depth>
	</size>
	<segmented>0</segmented>
	<object>
		<name>Buttons</name>
		<pose>Unspecified</pose>
		<truncated>0</truncated>
		<difficult>0</difficult>
		<occluded>0</occluded>
		<bndbox>
			<xmin>114</xmin>
			<xmax>186</xmax>
			<ymin>577</ymin>
			<ymax>605</ymax>
		</bndbox>
	</object>
	<object>
		<name>Checkboxes</name>
		<pose>Unspecified</pose>
		<truncated>0</truncated>
		<difficult>0</difficult>
		<occluded>0</occluded>
		<bndbox>
			<xmin>268</xmin>
			<xmax>288</xmax>
			<ymin>328</ymin>
			<ymax>349</ymax>
		</bndbox>
	</object>
</annotation>
