<annotation>
	<folder></folder>
	<filename>0cd43b92516605ea16fb7f5c332d15d97cd3ca9c_png.rf.1c542e5e62bcb1e3d19baab26978d93f.jpg</filename>
	<path>0cd43b92516605ea16fb7f5c332d15d97cd3ca9c_png.rf.1c542e5e62bcb1e3d19baab26978d93f.jpg</path>
	<source>
		<database>roboflow.ai</database>
	</source>
	<size>
		<width>296</width>
		<height>640</height>
		<depth>3</depth>
	</size>
	<segmented>0</segmented>
	<object>
		<name>Buttons</name>
		<pose>Unspecified</pose>
		<truncated>0</truncated>
		<difficult>0</difficult>
		<occluded>0</occluded>
		<bndbox>
			<xmin>246</xmin>
			<xmax>292</xmax>
			<ymin>34</ymin>
			<ymax>65</ymax>
		</bndbox>
	</object>
</annotation>
