<annotation>
	<folder></folder>
	<filename>0cdce601086cc72118f5b3b4c10d7125bd113e5a_png.rf.e9b27a3bed90242a1c936ffbf49433dd.jpg</filename>
	<path>0cdce601086cc72118f5b3b4c10d7125bd113e5a_png.rf.e9b27a3bed90242a1c936ffbf49433dd.jpg</path>
	<source>
		<database>roboflow.ai</database>
	</source>
	<size>
		<width>296</width>
		<height>640</height>
		<depth>3</depth>
	</size>
	<segmented>0</segmented>
	<object>
		<name>Buttons</name>
		<pose>Unspecified</pose>
		<truncated>0</truncated>
		<difficult>0</difficult>
		<occluded>0</occluded>
		<bndbox>
			<xmin>8</xmin>
			<xmax>84</xmax>
			<ymin>44</ymin>
			<ymax>72</ymax>
		</bndbox>
	</object>
	<object>
		<name>Buttons</name>
		<pose>Unspecified</pose>
		<truncated>0</truncated>
		<difficult>0</difficult>
		<occluded>0</occluded>
		<bndbox>
			<xmin>227</xmin>
			<xmax>284</xmax>
			<ymin>43</ymin>
			<ymax>73</ymax>
		</bndbox>
	</object>
</annotation>
