<annotation>
	<folder></folder>
	<filename>0ce185797e8f9cee0b11c4d317c2fae7cc5cb5ec_png.rf.8935b9c5ed56aa81064401ea20e22dd6.jpg</filename>
	<path>0ce185797e8f9cee0b11c4d317c2fae7cc5cb5ec_png.rf.8935b9c5ed56aa81064401ea20e22dd6.jpg</path>
	<source>
		<database>roboflow.ai</database>
	</source>
	<size>
		<width>296</width>
		<height>640</height>
		<depth>3</depth>
	</size>
	<segmented>0</segmented>
	<object>
		<name>Buttons</name>
		<pose>Unspecified</pose>
		<truncated>0</truncated>
		<difficult>0</difficult>
		<occluded>0</occluded>
		<bndbox>
			<xmin>250</xmin>
			<xmax>293</xmax>
			<ymin>67</ymin>
			<ymax>93</ymax>
		</bndbox>
	</object>
</annotation>
