<annotation>
	<folder></folder>
	<filename>0cec4a1b42a3456aed3c10fd1c8d527ffc3867e5_png.rf.8c6cc1bd18e41fe35de78d76b76117d4.jpg</filename>
	<path>0cec4a1b42a3456aed3c10fd1c8d527ffc3867e5_png.rf.8c6cc1bd18e41fe35de78d76b76117d4.jpg</path>
	<source>
		<database>roboflow.ai</database>
	</source>
	<size>
		<width>296</width>
		<height>640</height>
		<depth>3</depth>
	</size>
	<segmented>0</segmented>
	<object>
		<name>Buttons</name>
		<pose>Unspecified</pose>
		<truncated>0</truncated>
		<difficult>0</difficult>
		<occluded>0</occluded>
		<bndbox>
			<xmin>55</xmin>
			<xmax>242</xmax>
			<ymin>335</ymin>
			<ymax>384</ymax>
		</bndbox>
	</object>
</annotation>
