<annotation>
	<folder></folder>
	<filename>0cf8ea1ea4344f66b6e78decffed5aa1fcb52625_png.rf.eafba4261c69faa41e5e83f6229b86f2.jpg</filename>
	<path>0cf8ea1ea4344f66b6e78decffed5aa1fcb52625_png.rf.eafba4261c69faa41e5e83f6229b86f2.jpg</path>
	<source>
		<database>roboflow.ai</database>
	</source>
	<size>
		<width>296</width>
		<height>640</height>
		<depth>3</depth>
	</size>
	<segmented>0</segmented>
	<object>
		<name>Progress indicators</name>
		<pose>Unspecified</pose>
		<truncated>0</truncated>
		<difficult>0</difficult>
		<occluded>0</occluded>
		<bndbox>
			<xmin>43</xmin>
			<xmax>290</xmax>
			<ymin>38</ymin>
			<ymax>70</ymax>
		</bndbox>
	</object>
	<object>
		<name>Buttons</name>
		<pose>Unspecified</pose>
		<truncated>0</truncated>
		<difficult>0</difficult>
		<occluded>0</occluded>
		<bndbox>
			<xmin>9</xmin>
			<xmax>287</xmax>
			<ymin>567</ymin>
			<ymax>609</ymax>
		</bndbox>
	</object>
</annotation>
