<annotation>
	<folder></folder>
	<filename>0cff8e31034b33f914fde418ecc2ebb6371b2688_png.rf.df51cfe5df09b96a91826e7908a5ef72.jpg</filename>
	<path>0cff8e31034b33f914fde418ecc2ebb6371b2688_png.rf.df51cfe5df09b96a91826e7908a5ef72.jpg</path>
	<source>
		<database>roboflow.ai</database>
	</source>
	<size>
		<width>296</width>
		<height>640</height>
		<depth>3</depth>
	</size>
	<segmented>0</segmented>
	<object>
		<name>Checkboxes</name>
		<pose>Unspecified</pose>
		<truncated>0</truncated>
		<difficult>0</difficult>
		<occluded>0</occluded>
		<bndbox>
			<xmin>259</xmin>
			<xmax>286</xmax>
			<ymin>579</ymin>
			<ymax>610</ymax>
		</bndbox>
	</object>
	<object>
		<name>Checkboxes</name>
		<pose>Unspecified</pose>
		<truncated>0</truncated>
		<difficult>0</difficult>
		<occluded>0</occluded>
		<bndbox>
			<xmin>257</xmin>
			<xmax>286</xmax>
			<ymin>153</ymin>
			<ymax>185</ymax>
		</bndbox>
	</object>
</annotation>
