<annotation>
	<folder></folder>
	<filename>0d0d76e9aaee808f22fd83242200cabedfbd7c6d_png.rf.400893fd3d32128cb9df2d70467e0b47.jpg</filename>
	<path>0d0d76e9aaee808f22fd83242200cabedfbd7c6d_png.rf.400893fd3d32128cb9df2d70467e0b47.jpg</path>
	<source>
		<database>roboflow.ai</database>
	</source>
	<size>
		<width>296</width>
		<height>640</height>
		<depth>3</depth>
	</size>
	<segmented>0</segmented>
	<object>
		<name>Sliders</name>
		<pose>Unspecified</pose>
		<truncated>0</truncated>
		<difficult>0</difficult>
		<occluded>0</occluded>
		<bndbox>
			<xmin>6</xmin>
			<xmax>290</xmax>
			<ymin>362</ymin>
			<ymax>400</ymax>
		</bndbox>
	</object>
	<object>
		<name>Buttons</name>
		<pose>Unspecified</pose>
		<truncated>0</truncated>
		<difficult>0</difficult>
		<occluded>0</occluded>
		<bndbox>
			<xmin>242</xmin>
			<xmax>284</xmax>
			<ymin>198</ymin>
			<ymax>240</ymax>
		</bndbox>
	</object>
	<object>
		<name>Buttons</name>
		<pose>Unspecified</pose>
		<truncated>0</truncated>
		<difficult>0</difficult>
		<occluded>0</occluded>
		<bndbox>
			<xmin>4</xmin>
			<xmax>82</xmax>
			<ymin>573</ymin>
			<ymax>614</ymax>
		</bndbox>
	</object>
	<object>
		<name>Buttons</name>
		<pose>Unspecified</pose>
		<truncated>0</truncated>
		<difficult>0</difficult>
		<occluded>0</occluded>
		<bndbox>
			<xmin>85</xmin>
			<xmax>292</xmax>
			<ymin>573</ymin>
			<ymax>616</ymax>
		</bndbox>
	</object>
</annotation>
