<annotation>
	<folder></folder>
	<filename>0d158369879d408ca7fe8d0a2feb3b04caf1cbaf_png.rf.1fd25be729e7a5833f83f70f1abaef5a.jpg</filename>
	<path>0d158369879d408ca7fe8d0a2feb3b04caf1cbaf_png.rf.1fd25be729e7a5833f83f70f1abaef5a.jpg</path>
	<source>
		<database>roboflow.ai</database>
	</source>
	<size>
		<width>296</width>
		<height>640</height>
		<depth>3</depth>
	</size>
	<segmented>0</segmented>
	<object>
		<name>Buttons</name>
		<pose>Unspecified</pose>
		<truncated>0</truncated>
		<difficult>0</difficult>
		<occluded>0</occluded>
		<bndbox>
			<xmin>120</xmin>
			<xmax>180</xmax>
			<ymin>590</ymin>
			<ymax>613</ymax>
		</bndbox>
	</object>
	<object>
		<name>Buttons</name>
		<pose>Unspecified</pose>
		<truncated>0</truncated>
		<difficult>0</difficult>
		<occluded>0</occluded>
		<bndbox>
			<xmin>98</xmin>
			<xmax>199</xmax>
			<ymin>172</ymin>
			<ymax>204</ymax>
		</bndbox>
	</object>
	<object>
		<name>Buttons</name>
		<pose>Unspecified</pose>
		<truncated>0</truncated>
		<difficult>0</difficult>
		<occluded>0</occluded>
		<bndbox>
			<xmin>41</xmin>
			<xmax>99</xmax>
			<ymin>322</ymin>
			<ymax>348</ymax>
		</bndbox>
	</object>
	<object>
		<name>Buttons</name>
		<pose>Unspecified</pose>
		<truncated>0</truncated>
		<difficult>0</difficult>
		<occluded>0</occluded>
		<bndbox>
			<xmin>126</xmin>
			<xmax>185</xmax>
			<ymin>323</ymin>
			<ymax>349</ymax>
		</bndbox>
	</object>
	<object>
		<name>Buttons</name>
		<pose>Unspecified</pose>
		<truncated>0</truncated>
		<difficult>0</difficult>
		<occluded>0</occluded>
		<bndbox>
			<xmin>212</xmin>
			<xmax>273</xmax>
			<ymin>324</ymin>
			<ymax>349</ymax>
		</bndbox>
	</object>
</annotation>
