<annotation>
	<folder></folder>
	<filename>0d1ca26fe1f42e9f88dbb78071f3a70ee4283283_png.rf.7a8cd609fba3530a6e5715ed152cee7f.jpg</filename>
	<path>0d1ca26fe1f42e9f88dbb78071f3a70ee4283283_png.rf.7a8cd609fba3530a6e5715ed152cee7f.jpg</path>
	<source>
		<database>roboflow.ai</database>
	</source>
	<size>
		<width>296</width>
		<height>640</height>
		<depth>3</depth>
	</size>
	<segmented>0</segmented>
	<object>
		<name>Buttons</name>
		<pose>Unspecified</pose>
		<truncated>0</truncated>
		<difficult>0</difficult>
		<occluded>0</occluded>
		<bndbox>
			<xmin>1</xmin>
			<xmax>295</xmax>
			<ymin>533</ymin>
			<ymax>577</ymax>
		</bndbox>
	</object>
</annotation>
