<annotation>
	<folder></folder>
	<filename>0d1d4e70d0dd0d769372d5b9df44df097cad06a6_png.rf.1b0d6ffc99edf8042cb300ac1a7a78db.jpg</filename>
	<path>0d1d4e70d0dd0d769372d5b9df44df097cad06a6_png.rf.1b0d6ffc99edf8042cb300ac1a7a78db.jpg</path>
	<source>
		<database>roboflow.ai</database>
	</source>
	<size>
		<width>296</width>
		<height>640</height>
		<depth>3</depth>
	</size>
	<segmented>0</segmented>
	<object>
		<name>Buttons</name>
		<pose>Unspecified</pose>
		<truncated>0</truncated>
		<difficult>0</difficult>
		<occluded>0</occluded>
		<bndbox>
			<xmin>14</xmin>
			<xmax>284</xmax>
			<ymin>500</ymin>
			<ymax>560</ymax>
		</bndbox>
	</object>
</annotation>
