<annotation>
	<folder></folder>
	<filename>0d41262ee55f9ba7f33a7868fd24675f90165635_png.rf.fcc8197ae7a4e2096857694bd5c87dac.jpg</filename>
	<path>0d41262ee55f9ba7f33a7868fd24675f90165635_png.rf.fcc8197ae7a4e2096857694bd5c87dac.jpg</path>
	<source>
		<database>roboflow.ai</database>
	</source>
	<size>
		<width>296</width>
		<height>640</height>
		<depth>3</depth>
	</size>
	<segmented>0</segmented>
	<object>
		<name>Pickers</name>
		<pose>Unspecified</pose>
		<truncated>0</truncated>
		<difficult>0</difficult>
		<occluded>0</occluded>
		<bndbox>
			<xmin>1</xmin>
			<xmax>295</xmax>
			<ymin>484</ymin>
			<ymax>625</ymax>
		</bndbox>
	</object>
	<object>
		<name>Buttons</name>
		<pose>Unspecified</pose>
		<truncated>0</truncated>
		<difficult>0</difficult>
		<occluded>0</occluded>
		<bndbox>
			<xmin>8</xmin>
			<xmax>49</xmax>
			<ymin>41</ymin>
			<ymax>82</ymax>
		</bndbox>
	</object>
</annotation>
