<annotation>
	<folder></folder>
	<filename>0d61c4c585de3a190d7d1356f5e347164803f14e_png.rf.5d685995bcdf022d71a069d4938bf3a5.jpg</filename>
	<path>0d61c4c585de3a190d7d1356f5e347164803f14e_png.rf.5d685995bcdf022d71a069d4938bf3a5.jpg</path>
	<source>
		<database>roboflow.ai</database>
	</source>
	<size>
		<width>296</width>
		<height>640</height>
		<depth>3</depth>
	</size>
	<segmented>0</segmented>
	<object>
		<name>Buttons</name>
		<pose>Unspecified</pose>
		<truncated>0</truncated>
		<difficult>0</difficult>
		<occluded>0</occluded>
		<bndbox>
			<xmin>1</xmin>
			<xmax>295</xmax>
			<ymin>567</ymin>
			<ymax>621</ymax>
		</bndbox>
	</object>
	<object>
		<name>Text Fields</name>
		<pose>Unspecified</pose>
		<truncated>0</truncated>
		<difficult>0</difficult>
		<occluded>0</occluded>
		<bndbox>
			<xmin>5</xmin>
			<xmax>289</xmax>
			<ymin>177</ymin>
			<ymax>234</ymax>
		</bndbox>
	</object>
</annotation>
