<annotation>
	<folder></folder>
	<filename>0d6a8eab0ba3a03314e186741e6ad18df68642c0_png.rf.97ecc2d5ff0fc93a051ad3a196a616ae.jpg</filename>
	<path>0d6a8eab0ba3a03314e186741e6ad18df68642c0_png.rf.97ecc2d5ff0fc93a051ad3a196a616ae.jpg</path>
	<source>
		<database>roboflow.ai</database>
	</source>
	<size>
		<width>296</width>
		<height>640</height>
		<depth>3</depth>
	</size>
	<segmented>0</segmented>
	<object>
		<name>Buttons</name>
		<pose>Unspecified</pose>
		<truncated>0</truncated>
		<difficult>0</difficult>
		<occluded>0</occluded>
		<bndbox>
			<xmin>1</xmin>
			<xmax>295</xmax>
			<ymin>564</ymin>
			<ymax>619</ymax>
		</bndbox>
	</object>
	<object>
		<name>Text Fields</name>
		<pose>Unspecified</pose>
		<truncated>0</truncated>
		<difficult>0</difficult>
		<occluded>0</occluded>
		<bndbox>
			<xmin>9</xmin>
			<xmax>288</xmax>
			<ymin>188</ymin>
			<ymax>238</ymax>
		</bndbox>
	</object>
</annotation>
