<annotation>
	<folder></folder>
	<filename>0d6f6a5e2a4ae745389c0deb8d786f98d049be26_png.rf.ef70a439db049bf7b341bc0173f4047f.jpg</filename>
	<path>0d6f6a5e2a4ae745389c0deb8d786f98d049be26_png.rf.ef70a439db049bf7b341bc0173f4047f.jpg</path>
	<source>
		<database>roboflow.ai</database>
	</source>
	<size>
		<width>296</width>
		<height>640</height>
		<depth>3</depth>
	</size>
	<segmented>0</segmented>
	<object>
		<name>Buttons</name>
		<pose>Unspecified</pose>
		<truncated>0</truncated>
		<difficult>0</difficult>
		<occluded>0</occluded>
		<bndbox>
			<xmin>108</xmin>
			<xmax>193</xmax>
			<ymin>414</ymin>
			<ymax>451</ymax>
		</bndbox>
	</object>
	<object>
		<name>Buttons</name>
		<pose>Unspecified</pose>
		<truncated>0</truncated>
		<difficult>0</difficult>
		<occluded>0</occluded>
		<bndbox>
			<xmin>246</xmin>
			<xmax>279</xmax>
			<ymin>183</ymin>
			<ymax>219</ymax>
		</bndbox>
	</object>
	<object>
		<name>Buttons</name>
		<pose>Unspecified</pose>
		<truncated>0</truncated>
		<difficult>0</difficult>
		<occluded>0</occluded>
		<bndbox>
			<xmin>190</xmin>
			<xmax>240</xmax>
			<ymin>183</ymin>
			<ymax>219</ymax>
		</bndbox>
	</object>
	<object>
		<name>Buttons</name>
		<pose>Unspecified</pose>
		<truncated>0</truncated>
		<difficult>0</difficult>
		<occluded>0</occluded>
		<bndbox>
			<xmin>142</xmin>
			<xmax>184</xmax>
			<ymin>183</ymin>
			<ymax>220</ymax>
		</bndbox>
	</object>
	<object>
		<name>Buttons</name>
		<pose>Unspecified</pose>
		<truncated>0</truncated>
		<difficult>0</difficult>
		<occluded>0</occluded>
		<bndbox>
			<xmin>19</xmin>
			<xmax>88</xmax>
			<ymin>183</ymin>
			<ymax>220</ymax>
		</bndbox>
	</object>
</annotation>
