<annotation>
	<folder></folder>
	<filename>0d70b6eddd2d92e06b11fd4730f226ac76d0d82b_png.rf.adbe6783f9df4256c8fdefd3f3604f69.jpg</filename>
	<path>0d70b6eddd2d92e06b11fd4730f226ac76d0d82b_png.rf.adbe6783f9df4256c8fdefd3f3604f69.jpg</path>
	<source>
		<database>roboflow.ai</database>
	</source>
	<size>
		<width>296</width>
		<height>640</height>
		<depth>3</depth>
	</size>
	<segmented>0</segmented>
	<object>
		<name>Buttons</name>
		<pose>Unspecified</pose>
		<truncated>0</truncated>
		<difficult>0</difficult>
		<occluded>0</occluded>
		<bndbox>
			<xmin>19</xmin>
			<xmax>280</xmax>
			<ymin>578</ymin>
			<ymax>626</ymax>
		</bndbox>
	</object>
</annotation>
