<annotation>
	<folder></folder>
	<filename>0d7399f1ccbc8b3da66dd49e12f81a3100f05a81_png.rf.5f4517df45a56c374387f957272e141e.jpg</filename>
	<path>0d7399f1ccbc8b3da66dd49e12f81a3100f05a81_png.rf.5f4517df45a56c374387f957272e141e.jpg</path>
	<source>
		<database>roboflow.ai</database>
	</source>
	<size>
		<width>296</width>
		<height>640</height>
		<depth>3</depth>
	</size>
	<segmented>0</segmented>
	<object>
		<name>Buttons</name>
		<pose>Unspecified</pose>
		<truncated>0</truncated>
		<difficult>0</difficult>
		<occluded>0</occluded>
		<bndbox>
			<xmin>9</xmin>
			<xmax>288</xmax>
			<ymin>338</ymin>
			<ymax>384</ymax>
		</bndbox>
	</object>
	<object>
		<name>Buttons</name>
		<pose>Unspecified</pose>
		<truncated>0</truncated>
		<difficult>0</difficult>
		<occluded>0</occluded>
		<bndbox>
			<xmin>9</xmin>
			<xmax>287</xmax>
			<ymin>101</ymin>
			<ymax>152</ymax>
		</bndbox>
	</object>
</annotation>
