<annotation>
	<folder></folder>
	<filename>0d7c486aa21f7917c8528ef58cd0f62ffa456d30_png.rf.cf168b33b07838d52f5205b96654c496.jpg</filename>
	<path>0d7c486aa21f7917c8528ef58cd0f62ffa456d30_png.rf.cf168b33b07838d52f5205b96654c496.jpg</path>
	<source>
		<database>roboflow.ai</database>
	</source>
	<size>
		<width>296</width>
		<height>640</height>
		<depth>3</depth>
	</size>
	<segmented>0</segmented>
	<object>
		<name>Radio buttons</name>
		<pose>Unspecified</pose>
		<truncated>0</truncated>
		<difficult>0</difficult>
		<occluded>0</occluded>
		<bndbox>
			<xmin>12</xmin>
			<xmax>35</xmax>
			<ymin>323</ymin>
			<ymax>345</ymax>
		</bndbox>
	</object>
	<object>
		<name>Radio buttons</name>
		<pose>Unspecified</pose>
		<truncated>0</truncated>
		<difficult>0</difficult>
		<occluded>0</occluded>
		<bndbox>
			<xmin>13</xmin>
			<xmax>36</xmax>
			<ymin>357</ymin>
			<ymax>382</ymax>
		</bndbox>
	</object>
	<object>
		<name>Buttons</name>
		<pose>Unspecified</pose>
		<truncated>0</truncated>
		<difficult>0</difficult>
		<occluded>0</occluded>
		<bndbox>
			<xmin>231</xmin>
			<xmax>291</xmax>
			<ymin>33</ymin>
			<ymax>72</ymax>
		</bndbox>
	</object>
</annotation>
