<annotation>
	<folder></folder>
	<filename>0d7cf9c23bc6260e8bf80960bbb6a3d1e9b8f373_png.rf.cb97fe0df5ebf601026a442f60f4e2b8.jpg</filename>
	<path>0d7cf9c23bc6260e8bf80960bbb6a3d1e9b8f373_png.rf.cb97fe0df5ebf601026a442f60f4e2b8.jpg</path>
	<source>
		<database>roboflow.ai</database>
	</source>
	<size>
		<width>296</width>
		<height>640</height>
		<depth>3</depth>
	</size>
	<segmented>0</segmented>
	<object>
		<name>Buttons</name>
		<pose>Unspecified</pose>
		<truncated>0</truncated>
		<difficult>0</difficult>
		<occluded>0</occluded>
		<bndbox>
			<xmin>29</xmin>
			<xmax>269</xmax>
			<ymin>508</ymin>
			<ymax>546</ymax>
		</bndbox>
	</object>
</annotation>
