<annotation>
	<folder></folder>
	<filename>0d8996227493e49b021c362578162d7f2c9db890_png.rf.5b49396d7e1447a12b89080e136c7deb.jpg</filename>
	<path>0d8996227493e49b021c362578162d7f2c9db890_png.rf.5b49396d7e1447a12b89080e136c7deb.jpg</path>
	<source>
		<database>roboflow.ai</database>
	</source>
	<size>
		<width>296</width>
		<height>640</height>
		<depth>3</depth>
	</size>
	<segmented>0</segmented>
	<object>
		<name>Switches</name>
		<pose>Unspecified</pose>
		<truncated>0</truncated>
		<difficult>0</difficult>
		<occluded>0</occluded>
		<bndbox>
			<xmin>58</xmin>
			<xmax>92</xmax>
			<ymin>67</ymin>
			<ymax>91</ymax>
		</bndbox>
	</object>
</annotation>
