<annotation>
	<folder></folder>
	<filename>0d8a5ff9d3bb13458e99f15f9e5f2ae611d20023_png.rf.0f972a59ba98691dd278a43461e3ac6e.jpg</filename>
	<path>0d8a5ff9d3bb13458e99f15f9e5f2ae611d20023_png.rf.0f972a59ba98691dd278a43461e3ac6e.jpg</path>
	<source>
		<database>roboflow.ai</database>
	</source>
	<size>
		<width>296</width>
		<height>640</height>
		<depth>3</depth>
	</size>
	<segmented>0</segmented>
	<object>
		<name>Buttons</name>
		<pose>Unspecified</pose>
		<truncated>0</truncated>
		<difficult>0</difficult>
		<occluded>0</occluded>
		<bndbox>
			<xmin>81</xmin>
			<xmax>213</xmax>
			<ymin>533</ymin>
			<ymax>567</ymax>
		</bndbox>
	</object>
</annotation>
