<annotation>
	<folder></folder>
	<filename>0d8d026b5d143f113d1087639cd556a49e730746_png.rf.f45c2323f32c8d83253552949d207cae.jpg</filename>
	<path>0d8d026b5d143f113d1087639cd556a49e730746_png.rf.f45c2323f32c8d83253552949d207cae.jpg</path>
	<source>
		<database>roboflow.ai</database>
	</source>
	<size>
		<width>296</width>
		<height>640</height>
		<depth>3</depth>
	</size>
	<segmented>0</segmented>
	<object>
		<name>Buttons</name>
		<pose>Unspecified</pose>
		<truncated>0</truncated>
		<difficult>0</difficult>
		<occluded>0</occluded>
		<bndbox>
			<xmin>11</xmin>
			<xmax>286</xmax>
			<ymin>548</ymin>
			<ymax>605</ymax>
		</bndbox>
	</object>
</annotation>
