<annotation>
	<folder></folder>
	<filename>0d91b3d8b296fb335a53223ba2ca3cb8c8640110_png.rf.4b6e2af87236c7ebb4e782ad9da7ce51.jpg</filename>
	<path>0d91b3d8b296fb335a53223ba2ca3cb8c8640110_png.rf.4b6e2af87236c7ebb4e782ad9da7ce51.jpg</path>
	<source>
		<database>roboflow.ai</database>
	</source>
	<size>
		<width>296</width>
		<height>640</height>
		<depth>3</depth>
	</size>
	<segmented>0</segmented>
	<object>
		<name>Buttons</name>
		<pose>Unspecified</pose>
		<truncated>0</truncated>
		<difficult>0</difficult>
		<occluded>0</occluded>
		<bndbox>
			<xmin>131</xmin>
			<xmax>183</xmax>
			<ymin>236</ymin>
			<ymax>266</ymax>
		</bndbox>
	</object>
</annotation>
