<annotation>
	<folder></folder>
	<filename>0d98215c821cff88a843e2882ba930badfe6e08c_png.rf.6290cde51ef152d1e6cd9fd8dda36c39.jpg</filename>
	<path>0d98215c821cff88a843e2882ba930badfe6e08c_png.rf.6290cde51ef152d1e6cd9fd8dda36c39.jpg</path>
	<source>
		<database>roboflow.ai</database>
	</source>
	<size>
		<width>296</width>
		<height>640</height>
		<depth>3</depth>
	</size>
	<segmented>0</segmented>
	<object>
		<name>Buttons</name>
		<pose>Unspecified</pose>
		<truncated>0</truncated>
		<difficult>0</difficult>
		<occluded>0</occluded>
		<bndbox>
			<xmin>1</xmin>
			<xmax>295</xmax>
			<ymin>571</ymin>
			<ymax>621</ymax>
		</bndbox>
	</object>
	<object>
		<name>Buttons</name>
		<pose>Unspecified</pose>
		<truncated>0</truncated>
		<difficult>0</difficult>
		<occluded>0</occluded>
		<bndbox>
			<xmin>221</xmin>
			<xmax>289</xmax>
			<ymin>321</ymin>
			<ymax>349</ymax>
		</bndbox>
	</object>
</annotation>
