<annotation>
	<folder></folder>
	<filename>0da22a6df0f0e239d7e96828c703c3b790a2078a_png.rf.68b189e2a96ebd0e9f76307badd34ed1.jpg</filename>
	<path>0da22a6df0f0e239d7e96828c703c3b790a2078a_png.rf.68b189e2a96ebd0e9f76307badd34ed1.jpg</path>
	<source>
		<database>roboflow.ai</database>
	</source>
	<size>
		<width>296</width>
		<height>640</height>
		<depth>3</depth>
	</size>
	<segmented>0</segmented>
	<object>
		<name>Buttons</name>
		<pose>Unspecified</pose>
		<truncated>0</truncated>
		<difficult>0</difficult>
		<occluded>0</occluded>
		<bndbox>
			<xmin>53</xmin>
			<xmax>241</xmax>
			<ymin>316</ymin>
			<ymax>359</ymax>
		</bndbox>
	</object>
	<object>
		<name>Buttons</name>
		<pose>Unspecified</pose>
		<truncated>0</truncated>
		<difficult>0</difficult>
		<occluded>0</occluded>
		<bndbox>
			<xmin>52</xmin>
			<xmax>244</xmax>
			<ymin>368</ymin>
			<ymax>404</ymax>
		</bndbox>
	</object>
	<object>
		<name>Buttons</name>
		<pose>Unspecified</pose>
		<truncated>0</truncated>
		<difficult>0</difficult>
		<occluded>0</occluded>
		<bndbox>
			<xmin>21</xmin>
			<xmax>79</xmax>
			<ymin>486</ymin>
			<ymax>515</ymax>
		</bndbox>
	</object>
</annotation>
