<annotation>
	<folder></folder>
	<filename>0da879fca459b0e497e6bc4e684384bf7c24f231_png.rf.37e70be40e876d1343184675672bc625.jpg</filename>
	<path>0da879fca459b0e497e6bc4e684384bf7c24f231_png.rf.37e70be40e876d1343184675672bc625.jpg</path>
	<source>
		<database>roboflow.ai</database>
	</source>
	<size>
		<width>296</width>
		<height>640</height>
		<depth>3</depth>
	</size>
	<segmented>0</segmented>
	<object>
		<name>Buttons</name>
		<pose>Unspecified</pose>
		<truncated>0</truncated>
		<difficult>0</difficult>
		<occluded>0</occluded>
		<bndbox>
			<xmin>6</xmin>
			<xmax>99</xmax>
			<ymin>597</ymin>
			<ymax>629</ymax>
		</bndbox>
	</object>
	<object>
		<name>Buttons</name>
		<pose>Unspecified</pose>
		<truncated>0</truncated>
		<difficult>0</difficult>
		<occluded>0</occluded>
		<bndbox>
			<xmin>244</xmin>
			<xmax>286</xmax>
			<ymin>593</ymin>
			<ymax>634</ymax>
		</bndbox>
	</object>
</annotation>
