<annotation>
	<folder></folder>
	<filename>0db694afc8b48e2f53f983d5efc7a595a0df2f2b_png.rf.e69f6f64dcfa004da79e2ccfff90f9af.jpg</filename>
	<path>0db694afc8b48e2f53f983d5efc7a595a0df2f2b_png.rf.e69f6f64dcfa004da79e2ccfff90f9af.jpg</path>
	<source>
		<database>roboflow.ai</database>
	</source>
	<size>
		<width>296</width>
		<height>640</height>
		<depth>3</depth>
	</size>
	<segmented>0</segmented>
	<object>
		<name>Page Controls</name>
		<pose>Unspecified</pose>
		<truncated>0</truncated>
		<difficult>0</difficult>
		<occluded>0</occluded>
		<bndbox>
			<xmin>123</xmin>
			<xmax>176</xmax>
			<ymin>55</ymin>
			<ymax>70</ymax>
		</bndbox>
	</object>
</annotation>
