<annotation>
	<folder></folder>
	<filename>0dc02e33a2441d7c549c151ca5b75a705185bc46_png.rf.f50bf20eab885997a2e05b9f9fd7cd63.jpg</filename>
	<path>0dc02e33a2441d7c549c151ca5b75a705185bc46_png.rf.f50bf20eab885997a2e05b9f9fd7cd63.jpg</path>
	<source>
		<database>roboflow.ai</database>
	</source>
	<size>
		<width>296</width>
		<height>640</height>
		<depth>3</depth>
	</size>
	<segmented>0</segmented>
	<object>
		<name>Text Fields</name>
		<pose>Unspecified</pose>
		<truncated>0</truncated>
		<difficult>0</difficult>
		<occluded>0</occluded>
		<bndbox>
			<xmin>56</xmin>
			<xmax>238</xmax>
			<ymin>136</ymin>
			<ymax>197</ymax>
		</bndbox>
	</object>
</annotation>
