<annotation>
	<folder></folder>
	<filename>0dc3ac05120709ffae106ab35491ca70e6caa638_png.rf.b58925c2c47f096c42d27966dc1af2d7.jpg</filename>
	<path>0dc3ac05120709ffae106ab35491ca70e6caa638_png.rf.b58925c2c47f096c42d27966dc1af2d7.jpg</path>
	<source>
		<database>roboflow.ai</database>
	</source>
	<size>
		<width>296</width>
		<height>640</height>
		<depth>3</depth>
	</size>
	<segmented>0</segmented>
	<object>
		<name>Checkboxes</name>
		<pose>Unspecified</pose>
		<truncated>0</truncated>
		<difficult>0</difficult>
		<occluded>0</occluded>
		<bndbox>
			<xmin>260</xmin>
			<xmax>295</xmax>
			<ymin>477</ymin>
			<ymax>512</ymax>
		</bndbox>
	</object>
	<object>
		<name>Buttons</name>
		<pose>Unspecified</pose>
		<truncated>0</truncated>
		<difficult>0</difficult>
		<occluded>0</occluded>
		<bndbox>
			<xmin>8</xmin>
			<xmax>145</xmax>
			<ymin>581</ymin>
			<ymax>616</ymax>
		</bndbox>
	</object>
	<object>
		<name>Buttons</name>
		<pose>Unspecified</pose>
		<truncated>0</truncated>
		<difficult>0</difficult>
		<occluded>0</occluded>
		<bndbox>
			<xmin>151</xmin>
			<xmax>289</xmax>
			<ymin>581</ymin>
			<ymax>617</ymax>
		</bndbox>
	</object>
</annotation>
