<annotation>
	<folder></folder>
	<filename>0dc5b3aa7d11ab45ab5fb17b950776165a11c250_png.rf.057f8da8ede7b52e6b508327d3a9805d.jpg</filename>
	<path>0dc5b3aa7d11ab45ab5fb17b950776165a11c250_png.rf.057f8da8ede7b52e6b508327d3a9805d.jpg</path>
	<source>
		<database>roboflow.ai</database>
	</source>
	<size>
		<width>296</width>
		<height>640</height>
		<depth>3</depth>
	</size>
	<segmented>0</segmented>
	<object>
		<name>Text Fields</name>
		<pose>Unspecified</pose>
		<truncated>0</truncated>
		<difficult>0</difficult>
		<occluded>0</occluded>
		<bndbox>
			<xmin>23</xmin>
			<xmax>274</xmax>
			<ymin>345</ymin>
			<ymax>405</ymax>
		</bndbox>
	</object>
	<object>
		<name>Buttons</name>
		<pose>Unspecified</pose>
		<truncated>0</truncated>
		<difficult>0</difficult>
		<occluded>0</occluded>
		<bndbox>
			<xmin>23</xmin>
			<xmax>276</xmax>
			<ymin>408</ymin>
			<ymax>458</ymax>
		</bndbox>
	</object>
</annotation>
