<annotation>
	<folder></folder>
	<filename>0dc60dae1c8fd17b8671ad869cba1d74f35bfcfc_png.rf.9d953fa6e8ac2411116e8e10f7f7491f.jpg</filename>
	<path>0dc60dae1c8fd17b8671ad869cba1d74f35bfcfc_png.rf.9d953fa6e8ac2411116e8e10f7f7491f.jpg</path>
	<source>
		<database>roboflow.ai</database>
	</source>
	<size>
		<width>296</width>
		<height>640</height>
		<depth>3</depth>
	</size>
	<segmented>0</segmented>
	<object>
		<name>Radio buttons</name>
		<pose>Unspecified</pose>
		<truncated>0</truncated>
		<difficult>0</difficult>
		<occluded>0</occluded>
		<bndbox>
			<xmin>128</xmin>
			<xmax>171</xmax>
			<ymin>364</ymin>
			<ymax>403</ymax>
		</bndbox>
	</object>
	<object>
		<name>Radio buttons</name>
		<pose>Unspecified</pose>
		<truncated>0</truncated>
		<difficult>0</difficult>
		<occluded>0</occluded>
		<bndbox>
			<xmin>168</xmin>
			<xmax>204</xmax>
			<ymin>368</ymin>
			<ymax>403</ymax>
		</bndbox>
	</object>
	<object>
		<name>Checkboxes</name>
		<pose>Unspecified</pose>
		<truncated>0</truncated>
		<difficult>0</difficult>
		<occluded>0</occluded>
		<bndbox>
			<xmin>88</xmin>
			<xmax>128</xmax>
			<ymin>367</ymin>
			<ymax>403</ymax>
		</bndbox>
	</object>
	<object>
		<name>Buttons</name>
		<pose>Unspecified</pose>
		<truncated>0</truncated>
		<difficult>0</difficult>
		<occluded>0</occluded>
		<bndbox>
			<xmin>46</xmin>
			<xmax>253</xmax>
			<ymin>554</ymin>
			<ymax>597</ymax>
		</bndbox>
	</object>
</annotation>
