<annotation>
	<folder></folder>
	<filename>0dcfde306b8533639671b73975119f53aa34fbdd_png.rf.f92d09d7461fb73f370e0c3cb793c564.jpg</filename>
	<path>0dcfde306b8533639671b73975119f53aa34fbdd_png.rf.f92d09d7461fb73f370e0c3cb793c564.jpg</path>
	<source>
		<database>roboflow.ai</database>
	</source>
	<size>
		<width>296</width>
		<height>640</height>
		<depth>3</depth>
	</size>
	<segmented>0</segmented>
	<object>
		<name>Text Fields</name>
		<pose>Unspecified</pose>
		<truncated>0</truncated>
		<difficult>0</difficult>
		<occluded>0</occluded>
		<bndbox>
			<xmin>14</xmin>
			<xmax>284</xmax>
			<ymin>556</ymin>
			<ymax>602</ymax>
		</bndbox>
	</object>
</annotation>
