<annotation>
	<folder></folder>
	<filename>0de387018d783b98ea415f963777ac25d5cb531b_png.rf.6ec2a76a2996314d56d4857326a69152.jpg</filename>
	<path>0de387018d783b98ea415f963777ac25d5cb531b_png.rf.6ec2a76a2996314d56d4857326a69152.jpg</path>
	<source>
		<database>roboflow.ai</database>
	</source>
	<size>
		<width>296</width>
		<height>640</height>
		<depth>3</depth>
	</size>
	<segmented>0</segmented>
	<object>
		<name>Buttons</name>
		<pose>Unspecified</pose>
		<truncated>0</truncated>
		<difficult>0</difficult>
		<occluded>0</occluded>
		<bndbox>
			<xmin>197</xmin>
			<xmax>267</xmax>
			<ymin>31</ymin>
			<ymax>60</ymax>
		</bndbox>
	</object>
	<object>
		<name>FAB -Floating Action Button-</name>
		<pose>Unspecified</pose>
		<truncated>0</truncated>
		<difficult>0</difficult>
		<occluded>0</occluded>
		<bndbox>
			<xmin>154</xmin>
			<xmax>225</xmax>
			<ymin>269</ymin>
			<ymax>343</ymax>
		</bndbox>
	</object>
</annotation>
