<annotation>
	<folder></folder>
	<filename>0de3129af7d9e41987ca3ee3774919e9afae6391_png.rf.b8cfe3ab9dd799c3499774349aade2ae.jpg</filename>
	<path>0de3129af7d9e41987ca3ee3774919e9afae6391_png.rf.b8cfe3ab9dd799c3499774349aade2ae.jpg</path>
	<source>
		<database>roboflow.ai</database>
	</source>
	<size>
		<width>296</width>
		<height>640</height>
		<depth>3</depth>
	</size>
	<segmented>0</segmented>
	<object>
		<name>Buttons</name>
		<pose>Unspecified</pose>
		<truncated>0</truncated>
		<difficult>0</difficult>
		<occluded>0</occluded>
		<bndbox>
			<xmin>10</xmin>
			<xmax>286</xmax>
			<ymin>517</ymin>
			<ymax>564</ymax>
		</bndbox>
	</object>
	<object>
		<name>FAB -Floating Action Button-</name>
		<pose>Unspecified</pose>
		<truncated>0</truncated>
		<difficult>0</difficult>
		<occluded>0</occluded>
		<bndbox>
			<xmin>9</xmin>
			<xmax>51</xmax>
			<ymin>37</ymin>
			<ymax>77</ymax>
		</bndbox>
	</object>
	<object>
		<name>Buttons</name>
		<pose>Unspecified</pose>
		<truncated>0</truncated>
		<difficult>0</difficult>
		<occluded>0</occluded>
		<bndbox>
			<xmin>12</xmin>
			<xmax>285</xmax>
			<ymin>570</ymin>
			<ymax>613</ymax>
		</bndbox>
	</object>
</annotation>
