<annotation>
	<folder></folder>
	<filename>0df04a061d313f518dc2f1e2880bf24896ea9505_png.rf.1a3fe0324cc31184e51f1d81ebe32885.jpg</filename>
	<path>0df04a061d313f518dc2f1e2880bf24896ea9505_png.rf.1a3fe0324cc31184e51f1d81ebe32885.jpg</path>
	<source>
		<database>roboflow.ai</database>
	</source>
	<size>
		<width>296</width>
		<height>640</height>
		<depth>3</depth>
	</size>
	<segmented>0</segmented>
	<object>
		<name>Buttons</name>
		<pose>Unspecified</pose>
		<truncated>0</truncated>
		<difficult>0</difficult>
		<occluded>0</occluded>
		<bndbox>
			<xmin>217</xmin>
			<xmax>261</xmax>
			<ymin>558</ymin>
			<ymax>581</ymax>
		</bndbox>
	</object>
	<object>
		<name>Buttons</name>
		<pose>Unspecified</pose>
		<truncated>0</truncated>
		<difficult>0</difficult>
		<occluded>0</occluded>
		<bndbox>
			<xmin>204</xmin>
			<xmax>275</xmax>
			<ymin>192</ymin>
			<ymax>216</ymax>
		</bndbox>
	</object>
	<object>
		<name>Buttons</name>
		<pose>Unspecified</pose>
		<truncated>0</truncated>
		<difficult>0</difficult>
		<occluded>0</occluded>
		<bndbox>
			<xmin>14</xmin>
			<xmax>70</xmax>
			<ymin>326</ymin>
			<ymax>357</ymax>
		</bndbox>
	</object>
	<object>
		<name>Buttons</name>
		<pose>Unspecified</pose>
		<truncated>0</truncated>
		<difficult>0</difficult>
		<occluded>0</occluded>
		<bndbox>
			<xmin>226</xmin>
			<xmax>280</xmax>
			<ymin>331</ymin>
			<ymax>357</ymax>
		</bndbox>
	</object>
</annotation>
