<annotation>
	<folder></folder>
	<filename>0df17f241afb419c83bc4b00a08558035f669edc_png.rf.ea4aa5158c54f6678961b49e6e41eaa3.jpg</filename>
	<path>0df17f241afb419c83bc4b00a08558035f669edc_png.rf.ea4aa5158c54f6678961b49e6e41eaa3.jpg</path>
	<source>
		<database>roboflow.ai</database>
	</source>
	<size>
		<width>296</width>
		<height>640</height>
		<depth>3</depth>
	</size>
	<segmented>0</segmented>
	<object>
		<name>Buttons</name>
		<pose>Unspecified</pose>
		<truncated>0</truncated>
		<difficult>0</difficult>
		<occluded>0</occluded>
		<bndbox>
			<xmin>3</xmin>
			<xmax>62</xmax>
			<ymin>31</ymin>
			<ymax>67</ymax>
		</bndbox>
	</object>
</annotation>
