<annotation>
	<folder></folder>
	<filename>0df7a541e5abf8e051007fc27c4d778b7cdb8158_png.rf.4cc4de22b13d73cd261591f00509cca6.jpg</filename>
	<path>0df7a541e5abf8e051007fc27c4d778b7cdb8158_png.rf.4cc4de22b13d73cd261591f00509cca6.jpg</path>
	<source>
		<database>roboflow.ai</database>
	</source>
	<size>
		<width>296</width>
		<height>640</height>
		<depth>3</depth>
	</size>
	<segmented>0</segmented>
	<object>
		<name>Buttons</name>
		<pose>Unspecified</pose>
		<truncated>0</truncated>
		<difficult>0</difficult>
		<occluded>0</occluded>
		<bndbox>
			<xmin>65</xmin>
			<xmax>234</xmax>
			<ymin>377</ymin>
			<ymax>424</ymax>
		</bndbox>
	</object>
	<object>
		<name>Text Fields</name>
		<pose>Unspecified</pose>
		<truncated>0</truncated>
		<difficult>0</difficult>
		<occluded>0</occluded>
		<bndbox>
			<xmin>11</xmin>
			<xmax>288</xmax>
			<ymin>496</ymin>
			<ymax>560</ymax>
		</bndbox>
	</object>
	<object>
		<name>Buttons</name>
		<pose>Unspecified</pose>
		<truncated>0</truncated>
		<difficult>0</difficult>
		<occluded>0</occluded>
		<bndbox>
			<xmin>1</xmin>
			<xmax>295</xmax>
			<ymin>565</ymin>
			<ymax>615</ymax>
		</bndbox>
	</object>
</annotation>
