<annotation>
	<folder></folder>
	<filename>0e0cece1b430b333b1a289106e72552d9b0372db_png.rf.39014c38292a2a977a0a9a5e9e15677c.jpg</filename>
	<path>0e0cece1b430b333b1a289106e72552d9b0372db_png.rf.39014c38292a2a977a0a9a5e9e15677c.jpg</path>
	<source>
		<database>roboflow.ai</database>
	</source>
	<size>
		<width>296</width>
		<height>640</height>
		<depth>3</depth>
	</size>
	<segmented>0</segmented>
	<object>
		<name>Buttons</name>
		<pose>Unspecified</pose>
		<truncated>0</truncated>
		<difficult>0</difficult>
		<occluded>0</occluded>
		<bndbox>
			<xmin>9</xmin>
			<xmax>287</xmax>
			<ymin>530</ymin>
			<ymax>572</ymax>
		</bndbox>
	</object>
	<object>
		<name>Text Fields</name>
		<pose>Unspecified</pose>
		<truncated>0</truncated>
		<difficult>0</difficult>
		<occluded>0</occluded>
		<bndbox>
			<xmin>12</xmin>
			<xmax>136</xmax>
			<ymin>83</ymin>
			<ymax>130</ymax>
		</bndbox>
	</object>
	<object>
		<name>Text Fields</name>
		<pose>Unspecified</pose>
		<truncated>0</truncated>
		<difficult>0</difficult>
		<occluded>0</occluded>
		<bndbox>
			<xmin>19</xmin>
			<xmax>246</xmax>
			<ymin>184</ymin>
			<ymax>226</ymax>
		</bndbox>
	</object>
	<object>
		<name>Text Fields</name>
		<pose>Unspecified</pose>
		<truncated>0</truncated>
		<difficult>0</difficult>
		<occluded>0</occluded>
		<bndbox>
			<xmin>19</xmin>
			<xmax>250</xmax>
			<ymin>230</ymin>
			<ymax>284</ymax>
		</bndbox>
	</object>
	<object>
		<name>Radio buttons</name>
		<pose>Unspecified</pose>
		<truncated>0</truncated>
		<difficult>0</difficult>
		<occluded>0</occluded>
		<bndbox>
			<xmin>167</xmin>
			<xmax>192</xmax>
			<ymin>299</ymin>
			<ymax>325</ymax>
		</bndbox>
	</object>
	<object>
		<name>Radio buttons</name>
		<pose>Unspecified</pose>
		<truncated>0</truncated>
		<difficult>0</difficult>
		<occluded>0</occluded>
		<bndbox>
			<xmin>93</xmin>
			<xmax>114</xmax>
			<ymin>301</ymin>
			<ymax>324</ymax>
		</bndbox>
	</object>
	<object>
		<name>Radio buttons</name>
		<pose>Unspecified</pose>
		<truncated>0</truncated>
		<difficult>0</difficult>
		<occluded>0</occluded>
		<bndbox>
			<xmin>21</xmin>
			<xmax>49</xmax>
			<ymin>302</ymin>
			<ymax>325</ymax>
		</bndbox>
	</object>
</annotation>
