<annotation>
	<folder></folder>
	<filename>0e0d19e9bc36814ad9c66c7f53008a06983822b7_png.rf.cc61450b6acbce2d8333e9dd036d8306.jpg</filename>
	<path>0e0d19e9bc36814ad9c66c7f53008a06983822b7_png.rf.cc61450b6acbce2d8333e9dd036d8306.jpg</path>
	<source>
		<database>roboflow.ai</database>
	</source>
	<size>
		<width>296</width>
		<height>640</height>
		<depth>3</depth>
	</size>
	<segmented>0</segmented>
	<object>
		<name>Text Fields</name>
		<pose>Unspecified</pose>
		<truncated>0</truncated>
		<difficult>0</difficult>
		<occluded>0</occluded>
		<bndbox>
			<xmin>15</xmin>
			<xmax>284</xmax>
			<ymin>252</ymin>
			<ymax>314</ymax>
		</bndbox>
	</object>
	<object>
		<name>Text Fields</name>
		<pose>Unspecified</pose>
		<truncated>0</truncated>
		<difficult>0</difficult>
		<occluded>0</occluded>
		<bndbox>
			<xmin>14</xmin>
			<xmax>282</xmax>
			<ymin>319</ymin>
			<ymax>370</ymax>
		</bndbox>
	</object>
	<object>
		<name>Buttons</name>
		<pose>Unspecified</pose>
		<truncated>0</truncated>
		<difficult>0</difficult>
		<occluded>0</occluded>
		<bndbox>
			<xmin>237</xmin>
			<xmax>292</xmax>
			<ymin>370</ymin>
			<ymax>407</ymax>
		</bndbox>
	</object>
	<object>
		<name>Text Fields</name>
		<pose>Unspecified</pose>
		<truncated>0</truncated>
		<difficult>0</difficult>
		<occluded>0</occluded>
		<bndbox>
			<xmin>9</xmin>
			<xmax>284</xmax>
			<ymin>79</ymin>
			<ymax>154</ymax>
		</bndbox>
	</object>
	<object>
		<name>Text Fields</name>
		<pose>Unspecified</pose>
		<truncated>0</truncated>
		<difficult>0</difficult>
		<occluded>0</occluded>
		<bndbox>
			<xmin>12</xmin>
			<xmax>283</xmax>
			<ymin>186</ymin>
			<ymax>248</ymax>
		</bndbox>
	</object>
</annotation>
