<annotation>
	<folder></folder>
	<filename>0e1338a612984ef9702de3d3c62b7bfb5c98ea20_png.rf.53263daac87d403ffccab9dc5a6d90ec.jpg</filename>
	<path>0e1338a612984ef9702de3d3c62b7bfb5c98ea20_png.rf.53263daac87d403ffccab9dc5a6d90ec.jpg</path>
	<source>
		<database>roboflow.ai</database>
	</source>
	<size>
		<width>296</width>
		<height>640</height>
		<depth>3</depth>
	</size>
	<segmented>0</segmented>
	<object>
		<name>Buttons</name>
		<pose>Unspecified</pose>
		<truncated>0</truncated>
		<difficult>0</difficult>
		<occluded>0</occluded>
		<bndbox>
			<xmin>183</xmin>
			<xmax>267</xmax>
			<ymin>570</ymin>
			<ymax>609</ymax>
		</bndbox>
	</object>
	<object>
		<name>Buttons</name>
		<pose>Unspecified</pose>
		<truncated>0</truncated>
		<difficult>0</difficult>
		<occluded>0</occluded>
		<bndbox>
			<xmin>29</xmin>
			<xmax>182</xmax>
			<ymin>570</ymin>
			<ymax>610</ymax>
		</bndbox>
	</object>
</annotation>
