<annotation>
	<folder></folder>
	<filename>0e20b0d57a2b9a2d1ca532a8747a2b2c11fecf4a_png.rf.a512386fef6078c6b0126a228d9efb5b.jpg</filename>
	<path>0e20b0d57a2b9a2d1ca532a8747a2b2c11fecf4a_png.rf.a512386fef6078c6b0126a228d9efb5b.jpg</path>
	<source>
		<database>roboflow.ai</database>
	</source>
	<size>
		<width>296</width>
		<height>640</height>
		<depth>3</depth>
	</size>
	<segmented>0</segmented>
	<object>
		<name>Buttons</name>
		<pose>Unspecified</pose>
		<truncated>0</truncated>
		<difficult>0</difficult>
		<occluded>0</occluded>
		<bndbox>
			<xmin>5</xmin>
			<xmax>291</xmax>
			<ymin>585</ymin>
			<ymax>626</ymax>
		</bndbox>
	</object>
	<object>
		<name>Page Controls</name>
		<pose>Unspecified</pose>
		<truncated>0</truncated>
		<difficult>0</difficult>
		<occluded>0</occluded>
		<bndbox>
			<xmin>116</xmin>
			<xmax>182</xmax>
			<ymin>555</ymin>
			<ymax>582</ymax>
		</bndbox>
	</object>
	<object>
		<name>Buttons</name>
		<pose>Unspecified</pose>
		<truncated>0</truncated>
		<difficult>0</difficult>
		<occluded>0</occluded>
		<bndbox>
			<xmin>248</xmin>
			<xmax>290</xmax>
			<ymin>37</ymin>
			<ymax>63</ymax>
		</bndbox>
	</object>
</annotation>
