<annotation>
	<folder></folder>
	<filename>0e225a39e7ae0fdf3c781de600d4fd5a8a08f933_png.rf.830142e9e6f92593d42c6c712e7f6614.jpg</filename>
	<path>0e225a39e7ae0fdf3c781de600d4fd5a8a08f933_png.rf.830142e9e6f92593d42c6c712e7f6614.jpg</path>
	<source>
		<database>roboflow.ai</database>
	</source>
	<size>
		<width>296</width>
		<height>640</height>
		<depth>3</depth>
	</size>
	<segmented>0</segmented>
	<object>
		<name>Buttons</name>
		<pose>Unspecified</pose>
		<truncated>0</truncated>
		<difficult>0</difficult>
		<occluded>0</occluded>
		<bndbox>
			<xmin>262</xmin>
			<xmax>288</xmax>
			<ymin>36</ymin>
			<ymax>60</ymax>
		</bndbox>
	</object>
</annotation>
