<annotation>
	<folder></folder>
	<filename>0e26dadbd23e5d47967b96d173af8603004da614_png.rf.834549a946ae14d4d77e807c201071c3.jpg</filename>
	<path>0e26dadbd23e5d47967b96d173af8603004da614_png.rf.834549a946ae14d4d77e807c201071c3.jpg</path>
	<source>
		<database>roboflow.ai</database>
	</source>
	<size>
		<width>296</width>
		<height>640</height>
		<depth>3</depth>
	</size>
	<segmented>0</segmented>
	<object>
		<name>Page Controls</name>
		<pose>Unspecified</pose>
		<truncated>0</truncated>
		<difficult>0</difficult>
		<occluded>0</occluded>
		<bndbox>
			<xmin>114</xmin>
			<xmax>182</xmax>
			<ymin>585</ymin>
			<ymax>607</ymax>
		</bndbox>
	</object>
	<object>
		<name>Buttons</name>
		<pose>Unspecified</pose>
		<truncated>0</truncated>
		<difficult>0</difficult>
		<occluded>0</occluded>
		<bndbox>
			<xmin>235</xmin>
			<xmax>283</xmax>
			<ymin>583</ymin>
			<ymax>614</ymax>
		</bndbox>
	</object>
	<object>
		<name>Buttons</name>
		<pose>Unspecified</pose>
		<truncated>0</truncated>
		<difficult>0</difficult>
		<occluded>0</occluded>
		<bndbox>
			<xmin>12</xmin>
			<xmax>57</xmax>
			<ymin>583</ymin>
			<ymax>614</ymax>
		</bndbox>
	</object>
</annotation>
