<annotation>
	<folder></folder>
	<filename>0e2a27db52b1cceb80b348059387d3c498523b71_png.rf.18e4ab745265c300491d990f1201e893.jpg</filename>
	<path>0e2a27db52b1cceb80b348059387d3c498523b71_png.rf.18e4ab745265c300491d990f1201e893.jpg</path>
	<source>
		<database>roboflow.ai</database>
	</source>
	<size>
		<width>296</width>
		<height>640</height>
		<depth>3</depth>
	</size>
	<segmented>0</segmented>
	<object>
		<name>Buttons</name>
		<pose>Unspecified</pose>
		<truncated>0</truncated>
		<difficult>0</difficult>
		<occluded>0</occluded>
		<bndbox>
			<xmin>6</xmin>
			<xmax>146</xmax>
			<ymin>568</ymin>
			<ymax>611</ymax>
		</bndbox>
	</object>
	<object>
		<name>Buttons</name>
		<pose>Unspecified</pose>
		<truncated>0</truncated>
		<difficult>0</difficult>
		<occluded>0</occluded>
		<bndbox>
			<xmin>151</xmin>
			<xmax>287</xmax>
			<ymin>567</ymin>
			<ymax>612</ymax>
		</bndbox>
	</object>
	<object>
		<name>Radio buttons</name>
		<pose>Unspecified</pose>
		<truncated>0</truncated>
		<difficult>0</difficult>
		<occluded>0</occluded>
		<bndbox>
			<xmin>13</xmin>
			<xmax>40</xmax>
			<ymin>86</ymin>
			<ymax>119</ymax>
		</bndbox>
	</object>
	<object>
		<name>Radio buttons</name>
		<pose>Unspecified</pose>
		<truncated>0</truncated>
		<difficult>0</difficult>
		<occluded>0</occluded>
		<bndbox>
			<xmin>14</xmin>
			<xmax>41</xmax>
			<ymin>122</ymin>
			<ymax>151</ymax>
		</bndbox>
	</object>
</annotation>
