<annotation>
	<folder></folder>
	<filename>0e3b13cafe260e4a494115e7469fb8613f94d79b_png.rf.c1af38557a55abbaf717ecd2b561b2cc.jpg</filename>
	<path>0e3b13cafe260e4a494115e7469fb8613f94d79b_png.rf.c1af38557a55abbaf717ecd2b561b2cc.jpg</path>
	<source>
		<database>roboflow.ai</database>
	</source>
	<size>
		<width>296</width>
		<height>640</height>
		<depth>3</depth>
	</size>
	<segmented>0</segmented>
	<object>
		<name>Buttons</name>
		<pose>Unspecified</pose>
		<truncated>0</truncated>
		<difficult>0</difficult>
		<occluded>0</occluded>
		<bndbox>
			<xmin>10</xmin>
			<xmax>37</xmax>
			<ymin>33</ymin>
			<ymax>61</ymax>
		</bndbox>
	</object>
	<object>
		<name>Buttons</name>
		<pose>Unspecified</pose>
		<truncated>0</truncated>
		<difficult>0</difficult>
		<occluded>0</occluded>
		<bndbox>
			<xmin>16</xmin>
			<xmax>281</xmax>
			<ymin>518</ymin>
			<ymax>560</ymax>
		</bndbox>
	</object>
	<object>
		<name>Buttons</name>
		<pose>Unspecified</pose>
		<truncated>0</truncated>
		<difficult>0</difficult>
		<occluded>0</occluded>
		<bndbox>
			<xmin>17</xmin>
			<xmax>280</xmax>
			<ymin>565</ymin>
			<ymax>602</ymax>
		</bndbox>
	</object>
	<object>
		<name>Buttons</name>
		<pose>Unspecified</pose>
		<truncated>0</truncated>
		<difficult>0</difficult>
		<occluded>0</occluded>
		<bndbox>
			<xmin>14</xmin>
			<xmax>281</xmax>
			<ymin>337</ymin>
			<ymax>376</ymax>
		</bndbox>
	</object>
</annotation>
