<annotation>
	<folder></folder>
	<filename>0e3ee9a30cd91c29b0c36b79bb8fa06073b434e3_png.rf.5bcaf096d247c6de9c15962bc0814bba.jpg</filename>
	<path>0e3ee9a30cd91c29b0c36b79bb8fa06073b434e3_png.rf.5bcaf096d247c6de9c15962bc0814bba.jpg</path>
	<source>
		<database>roboflow.ai</database>
	</source>
	<size>
		<width>296</width>
		<height>640</height>
		<depth>3</depth>
	</size>
	<segmented>0</segmented>
	<object>
		<name>Buttons</name>
		<pose>Unspecified</pose>
		<truncated>0</truncated>
		<difficult>0</difficult>
		<occluded>0</occluded>
		<bndbox>
			<xmin>47</xmin>
			<xmax>250</xmax>
			<ymin>396</ymin>
			<ymax>441</ymax>
		</bndbox>
	</object>
	<object>
		<name>Buttons</name>
		<pose>Unspecified</pose>
		<truncated>0</truncated>
		<difficult>0</difficult>
		<occluded>0</occluded>
		<bndbox>
			<xmin>259</xmin>
			<xmax>288</xmax>
			<ymin>41</ymin>
			<ymax>66</ymax>
		</bndbox>
	</object>
</annotation>
