<annotation>
	<folder></folder>
	<filename>0e3eced2ea29183bd53137a6fcf2ea3afa8ee58f_png.rf.e0d976c50201b5eb3c73a78279cdf65f.jpg</filename>
	<path>0e3eced2ea29183bd53137a6fcf2ea3afa8ee58f_png.rf.e0d976c50201b5eb3c73a78279cdf65f.jpg</path>
	<source>
		<database>roboflow.ai</database>
	</source>
	<size>
		<width>296</width>
		<height>640</height>
		<depth>3</depth>
	</size>
	<segmented>0</segmented>
	<object>
		<name>Buttons</name>
		<pose>Unspecified</pose>
		<truncated>0</truncated>
		<difficult>0</difficult>
		<occluded>0</occluded>
		<bndbox>
			<xmin>222</xmin>
			<xmax>292</xmax>
			<ymin>104</ymin>
			<ymax>130</ymax>
		</bndbox>
	</object>
	<object>
		<name>Buttons</name>
		<pose>Unspecified</pose>
		<truncated>0</truncated>
		<difficult>0</difficult>
		<occluded>0</occluded>
		<bndbox>
			<xmin>253</xmin>
			<xmax>291</xmax>
			<ymin>282</ymin>
			<ymax>305</ymax>
		</bndbox>
	</object>
	<object>
		<name>Buttons</name>
		<pose>Unspecified</pose>
		<truncated>0</truncated>
		<difficult>0</difficult>
		<occluded>0</occluded>
		<bndbox>
			<xmin>99</xmin>
			<xmax>197</xmax>
			<ymin>319</ymin>
			<ymax>344</ymax>
		</bndbox>
	</object>
</annotation>
