<annotation>
	<folder></folder>
	<filename>0e464eaf8db575ca1d974a5cb4062e1369163f81_png.rf.60c95381007d48f4d062b184745909fa.jpg</filename>
	<path>0e464eaf8db575ca1d974a5cb4062e1369163f81_png.rf.60c95381007d48f4d062b184745909fa.jpg</path>
	<source>
		<database>roboflow.ai</database>
	</source>
	<size>
		<width>296</width>
		<height>640</height>
		<depth>3</depth>
	</size>
	<segmented>0</segmented>
	<object>
		<name>Buttons</name>
		<pose>Unspecified</pose>
		<truncated>0</truncated>
		<difficult>0</difficult>
		<occluded>0</occluded>
		<bndbox>
			<xmin>8</xmin>
			<xmax>46</xmax>
			<ymin>342</ymin>
			<ymax>381</ymax>
		</bndbox>
	</object>
</annotation>
