<annotation>
	<folder></folder>
	<filename>0e4757dcd8346da83974bf0292e41b1eff564eb0_png.rf.2040e418a3d4ab5ced8ecd0fb77788ae.jpg</filename>
	<path>0e4757dcd8346da83974bf0292e41b1eff564eb0_png.rf.2040e418a3d4ab5ced8ecd0fb77788ae.jpg</path>
	<source>
		<database>roboflow.ai</database>
	</source>
	<size>
		<width>296</width>
		<height>640</height>
		<depth>3</depth>
	</size>
	<segmented>0</segmented>
	<object>
		<name>Buttons</name>
		<pose>Unspecified</pose>
		<truncated>0</truncated>
		<difficult>0</difficult>
		<occluded>0</occluded>
		<bndbox>
			<xmin>18</xmin>
			<xmax>54</xmax>
			<ymin>430</ymin>
			<ymax>465</ymax>
		</bndbox>
	</object>
</annotation>
