<annotation>
	<folder></folder>
	<filename>0e48a66bae817411e412e37ba2a2e401b6a7218d_png.rf.3d571bd33360380106395992c756414b.jpg</filename>
	<path>0e48a66bae817411e412e37ba2a2e401b6a7218d_png.rf.3d571bd33360380106395992c756414b.jpg</path>
	<source>
		<database>roboflow.ai</database>
	</source>
	<size>
		<width>296</width>
		<height>640</height>
		<depth>3</depth>
	</size>
	<segmented>0</segmented>
	<object>
		<name>Buttons</name>
		<pose>Unspecified</pose>
		<truncated>0</truncated>
		<difficult>0</difficult>
		<occluded>0</occluded>
		<bndbox>
			<xmin>192</xmin>
			<xmax>286</xmax>
			<ymin>387</ymin>
			<ymax>417</ymax>
		</bndbox>
	</object>
	<object>
		<name>Buttons</name>
		<pose>Unspecified</pose>
		<truncated>0</truncated>
		<difficult>0</difficult>
		<occluded>0</occluded>
		<bndbox>
			<xmin>236</xmin>
			<xmax>289</xmax>
			<ymin>186</ymin>
			<ymax>212</ymax>
		</bndbox>
	</object>
</annotation>
