<annotation>
	<folder></folder>
	<filename>0e4bcf5b52a827331fc9f892cf653624d7980a16_png.rf.5b0cd6ac51c6f50d315c0d772d51dc4c.jpg</filename>
	<path>0e4bcf5b52a827331fc9f892cf653624d7980a16_png.rf.5b0cd6ac51c6f50d315c0d772d51dc4c.jpg</path>
	<source>
		<database>roboflow.ai</database>
	</source>
	<size>
		<width>296</width>
		<height>640</height>
		<depth>3</depth>
	</size>
	<segmented>0</segmented>
	<object>
		<name>Checkboxes</name>
		<pose>Unspecified</pose>
		<truncated>0</truncated>
		<difficult>0</difficult>
		<occluded>0</occluded>
		<bndbox>
			<xmin>257</xmin>
			<xmax>296</xmax>
			<ymin>121</ymin>
			<ymax>167</ymax>
		</bndbox>
	</object>
</annotation>
