<annotation>
	<folder></folder>
	<filename>0e518645c3e454f7a0ab42bbcb1f0368c9ec22ab_png.rf.411ec34ac39780aef03c62963b181e01.jpg</filename>
	<path>0e518645c3e454f7a0ab42bbcb1f0368c9ec22ab_png.rf.411ec34ac39780aef03c62963b181e01.jpg</path>
	<source>
		<database>roboflow.ai</database>
	</source>
	<size>
		<width>296</width>
		<height>640</height>
		<depth>3</depth>
	</size>
	<segmented>0</segmented>
	<object>
		<name>Buttons</name>
		<pose>Unspecified</pose>
		<truncated>0</truncated>
		<difficult>0</difficult>
		<occluded>0</occluded>
		<bndbox>
			<xmin>195</xmin>
			<xmax>275</xmax>
			<ymin>515</ymin>
			<ymax>544</ymax>
		</bndbox>
	</object>
	<object>
		<name>Buttons</name>
		<pose>Unspecified</pose>
		<truncated>0</truncated>
		<difficult>0</difficult>
		<occluded>0</occluded>
		<bndbox>
			<xmin>23</xmin>
			<xmax>276</xmax>
			<ymin>549</ymin>
			<ymax>607</ymax>
		</bndbox>
	</object>
	<object>
		<name>FAB -Floating Action Button-</name>
		<pose>Unspecified</pose>
		<truncated>0</truncated>
		<difficult>0</difficult>
		<occluded>0</occluded>
		<bndbox>
			<xmin>11</xmin>
			<xmax>46</xmax>
			<ymin>289</ymin>
			<ymax>325</ymax>
		</bndbox>
	</object>
</annotation>
