<annotation>
	<folder></folder>
	<filename>0e537c2615ab003337d926f0e5c10fd675589e91_png.rf.eae3e276d24db6fda3d7cade2541d3fb.jpg</filename>
	<path>0e537c2615ab003337d926f0e5c10fd675589e91_png.rf.eae3e276d24db6fda3d7cade2541d3fb.jpg</path>
	<source>
		<database>roboflow.ai</database>
	</source>
	<size>
		<width>296</width>
		<height>640</height>
		<depth>3</depth>
	</size>
	<segmented>0</segmented>
	<object>
		<name>Progress indicators</name>
		<pose>Unspecified</pose>
		<truncated>0</truncated>
		<difficult>0</difficult>
		<occluded>0</occluded>
		<bndbox>
			<xmin>131</xmin>
			<xmax>281</xmax>
			<ymin>328</ymin>
			<ymax>347</ymax>
		</bndbox>
	</object>
	<object>
		<name>Progress indicators</name>
		<pose>Unspecified</pose>
		<truncated>0</truncated>
		<difficult>0</difficult>
		<occluded>0</occluded>
		<bndbox>
			<xmin>132</xmin>
			<xmax>281</xmax>
			<ymin>252</ymin>
			<ymax>272</ymax>
		</bndbox>
	</object>
</annotation>
