<annotation>
	<folder></folder>
	<filename>0e53511ea216db220973d54825ee7fcbc7156e84_png.rf.2843f743cdc6858cfbe686061d367a31.jpg</filename>
	<path>0e53511ea216db220973d54825ee7fcbc7156e84_png.rf.2843f743cdc6858cfbe686061d367a31.jpg</path>
	<source>
		<database>roboflow.ai</database>
	</source>
	<size>
		<width>296</width>
		<height>640</height>
		<depth>3</depth>
	</size>
	<segmented>0</segmented>
	<object>
		<name>Buttons</name>
		<pose>Unspecified</pose>
		<truncated>0</truncated>
		<difficult>0</difficult>
		<occluded>0</occluded>
		<bndbox>
			<xmin>36</xmin>
			<xmax>258</xmax>
			<ymin>340</ymin>
			<ymax>381</ymax>
		</bndbox>
	</object>
	<object>
		<name>Buttons</name>
		<pose>Unspecified</pose>
		<truncated>0</truncated>
		<difficult>0</difficult>
		<occluded>0</occluded>
		<bndbox>
			<xmin>97</xmin>
			<xmax>197</xmax>
			<ymin>389</ymin>
			<ymax>415</ymax>
		</bndbox>
	</object>
	<object>
		<name>Buttons</name>
		<pose>Unspecified</pose>
		<truncated>0</truncated>
		<difficult>0</difficult>
		<occluded>0</occluded>
		<bndbox>
			<xmin>250</xmin>
			<xmax>288</xmax>
			<ymin>31</ymin>
			<ymax>62</ymax>
		</bndbox>
	</object>
	<object>
		<name>Text Fields</name>
		<pose>Unspecified</pose>
		<truncated>0</truncated>
		<difficult>0</difficult>
		<occluded>0</occluded>
		<bndbox>
			<xmin>37</xmin>
			<xmax>257</xmax>
			<ymin>238</ymin>
			<ymax>284</ymax>
		</bndbox>
	</object>
	<object>
		<name>Text Fields</name>
		<pose>Unspecified</pose>
		<truncated>0</truncated>
		<difficult>0</difficult>
		<occluded>0</occluded>
		<bndbox>
			<xmin>37</xmin>
			<xmax>258</xmax>
			<ymin>288</ymin>
			<ymax>332</ymax>
		</bndbox>
	</object>
</annotation>
