<annotation>
	<folder></folder>
	<filename>0e544675ffe9e4287b3da674c773b334abd9fffe_png.rf.1044f1fa0bcba887a6368141285cee63.jpg</filename>
	<path>0e544675ffe9e4287b3da674c773b334abd9fffe_png.rf.1044f1fa0bcba887a6368141285cee63.jpg</path>
	<source>
		<database>roboflow.ai</database>
	</source>
	<size>
		<width>296</width>
		<height>640</height>
		<depth>3</depth>
	</size>
	<segmented>0</segmented>
	<object>
		<name>Buttons</name>
		<pose>Unspecified</pose>
		<truncated>0</truncated>
		<difficult>0</difficult>
		<occluded>0</occluded>
		<bndbox>
			<xmin>243</xmin>
			<xmax>285</xmax>
			<ymin>474</ymin>
			<ymax>511</ymax>
		</bndbox>
	</object>
	<object>
		<name>Buttons</name>
		<pose>Unspecified</pose>
		<truncated>0</truncated>
		<difficult>0</difficult>
		<occluded>0</occluded>
		<bndbox>
			<xmin>4</xmin>
			<xmax>59</xmax>
			<ymin>36</ymin>
			<ymax>67</ymax>
		</bndbox>
	</object>
</annotation>
