<annotation>
	<folder></folder>
	<filename>0e5f8ec992348cd512f46da5fc63febb970c6644_png.rf.18f4a56ea8595330f309292eab7f81f6.jpg</filename>
	<path>0e5f8ec992348cd512f46da5fc63febb970c6644_png.rf.18f4a56ea8595330f309292eab7f81f6.jpg</path>
	<source>
		<database>roboflow.ai</database>
	</source>
	<size>
		<width>296</width>
		<height>640</height>
		<depth>3</depth>
	</size>
	<segmented>0</segmented>
	<object>
		<name>Rating</name>
		<pose>Unspecified</pose>
		<truncated>0</truncated>
		<difficult>0</difficult>
		<occluded>0</occluded>
		<bndbox>
			<xmin>74</xmin>
			<xmax>144</xmax>
			<ymin>314</ymin>
			<ymax>336</ymax>
		</bndbox>
	</object>
	<object>
		<name>Buttons</name>
		<pose>Unspecified</pose>
		<truncated>0</truncated>
		<difficult>0</difficult>
		<occluded>0</occluded>
		<bndbox>
			<xmin>13</xmin>
			<xmax>284</xmax>
			<ymin>100</ymin>
			<ymax>131</ymax>
		</bndbox>
	</object>
	<object>
		<name>Buttons</name>
		<pose>Unspecified</pose>
		<truncated>0</truncated>
		<difficult>0</difficult>
		<occluded>0</occluded>
		<bndbox>
			<xmin>147</xmin>
			<xmax>284</xmax>
			<ymin>133</ymin>
			<ymax>174</ymax>
		</bndbox>
	</object>
	<object>
		<name>Buttons</name>
		<pose>Unspecified</pose>
		<truncated>0</truncated>
		<difficult>0</difficult>
		<occluded>0</occluded>
		<bndbox>
			<xmin>11</xmin>
			<xmax>148</xmax>
			<ymin>134</ymin>
			<ymax>174</ymax>
		</bndbox>
	</object>
	<object>
		<name>Buttons</name>
		<pose>Unspecified</pose>
		<truncated>0</truncated>
		<difficult>0</difficult>
		<occluded>0</occluded>
		<bndbox>
			<xmin>97</xmin>
			<xmax>199</xmax>
			<ymin>231</ymin>
			<ymax>255</ymax>
		</bndbox>
	</object>
</annotation>
