<annotation>
	<folder></folder>
	<filename>0e63375ad0b300ee2f3c4f06267e53fa856f39d1_png.rf.2d63fb159bdd312986095eba7564f092.jpg</filename>
	<path>0e63375ad0b300ee2f3c4f06267e53fa856f39d1_png.rf.2d63fb159bdd312986095eba7564f092.jpg</path>
	<source>
		<database>roboflow.ai</database>
	</source>
	<size>
		<width>296</width>
		<height>640</height>
		<depth>3</depth>
	</size>
	<segmented>0</segmented>
	<object>
		<name>Buttons</name>
		<pose>Unspecified</pose>
		<truncated>0</truncated>
		<difficult>0</difficult>
		<occluded>0</occluded>
		<bndbox>
			<xmin>153</xmin>
			<xmax>268</xmax>
			<ymin>516</ymin>
			<ymax>548</ymax>
		</bndbox>
	</object>
	<object>
		<name>Buttons</name>
		<pose>Unspecified</pose>
		<truncated>0</truncated>
		<difficult>0</difficult>
		<occluded>0</occluded>
		<bndbox>
			<xmin>30</xmin>
			<xmax>146</xmax>
			<ymin>516</ymin>
			<ymax>549</ymax>
		</bndbox>
	</object>
</annotation>
