<annotation>
	<folder></folder>
	<filename>0e63838b7eee5e270ac31fa1242d695bda713bad_png.rf.1ccf64c50b241e41a77ef7d477adfebc.jpg</filename>
	<path>0e63838b7eee5e270ac31fa1242d695bda713bad_png.rf.1ccf64c50b241e41a77ef7d477adfebc.jpg</path>
	<source>
		<database>roboflow.ai</database>
	</source>
	<size>
		<width>296</width>
		<height>640</height>
		<depth>3</depth>
	</size>
	<segmented>0</segmented>
	<object>
		<name>Buttons</name>
		<pose>Unspecified</pose>
		<truncated>0</truncated>
		<difficult>0</difficult>
		<occluded>0</occluded>
		<bndbox>
			<xmin>79</xmin>
			<xmax>217</xmax>
			<ymin>390</ymin>
			<ymax>430</ymax>
		</bndbox>
	</object>
</annotation>
