<annotation>
	<folder></folder>
	<filename>0e6cd392e6c1c8c18c7e7c3e46a52e131acc4ae5_png.rf.1b9c8603c85f329429f3421d4b261891.jpg</filename>
	<path>0e6cd392e6c1c8c18c7e7c3e46a52e131acc4ae5_png.rf.1b9c8603c85f329429f3421d4b261891.jpg</path>
	<source>
		<database>roboflow.ai</database>
	</source>
	<size>
		<width>296</width>
		<height>640</height>
		<depth>3</depth>
	</size>
	<segmented>0</segmented>
	<object>
		<name>Buttons</name>
		<pose>Unspecified</pose>
		<truncated>0</truncated>
		<difficult>0</difficult>
		<occluded>0</occluded>
		<bndbox>
			<xmin>38</xmin>
			<xmax>258</xmax>
			<ymin>558</ymin>
			<ymax>603</ymax>
		</bndbox>
	</object>
</annotation>
