<annotation>
	<folder></folder>
	<filename>0e75374bc8d95ccc61890afcc064ae01c95d1179_png.rf.388c6dd46d2646805f5c9b2b7b21fc2e.jpg</filename>
	<path>0e75374bc8d95ccc61890afcc064ae01c95d1179_png.rf.388c6dd46d2646805f5c9b2b7b21fc2e.jpg</path>
	<source>
		<database>roboflow.ai</database>
	</source>
	<size>
		<width>296</width>
		<height>640</height>
		<depth>3</depth>
	</size>
	<segmented>0</segmented>
	<object>
		<name>Buttons</name>
		<pose>Unspecified</pose>
		<truncated>0</truncated>
		<difficult>0</difficult>
		<occluded>0</occluded>
		<bndbox>
			<xmin>8</xmin>
			<xmax>76</xmax>
			<ymin>302</ymin>
			<ymax>325</ymax>
		</bndbox>
	</object>
	<object>
		<name>Buttons</name>
		<pose>Unspecified</pose>
		<truncated>0</truncated>
		<difficult>0</difficult>
		<occluded>0</occluded>
		<bndbox>
			<xmin>88</xmin>
			<xmax>208</xmax>
			<ymin>36</ymin>
			<ymax>63</ymax>
		</bndbox>
	</object>
</annotation>
