<annotation>
	<folder></folder>
	<filename>0e88b5ada43e0ad3736a714b205e677757b8fd8a_png.rf.8c4e98d6217ce7c3842c53e305ea2316.jpg</filename>
	<path>0e88b5ada43e0ad3736a714b205e677757b8fd8a_png.rf.8c4e98d6217ce7c3842c53e305ea2316.jpg</path>
	<source>
		<database>roboflow.ai</database>
	</source>
	<size>
		<width>296</width>
		<height>640</height>
		<depth>3</depth>
	</size>
	<segmented>0</segmented>
	<object>
		<name>Buttons</name>
		<pose>Unspecified</pose>
		<truncated>0</truncated>
		<difficult>0</difficult>
		<occluded>0</occluded>
		<bndbox>
			<xmin>216</xmin>
			<xmax>279</xmax>
			<ymin>582</ymin>
			<ymax>613</ymax>
		</bndbox>
	</object>
	<object>
		<name>Page Controls</name>
		<pose>Unspecified</pose>
		<truncated>0</truncated>
		<difficult>0</difficult>
		<occluded>0</occluded>
		<bndbox>
			<xmin>114</xmin>
			<xmax>181</xmax>
			<ymin>580</ymin>
			<ymax>612</ymax>
		</bndbox>
	</object>
</annotation>
