<annotation>
	<folder></folder>
	<filename>0e8ed8b7b6a1430538b9f1100d8ab22764759e30_png.rf.4c0d6f5b1d7842cd9d05112622ee5a9b.jpg</filename>
	<path>0e8ed8b7b6a1430538b9f1100d8ab22764759e30_png.rf.4c0d6f5b1d7842cd9d05112622ee5a9b.jpg</path>
	<source>
		<database>roboflow.ai</database>
	</source>
	<size>
		<width>296</width>
		<height>640</height>
		<depth>3</depth>
	</size>
	<segmented>0</segmented>
	<object>
		<name>Buttons</name>
		<pose>Unspecified</pose>
		<truncated>0</truncated>
		<difficult>0</difficult>
		<occluded>0</occluded>
		<bndbox>
			<xmin>203</xmin>
			<xmax>238</xmax>
			<ymin>344</ymin>
			<ymax>381</ymax>
		</bndbox>
	</object>
	<object>
		<name>Buttons</name>
		<pose>Unspecified</pose>
		<truncated>0</truncated>
		<difficult>0</difficult>
		<occluded>0</occluded>
		<bndbox>
			<xmin>5</xmin>
			<xmax>41</xmax>
			<ymin>344</ymin>
			<ymax>381</ymax>
		</bndbox>
	</object>
	<object>
		<name>Buttons</name>
		<pose>Unspecified</pose>
		<truncated>0</truncated>
		<difficult>0</difficult>
		<occluded>0</occluded>
		<bndbox>
			<xmin>241</xmin>
			<xmax>286</xmax>
			<ymin>345</ymin>
			<ymax>382</ymax>
		</bndbox>
	</object>
</annotation>
