<annotation>
	<folder></folder>
	<filename>0e94fa102971f4645c36ef65e0ebd3f451579219_png.rf.c8dbac0bc8fe05e35bda04ef3c786ff9.jpg</filename>
	<path>0e94fa102971f4645c36ef65e0ebd3f451579219_png.rf.c8dbac0bc8fe05e35bda04ef3c786ff9.jpg</path>
	<source>
		<database>roboflow.ai</database>
	</source>
	<size>
		<width>296</width>
		<height>640</height>
		<depth>3</depth>
	</size>
	<segmented>0</segmented>
	<object>
		<name>Progress indicators</name>
		<pose>Unspecified</pose>
		<truncated>0</truncated>
		<difficult>0</difficult>
		<occluded>0</occluded>
		<bndbox>
			<xmin>49</xmin>
			<xmax>241</xmax>
			<ymin>24</ymin>
			<ymax>50</ymax>
		</bndbox>
	</object>
	<object>
		<name>Buttons</name>
		<pose>Unspecified</pose>
		<truncated>0</truncated>
		<difficult>0</difficult>
		<occluded>0</occluded>
		<bndbox>
			<xmin>85</xmin>
			<xmax>209</xmax>
			<ymin>474</ymin>
			<ymax>512</ymax>
		</bndbox>
	</object>
</annotation>
