<annotation>
	<folder></folder>
	<filename>0e96779837c1e1c55b15e45732b8a9e1bcb5b86b_png.rf.dbf886cf8ff0172220e9fc6f0166de06.jpg</filename>
	<path>0e96779837c1e1c55b15e45732b8a9e1bcb5b86b_png.rf.dbf886cf8ff0172220e9fc6f0166de06.jpg</path>
	<source>
		<database>roboflow.ai</database>
	</source>
	<size>
		<width>296</width>
		<height>640</height>
		<depth>3</depth>
	</size>
	<segmented>0</segmented>
	<object>
		<name>Buttons</name>
		<pose>Unspecified</pose>
		<truncated>0</truncated>
		<difficult>0</difficult>
		<occluded>0</occluded>
		<bndbox>
			<xmin>239</xmin>
			<xmax>291</xmax>
			<ymin>40</ymin>
			<ymax>68</ymax>
		</bndbox>
	</object>
	<object>
		<name>Buttons</name>
		<pose>Unspecified</pose>
		<truncated>0</truncated>
		<difficult>0</difficult>
		<occluded>0</occluded>
		<bndbox>
			<xmin>83</xmin>
			<xmax>214</xmax>
			<ymin>574</ymin>
			<ymax>614</ymax>
		</bndbox>
	</object>
</annotation>
