<annotation>
	<folder></folder>
	<filename>0e975c1918f7e15af048995002c39eb19b14d36f_png.rf.53e13c6a02c6da985e39ffcc1a1b31a5.jpg</filename>
	<path>0e975c1918f7e15af048995002c39eb19b14d36f_png.rf.53e13c6a02c6da985e39ffcc1a1b31a5.jpg</path>
	<source>
		<database>roboflow.ai</database>
	</source>
	<size>
		<width>296</width>
		<height>640</height>
		<depth>3</depth>
	</size>
	<segmented>0</segmented>
	<object>
		<name>Switches</name>
		<pose>Unspecified</pose>
		<truncated>0</truncated>
		<difficult>0</difficult>
		<occluded>0</occluded>
		<bndbox>
			<xmin>238</xmin>
			<xmax>288</xmax>
			<ymin>181</ymin>
			<ymax>211</ymax>
		</bndbox>
	</object>
</annotation>
