<annotation>
	<folder></folder>
	<filename>0e9f96787a38fece55a00967a002edbf7b4a86ae_png.rf.1894bd040c8df6ce8bd7aaea3d47c6ec.jpg</filename>
	<path>0e9f96787a38fece55a00967a002edbf7b4a86ae_png.rf.1894bd040c8df6ce8bd7aaea3d47c6ec.jpg</path>
	<source>
		<database>roboflow.ai</database>
	</source>
	<size>
		<width>296</width>
		<height>640</height>
		<depth>3</depth>
	</size>
	<segmented>0</segmented>
	<object>
		<name>Buttons</name>
		<pose>Unspecified</pose>
		<truncated>0</truncated>
		<difficult>0</difficult>
		<occluded>0</occluded>
		<bndbox>
			<xmin>8</xmin>
			<xmax>288</xmax>
			<ymin>579</ymin>
			<ymax>621</ymax>
		</bndbox>
	</object>
</annotation>
