<annotation>
	<folder></folder>
	<filename>0ea3ea17dd73c89c985b773dd949e52fb0d7cc11_png.rf.a45c44d96a71d369a4aef92c56a177cd.jpg</filename>
	<path>0ea3ea17dd73c89c985b773dd949e52fb0d7cc11_png.rf.a45c44d96a71d369a4aef92c56a177cd.jpg</path>
	<source>
		<database>roboflow.ai</database>
	</source>
	<size>
		<width>296</width>
		<height>640</height>
		<depth>3</depth>
	</size>
	<segmented>0</segmented>
	<object>
		<name>Buttons</name>
		<pose>Unspecified</pose>
		<truncated>0</truncated>
		<difficult>0</difficult>
		<occluded>0</occluded>
		<bndbox>
			<xmin>124</xmin>
			<xmax>175</xmax>
			<ymin>568</ymin>
			<ymax>607</ymax>
		</bndbox>
	</object>
	<object>
		<name>Buttons</name>
		<pose>Unspecified</pose>
		<truncated>0</truncated>
		<difficult>0</difficult>
		<occluded>0</occluded>
		<bndbox>
			<xmin>98</xmin>
			<xmax>199</xmax>
			<ymin>413</ymin>
			<ymax>454</ymax>
		</bndbox>
	</object>
</annotation>
