<annotation>
	<folder></folder>
	<filename>0eaf8e4f7ca4cad0bfba8a969070f2f1b01a5958_png.rf.167629c37af61f1cd899cae31a313060.jpg</filename>
	<path>0eaf8e4f7ca4cad0bfba8a969070f2f1b01a5958_png.rf.167629c37af61f1cd899cae31a313060.jpg</path>
	<source>
		<database>roboflow.ai</database>
	</source>
	<size>
		<width>296</width>
		<height>640</height>
		<depth>3</depth>
	</size>
	<segmented>0</segmented>
	<object>
		<name>Buttons</name>
		<pose>Unspecified</pose>
		<truncated>0</truncated>
		<difficult>0</difficult>
		<occluded>0</occluded>
		<bndbox>
			<xmin>258</xmin>
			<xmax>289</xmax>
			<ymin>54</ymin>
			<ymax>83</ymax>
		</bndbox>
	</object>
</annotation>
