<annotation>
	<folder></folder>
	<filename>0ed335bece4a6c2faa41966a397d8aa3dbd2145d_png.rf.a1bacdd6b27ef8c4d0bdaa78cce157bc.jpg</filename>
	<path>0ed335bece4a6c2faa41966a397d8aa3dbd2145d_png.rf.a1bacdd6b27ef8c4d0bdaa78cce157bc.jpg</path>
	<source>
		<database>roboflow.ai</database>
	</source>
	<size>
		<width>296</width>
		<height>640</height>
		<depth>3</depth>
	</size>
	<segmented>0</segmented>
	<object>
		<name>Buttons</name>
		<pose>Unspecified</pose>
		<truncated>0</truncated>
		<difficult>0</difficult>
		<occluded>0</occluded>
		<bndbox>
			<xmin>232</xmin>
			<xmax>286</xmax>
			<ymin>34</ymin>
			<ymax>68</ymax>
		</bndbox>
	</object>
	<object>
		<name>Buttons</name>
		<pose>Unspecified</pose>
		<truncated>0</truncated>
		<difficult>0</difficult>
		<occluded>0</occluded>
		<bndbox>
			<xmin>10</xmin>
			<xmax>87</xmax>
			<ymin>571</ymin>
			<ymax>605</ymax>
		</bndbox>
	</object>
</annotation>
