<annotation>
	<folder></folder>
	<filename>0edc85d9cba2c763b7042978214a21642613568f_png.rf.c16dc46796416d2f5600ada0a23a5d90.jpg</filename>
	<path>0edc85d9cba2c763b7042978214a21642613568f_png.rf.c16dc46796416d2f5600ada0a23a5d90.jpg</path>
	<source>
		<database>roboflow.ai</database>
	</source>
	<size>
		<width>296</width>
		<height>640</height>
		<depth>3</depth>
	</size>
	<segmented>0</segmented>
	<object>
		<name>Buttons</name>
		<pose>Unspecified</pose>
		<truncated>0</truncated>
		<difficult>0</difficult>
		<occluded>0</occluded>
		<bndbox>
			<xmin>47</xmin>
			<xmax>254</xmax>
			<ymin>491</ymin>
			<ymax>540</ymax>
		</bndbox>
	</object>
</annotation>
