<annotation>
	<folder></folder>
	<filename>0ee220fccd81465817c928615ee84d845e35e55b_png.rf.e81f12a08dac92cdf96808718c55ba40.jpg</filename>
	<path>0ee220fccd81465817c928615ee84d845e35e55b_png.rf.e81f12a08dac92cdf96808718c55ba40.jpg</path>
	<source>
		<database>roboflow.ai</database>
	</source>
	<size>
		<width>296</width>
		<height>640</height>
		<depth>3</depth>
	</size>
	<segmented>0</segmented>
	<object>
		<name>Buttons</name>
		<pose>Unspecified</pose>
		<truncated>0</truncated>
		<difficult>0</difficult>
		<occluded>0</occluded>
		<bndbox>
			<xmin>22</xmin>
			<xmax>273</xmax>
			<ymin>306</ymin>
			<ymax>355</ymax>
		</bndbox>
	</object>
</annotation>
