<annotation>
	<folder></folder>
	<filename>0ee36aab064e8341066d7ba989b311289ce16654_png.rf.ef0e4de79944e0af9bfee86696ec4c6c.jpg</filename>
	<path>0ee36aab064e8341066d7ba989b311289ce16654_png.rf.ef0e4de79944e0af9bfee86696ec4c6c.jpg</path>
	<source>
		<database>roboflow.ai</database>
	</source>
	<size>
		<width>296</width>
		<height>640</height>
		<depth>3</depth>
	</size>
	<segmented>0</segmented>
	<object>
		<name>Buttons</name>
		<pose>Unspecified</pose>
		<truncated>0</truncated>
		<difficult>0</difficult>
		<occluded>0</occluded>
		<bndbox>
			<xmin>11</xmin>
			<xmax>287</xmax>
			<ymin>545</ymin>
			<ymax>587</ymax>
		</bndbox>
	</object>
</annotation>
