<annotation>
	<folder></folder>
	<filename>0ee5d9476ed14c9fc6726820a2030d695c324392_png.rf.d2f70461081058ea735bee87b8734b72.jpg</filename>
	<path>0ee5d9476ed14c9fc6726820a2030d695c324392_png.rf.d2f70461081058ea735bee87b8734b72.jpg</path>
	<source>
		<database>roboflow.ai</database>
	</source>
	<size>
		<width>296</width>
		<height>640</height>
		<depth>3</depth>
	</size>
	<segmented>0</segmented>
	<object>
		<name>Buttons</name>
		<pose>Unspecified</pose>
		<truncated>0</truncated>
		<difficult>0</difficult>
		<occluded>0</occluded>
		<bndbox>
			<xmin>214</xmin>
			<xmax>276</xmax>
			<ymin>32</ymin>
			<ymax>69</ymax>
		</bndbox>
	</object>
	<object>
		<name>Buttons</name>
		<pose>Unspecified</pose>
		<truncated>0</truncated>
		<difficult>0</difficult>
		<occluded>0</occluded>
		<bndbox>
			<xmin>18</xmin>
			<xmax>281</xmax>
			<ymin>566</ymin>
			<ymax>610</ymax>
		</bndbox>
	</object>
</annotation>
