<annotation>
	<folder></folder>
	<filename>0eec8e64755a9faef6029868d82bc26a19176825_png.rf.096c5722ef34110c64dedaf9f43d237f.jpg</filename>
	<path>0eec8e64755a9faef6029868d82bc26a19176825_png.rf.096c5722ef34110c64dedaf9f43d237f.jpg</path>
	<source>
		<database>roboflow.ai</database>
	</source>
	<size>
		<width>296</width>
		<height>640</height>
		<depth>3</depth>
	</size>
	<segmented>0</segmented>
	<object>
		<name>Buttons</name>
		<pose>Unspecified</pose>
		<truncated>0</truncated>
		<difficult>0</difficult>
		<occluded>0</occluded>
		<bndbox>
			<xmin>105</xmin>
			<xmax>150</xmax>
			<ymin>102</ymin>
			<ymax>128</ymax>
		</bndbox>
	</object>
</annotation>
