<annotation>
	<folder></folder>
	<filename>0ef0b502ce3b6449ab655de128b20d4126808d52_png.rf.f49e8a32b46f7589761f9c42e4d0d615.jpg</filename>
	<path>0ef0b502ce3b6449ab655de128b20d4126808d52_png.rf.f49e8a32b46f7589761f9c42e4d0d615.jpg</path>
	<source>
		<database>roboflow.ai</database>
	</source>
	<size>
		<width>296</width>
		<height>640</height>
		<depth>3</depth>
	</size>
	<segmented>0</segmented>
	<object>
		<name>Buttons</name>
		<pose>Unspecified</pose>
		<truncated>0</truncated>
		<difficult>0</difficult>
		<occluded>0</occluded>
		<bndbox>
			<xmin>222</xmin>
			<xmax>266</xmax>
			<ymin>476</ymin>
			<ymax>521</ymax>
		</bndbox>
	</object>
	<object>
		<name>Buttons</name>
		<pose>Unspecified</pose>
		<truncated>0</truncated>
		<difficult>0</difficult>
		<occluded>0</occluded>
		<bndbox>
			<xmin>33</xmin>
			<xmax>217</xmax>
			<ymin>476</ymin>
			<ymax>520</ymax>
		</bndbox>
	</object>
	<object>
		<name>Buttons</name>
		<pose>Unspecified</pose>
		<truncated>0</truncated>
		<difficult>0</difficult>
		<occluded>0</occluded>
		<bndbox>
			<xmin>214</xmin>
			<xmax>268</xmax>
			<ymin>584</ymin>
			<ymax>607</ymax>
		</bndbox>
	</object>
	<object>
		<name>Buttons</name>
		<pose>Unspecified</pose>
		<truncated>0</truncated>
		<difficult>0</difficult>
		<occluded>0</occluded>
		<bndbox>
			<xmin>10</xmin>
			<xmax>42</xmax>
			<ymin>45</ymin>
			<ymax>77</ymax>
		</bndbox>
	</object>
</annotation>
