<annotation>
	<folder></folder>
	<filename>0ef458bfc2978dc4ca89535c4bd1d30228109499_png.rf.379044d3bc550dbf900d0b29d3902826.jpg</filename>
	<path>0ef458bfc2978dc4ca89535c4bd1d30228109499_png.rf.379044d3bc550dbf900d0b29d3902826.jpg</path>
	<source>
		<database>roboflow.ai</database>
	</source>
	<size>
		<width>296</width>
		<height>640</height>
		<depth>3</depth>
	</size>
	<segmented>0</segmented>
	<object>
		<name>Buttons</name>
		<pose>Unspecified</pose>
		<truncated>0</truncated>
		<difficult>0</difficult>
		<occluded>0</occluded>
		<bndbox>
			<xmin>7</xmin>
			<xmax>113</xmax>
			<ymin>347</ymin>
			<ymax>373</ymax>
		</bndbox>
	</object>
	<object>
		<name>Buttons</name>
		<pose>Unspecified</pose>
		<truncated>0</truncated>
		<difficult>0</difficult>
		<occluded>0</occluded>
		<bndbox>
			<xmin>8</xmin>
			<xmax>94</xmax>
			<ymin>92</ymin>
			<ymax>122</ymax>
		</bndbox>
	</object>
</annotation>
