<annotation>
	<folder></folder>
	<filename>0ef51d45215c5ccb01641670607c87de51bc3970_png.rf.76b220a2f637e5dc7dd3b21de4ee4916.jpg</filename>
	<path>0ef51d45215c5ccb01641670607c87de51bc3970_png.rf.76b220a2f637e5dc7dd3b21de4ee4916.jpg</path>
	<source>
		<database>roboflow.ai</database>
	</source>
	<size>
		<width>296</width>
		<height>640</height>
		<depth>3</depth>
	</size>
	<segmented>0</segmented>
	<object>
		<name>Buttons</name>
		<pose>Unspecified</pose>
		<truncated>0</truncated>
		<difficult>0</difficult>
		<occluded>0</occluded>
		<bndbox>
			<xmin>13</xmin>
			<xmax>279</xmax>
			<ymin>137</ymin>
			<ymax>186</ymax>
		</bndbox>
	</object>
	<object>
		<name>Buttons</name>
		<pose>Unspecified</pose>
		<truncated>0</truncated>
		<difficult>0</difficult>
		<occluded>0</occluded>
		<bndbox>
			<xmin>239</xmin>
			<xmax>276</xmax>
			<ymin>82</ymin>
			<ymax>119</ymax>
		</bndbox>
	</object>
</annotation>
