<annotation>
	<folder></folder>
	<filename>0f0504e997b82c4fa3377cf8e9a21a44d798103d_png.rf.ab9d51508f9e85e123e5a6ce3b938c5d.jpg</filename>
	<path>0f0504e997b82c4fa3377cf8e9a21a44d798103d_png.rf.ab9d51508f9e85e123e5a6ce3b938c5d.jpg</path>
	<source>
		<database>roboflow.ai</database>
	</source>
	<size>
		<width>296</width>
		<height>640</height>
		<depth>3</depth>
	</size>
	<segmented>0</segmented>
	<object>
		<name>Buttons</name>
		<pose>Unspecified</pose>
		<truncated>0</truncated>
		<difficult>0</difficult>
		<occluded>0</occluded>
		<bndbox>
			<xmin>8</xmin>
			<xmax>36</xmax>
			<ymin>34</ymin>
			<ymax>61</ymax>
		</bndbox>
	</object>
	<object>
		<name>Buttons</name>
		<pose>Unspecified</pose>
		<truncated>0</truncated>
		<difficult>0</difficult>
		<occluded>0</occluded>
		<bndbox>
			<xmin>192</xmin>
			<xmax>285</xmax>
			<ymin>584</ymin>
			<ymax>621</ymax>
		</bndbox>
	</object>
	<object>
		<name>Text Fields</name>
		<pose>Unspecified</pose>
		<truncated>0</truncated>
		<difficult>0</difficult>
		<occluded>0</occluded>
		<bndbox>
			<xmin>10</xmin>
			<xmax>191</xmax>
			<ymin>588</ymin>
			<ymax>621</ymax>
		</bndbox>
	</object>
	<object>
		<name>Buttons</name>
		<pose>Unspecified</pose>
		<truncated>0</truncated>
		<difficult>0</difficult>
		<occluded>0</occluded>
		<bndbox>
			<xmin>190</xmin>
			<xmax>253</xmax>
			<ymin>273</ymin>
			<ymax>305</ymax>
		</bndbox>
	</object>
</annotation>
