<annotation>
	<folder></folder>
	<filename>0f0bb9777339d32f7ae1ec01c56ea8fd05f6056e_png.rf.0b3295d0816df5629e518042a4a32de9.jpg</filename>
	<path>0f0bb9777339d32f7ae1ec01c56ea8fd05f6056e_png.rf.0b3295d0816df5629e518042a4a32de9.jpg</path>
	<source>
		<database>roboflow.ai</database>
	</source>
	<size>
		<width>296</width>
		<height>640</height>
		<depth>3</depth>
	</size>
	<segmented>0</segmented>
	<object>
		<name>Buttons</name>
		<pose>Unspecified</pose>
		<truncated>0</truncated>
		<difficult>0</difficult>
		<occluded>0</occluded>
		<bndbox>
			<xmin>116</xmin>
			<xmax>177</xmax>
			<ymin>571</ymin>
			<ymax>605</ymax>
		</bndbox>
	</object>
	<object>
		<name>Progress indicators</name>
		<pose>Unspecified</pose>
		<truncated>0</truncated>
		<difficult>0</difficult>
		<occluded>0</occluded>
		<bndbox>
			<xmin>256</xmin>
			<xmax>288</xmax>
			<ymin>87</ymin>
			<ymax>125</ymax>
		</bndbox>
	</object>
</annotation>
