<annotation>
	<folder></folder>
	<filename>0f11f935384779745fb37be13e83038729250955_png.rf.755e833218b3974a97887fa44ff157de.jpg</filename>
	<path>0f11f935384779745fb37be13e83038729250955_png.rf.755e833218b3974a97887fa44ff157de.jpg</path>
	<source>
		<database>roboflow.ai</database>
	</source>
	<size>
		<width>296</width>
		<height>640</height>
		<depth>3</depth>
	</size>
	<segmented>0</segmented>
	<object>
		<name>Buttons</name>
		<pose>Unspecified</pose>
		<truncated>0</truncated>
		<difficult>0</difficult>
		<occluded>0</occluded>
		<bndbox>
			<xmin>219</xmin>
			<xmax>287</xmax>
			<ymin>435</ymin>
			<ymax>469</ymax>
		</bndbox>
	</object>
	<object>
		<name>Rating</name>
		<pose>Unspecified</pose>
		<truncated>0</truncated>
		<difficult>0</difficult>
		<occluded>0</occluded>
		<bndbox>
			<xmin>222</xmin>
			<xmax>295</xmax>
			<ymin>355</ymin>
			<ymax>375</ymax>
		</bndbox>
	</object>
	<object>
		<name>Rating</name>
		<pose>Unspecified</pose>
		<truncated>0</truncated>
		<difficult>0</difficult>
		<occluded>0</occluded>
		<bndbox>
			<xmin>48</xmin>
			<xmax>146</xmax>
			<ymin>359</ymin>
			<ymax>376</ymax>
		</bndbox>
	</object>
	<object>
		<name>Buttons</name>
		<pose>Unspecified</pose>
		<truncated>0</truncated>
		<difficult>0</difficult>
		<occluded>0</occluded>
		<bndbox>
			<xmin>224</xmin>
			<xmax>295</xmax>
			<ymin>324</ymin>
			<ymax>358</ymax>
		</bndbox>
	</object>
	<object>
		<name>Buttons</name>
		<pose>Unspecified</pose>
		<truncated>0</truncated>
		<difficult>0</difficult>
		<occluded>0</occluded>
		<bndbox>
			<xmin>52</xmin>
			<xmax>139</xmax>
			<ymin>326</ymin>
			<ymax>357</ymax>
		</bndbox>
	</object>
</annotation>
