<annotation>
	<folder></folder>
	<filename>0f1c6de900f98cfb1f2e4255cf4dec1e7141fe5a_png.rf.5dbad838b42bcdcef23b93d1c5320565.jpg</filename>
	<path>0f1c6de900f98cfb1f2e4255cf4dec1e7141fe5a_png.rf.5dbad838b42bcdcef23b93d1c5320565.jpg</path>
	<source>
		<database>roboflow.ai</database>
	</source>
	<size>
		<width>296</width>
		<height>640</height>
		<depth>3</depth>
	</size>
	<segmented>0</segmented>
	<object>
		<name>FAB -Floating Action Button-</name>
		<pose>Unspecified</pose>
		<truncated>0</truncated>
		<difficult>0</difficult>
		<occluded>0</occluded>
		<bndbox>
			<xmin>6</xmin>
			<xmax>215</xmax>
			<ymin>352</ymin>
			<ymax>389</ymax>
		</bndbox>
	</object>
	<object>
		<name>FAB -Floating Action Button-</name>
		<pose>Unspecified</pose>
		<truncated>0</truncated>
		<difficult>0</difficult>
		<occluded>0</occluded>
		<bndbox>
			<xmin>217</xmin>
			<xmax>292</xmax>
			<ymin>354</ymin>
			<ymax>389</ymax>
		</bndbox>
	</object>
</annotation>
