<annotation>
	<folder></folder>
	<filename>0f1d87572ef8901dce34a3e45ba1c95857677969_png.rf.365f69a043cdca0337564ab65aff9827.jpg</filename>
	<path>0f1d87572ef8901dce34a3e45ba1c95857677969_png.rf.365f69a043cdca0337564ab65aff9827.jpg</path>
	<source>
		<database>roboflow.ai</database>
	</source>
	<size>
		<width>296</width>
		<height>640</height>
		<depth>3</depth>
	</size>
	<segmented>0</segmented>
	<object>
		<name>Page Controls</name>
		<pose>Unspecified</pose>
		<truncated>0</truncated>
		<difficult>0</difficult>
		<occluded>0</occluded>
		<bndbox>
			<xmin>113</xmin>
			<xmax>186</xmax>
			<ymin>98</ymin>
			<ymax>117</ymax>
		</bndbox>
	</object>
</annotation>
