<annotation>
	<folder></folder>
	<filename>0f3650b9ed3bf643f2ee1a471d2cc8a5be5b0e36_png.rf.bd4e07aa2171d1c5774daaf7a51b2cd9.jpg</filename>
	<path>0f3650b9ed3bf643f2ee1a471d2cc8a5be5b0e36_png.rf.bd4e07aa2171d1c5774daaf7a51b2cd9.jpg</path>
	<source>
		<database>roboflow.ai</database>
	</source>
	<size>
		<width>296</width>
		<height>640</height>
		<depth>3</depth>
	</size>
	<segmented>0</segmented>
	<object>
		<name>FAB -Floating Action Button-</name>
		<pose>Unspecified</pose>
		<truncated>0</truncated>
		<difficult>0</difficult>
		<occluded>0</occluded>
		<bndbox>
			<xmin>201</xmin>
			<xmax>275</xmax>
			<ymin>517</ymin>
			<ymax>544</ymax>
		</bndbox>
	</object>
	<object>
		<name>Buttons</name>
		<pose>Unspecified</pose>
		<truncated>0</truncated>
		<difficult>0</difficult>
		<occluded>0</occluded>
		<bndbox>
			<xmin>21</xmin>
			<xmax>277</xmax>
			<ymin>552</ymin>
			<ymax>603</ymax>
		</bndbox>
	</object>
	<object>
		<name>FAB -Floating Action Button-</name>
		<pose>Unspecified</pose>
		<truncated>0</truncated>
		<difficult>0</difficult>
		<occluded>0</occluded>
		<bndbox>
			<xmin>9</xmin>
			<xmax>49</xmax>
			<ymin>291</ymin>
			<ymax>325</ymax>
		</bndbox>
	</object>
</annotation>
