<annotation>
	<folder></folder>
	<filename>0f38867c28f3ff7b26ba76a072239224d15c4fab_png.rf.4684d0569db492c1facdf4dbc9414a1a.jpg</filename>
	<path>0f38867c28f3ff7b26ba76a072239224d15c4fab_png.rf.4684d0569db492c1facdf4dbc9414a1a.jpg</path>
	<source>
		<database>roboflow.ai</database>
	</source>
	<size>
		<width>296</width>
		<height>640</height>
		<depth>3</depth>
	</size>
	<segmented>0</segmented>
	<object>
		<name>Buttons</name>
		<pose>Unspecified</pose>
		<truncated>0</truncated>
		<difficult>0</difficult>
		<occluded>0</occluded>
		<bndbox>
			<xmin>13</xmin>
			<xmax>62</xmax>
			<ymin>39</ymin>
			<ymax>65</ymax>
		</bndbox>
	</object>
</annotation>
