<annotation>
	<folder></folder>
	<filename>0f470896f260ed9f9f7ad1cfa31df5aecac73741_png.rf.eedfe54f24b361ec2bcd56f9586ab960.jpg</filename>
	<path>0f470896f260ed9f9f7ad1cfa31df5aecac73741_png.rf.eedfe54f24b361ec2bcd56f9586ab960.jpg</path>
	<source>
		<database>roboflow.ai</database>
	</source>
	<size>
		<width>296</width>
		<height>640</height>
		<depth>3</depth>
	</size>
	<segmented>0</segmented>
	<object>
		<name>Buttons</name>
		<pose>Unspecified</pose>
		<truncated>0</truncated>
		<difficult>0</difficult>
		<occluded>0</occluded>
		<bndbox>
			<xmin>257</xmin>
			<xmax>296</xmax>
			<ymin>29</ymin>
			<ymax>60</ymax>
		</bndbox>
	</object>
	<object>
		<name>Buttons</name>
		<pose>Unspecified</pose>
		<truncated>0</truncated>
		<difficult>0</difficult>
		<occluded>0</occluded>
		<bndbox>
			<xmin>1</xmin>
			<xmax>54</xmax>
			<ymin>30</ymin>
			<ymax>63</ymax>
		</bndbox>
	</object>
</annotation>
