<annotation>
	<folder></folder>
	<filename>0f52325d8cb12c223b8a807c0df3f87253e2e2a6_png.rf.8c9be074f98c2eed13aafe96b42ba4f8.jpg</filename>
	<path>0f52325d8cb12c223b8a807c0df3f87253e2e2a6_png.rf.8c9be074f98c2eed13aafe96b42ba4f8.jpg</path>
	<source>
		<database>roboflow.ai</database>
	</source>
	<size>
		<width>296</width>
		<height>640</height>
		<depth>3</depth>
	</size>
	<segmented>0</segmented>
	<object>
		<name>Buttons</name>
		<pose>Unspecified</pose>
		<truncated>0</truncated>
		<difficult>0</difficult>
		<occluded>0</occluded>
		<bndbox>
			<xmin>10</xmin>
			<xmax>287</xmax>
			<ymin>509</ymin>
			<ymax>552</ymax>
		</bndbox>
	</object>
	<object>
		<name>Switches</name>
		<pose>Unspecified</pose>
		<truncated>0</truncated>
		<difficult>0</difficult>
		<occluded>0</occluded>
		<bndbox>
			<xmin>247</xmin>
			<xmax>287</xmax>
			<ymin>231</ymin>
			<ymax>262</ymax>
		</bndbox>
	</object>
</annotation>
