<annotation>
	<folder></folder>
	<filename>0f5b9689f1c19de86b6c193af7b51b9dad1afead_png.rf.26da30481594c6a4748147032b6d93b8.jpg</filename>
	<path>0f5b9689f1c19de86b6c193af7b51b9dad1afead_png.rf.26da30481594c6a4748147032b6d93b8.jpg</path>
	<source>
		<database>roboflow.ai</database>
	</source>
	<size>
		<width>296</width>
		<height>640</height>
		<depth>3</depth>
	</size>
	<segmented>0</segmented>
	<object>
		<name>Buttons</name>
		<pose>Unspecified</pose>
		<truncated>0</truncated>
		<difficult>0</difficult>
		<occluded>0</occluded>
		<bndbox>
			<xmin>12</xmin>
			<xmax>192</xmax>
			<ymin>283</ymin>
			<ymax>318</ymax>
		</bndbox>
	</object>
	<object>
		<name>Text Fields</name>
		<pose>Unspecified</pose>
		<truncated>0</truncated>
		<difficult>0</difficult>
		<occluded>0</occluded>
		<bndbox>
			<xmin>8</xmin>
			<xmax>274</xmax>
			<ymin>90</ymin>
			<ymax>150</ymax>
		</bndbox>
	</object>
	<object>
		<name>Text Fields</name>
		<pose>Unspecified</pose>
		<truncated>0</truncated>
		<difficult>0</difficult>
		<occluded>0</occluded>
		<bndbox>
			<xmin>11</xmin>
			<xmax>272</xmax>
			<ymin>158</ymin>
			<ymax>209</ymax>
		</bndbox>
	</object>
	<object>
		<name>Text Fields</name>
		<pose>Unspecified</pose>
		<truncated>0</truncated>
		<difficult>0</difficult>
		<occluded>0</occluded>
		<bndbox>
			<xmin>10</xmin>
			<xmax>272</xmax>
			<ymin>219</ymin>
			<ymax>271</ymax>
		</bndbox>
	</object>
</annotation>
