<annotation>
	<folder></folder>
	<filename>0f61f77e2ad37e33ff032e8276746d0aa9f88f3f_png.rf.29b4c9099c95139cf8e30de1787e8e22.jpg</filename>
	<path>0f61f77e2ad37e33ff032e8276746d0aa9f88f3f_png.rf.29b4c9099c95139cf8e30de1787e8e22.jpg</path>
	<source>
		<database>roboflow.ai</database>
	</source>
	<size>
		<width>296</width>
		<height>640</height>
		<depth>3</depth>
	</size>
	<segmented>0</segmented>
	<object>
		<name>Buttons</name>
		<pose>Unspecified</pose>
		<truncated>0</truncated>
		<difficult>0</difficult>
		<occluded>0</occluded>
		<bndbox>
			<xmin>27</xmin>
			<xmax>269</xmax>
			<ymin>354</ymin>
			<ymax>393</ymax>
		</bndbox>
	</object>
	<object>
		<name>Buttons</name>
		<pose>Unspecified</pose>
		<truncated>0</truncated>
		<difficult>0</difficult>
		<occluded>0</occluded>
		<bndbox>
			<xmin>208</xmin>
			<xmax>256</xmax>
			<ymin>39</ymin>
			<ymax>69</ymax>
		</bndbox>
	</object>
	<object>
		<name>Progress indicators</name>
		<pose>Unspecified</pose>
		<truncated>0</truncated>
		<difficult>0</difficult>
		<occluded>0</occluded>
		<bndbox>
			<xmin>52</xmin>
			<xmax>191</xmax>
			<ymin>67</ymin>
			<ymax>78</ymax>
		</bndbox>
	</object>
</annotation>
