<annotation>
	<folder></folder>
	<filename>0f6a4f4b8b41794086717e30e2a84dc1e152b43a_png.rf.643d53593293f1e1e2548b34b15116cb.jpg</filename>
	<path>0f6a4f4b8b41794086717e30e2a84dc1e152b43a_png.rf.643d53593293f1e1e2548b34b15116cb.jpg</path>
	<source>
		<database>roboflow.ai</database>
	</source>
	<size>
		<width>296</width>
		<height>640</height>
		<depth>3</depth>
	</size>
	<segmented>0</segmented>
	<object>
		<name>Page Controls</name>
		<pose>Unspecified</pose>
		<truncated>0</truncated>
		<difficult>0</difficult>
		<occluded>0</occluded>
		<bndbox>
			<xmin>114</xmin>
			<xmax>180</xmax>
			<ymin>439</ymin>
			<ymax>463</ymax>
		</bndbox>
	</object>
	<object>
		<name>Buttons</name>
		<pose>Unspecified</pose>
		<truncated>0</truncated>
		<difficult>0</difficult>
		<occluded>0</occluded>
		<bndbox>
			<xmin>32</xmin>
			<xmax>266</xmax>
			<ymin>524</ymin>
			<ymax>567</ymax>
		</bndbox>
	</object>
</annotation>
