<annotation>
	<folder></folder>
	<filename>0f6c9bb746dca14fe359fb17f0235a63c44fb93e_png.rf.39d5620c26e27b18ee691f9957fd68e7.jpg</filename>
	<path>0f6c9bb746dca14fe359fb17f0235a63c44fb93e_png.rf.39d5620c26e27b18ee691f9957fd68e7.jpg</path>
	<source>
		<database>roboflow.ai</database>
	</source>
	<size>
		<width>296</width>
		<height>640</height>
		<depth>3</depth>
	</size>
	<segmented>0</segmented>
	<object>
		<name>Buttons</name>
		<pose>Unspecified</pose>
		<truncated>0</truncated>
		<difficult>0</difficult>
		<occluded>0</occluded>
		<bndbox>
			<xmin>1</xmin>
			<xmax>295</xmax>
			<ymin>566</ymin>
			<ymax>619</ymax>
		</bndbox>
	</object>
	<object>
		<name>Steppers</name>
		<pose>Unspecified</pose>
		<truncated>0</truncated>
		<difficult>0</difficult>
		<occluded>0</occluded>
		<bndbox>
			<xmin>91</xmin>
			<xmax>162</xmax>
			<ymin>186</ymin>
			<ymax>213</ymax>
		</bndbox>
	</object>
	<object>
		<name>Checkboxes</name>
		<pose>Unspecified</pose>
		<truncated>0</truncated>
		<difficult>0</difficult>
		<occluded>0</occluded>
		<bndbox>
			<xmin>33</xmin>
			<xmax>49</xmax>
			<ymin>256</ymin>
			<ymax>275</ymax>
		</bndbox>
	</object>
</annotation>
