<annotation>
	<folder></folder>
	<filename>0f6fed73f4cde966470575a3eb83f5729d9f6267_png.rf.0883bf64d7f84947d5ef9aa8045096af.jpg</filename>
	<path>0f6fed73f4cde966470575a3eb83f5729d9f6267_png.rf.0883bf64d7f84947d5ef9aa8045096af.jpg</path>
	<source>
		<database>roboflow.ai</database>
	</source>
	<size>
		<width>296</width>
		<height>640</height>
		<depth>3</depth>
	</size>
	<segmented>0</segmented>
	<object>
		<name>Buttons</name>
		<pose>Unspecified</pose>
		<truncated>0</truncated>
		<difficult>0</difficult>
		<occluded>0</occluded>
		<bndbox>
			<xmin>233</xmin>
			<xmax>284</xmax>
			<ymin>41</ymin>
			<ymax>80</ymax>
		</bndbox>
	</object>
	<object>
		<name>Text Fields</name>
		<pose>Unspecified</pose>
		<truncated>0</truncated>
		<difficult>0</difficult>
		<occluded>0</occluded>
		<bndbox>
			<xmin>1</xmin>
			<xmax>295</xmax>
			<ymin>91</ymin>
			<ymax>139</ymax>
		</bndbox>
	</object>
</annotation>
