<annotation>
	<folder></folder>
	<filename>0f8dcb870b64d47bc5ded6259ccbe615164403b1_png.rf.aa755541a5c2501586a0711ff91fdd8c.jpg</filename>
	<path>0f8dcb870b64d47bc5ded6259ccbe615164403b1_png.rf.aa755541a5c2501586a0711ff91fdd8c.jpg</path>
	<source>
		<database>roboflow.ai</database>
	</source>
	<size>
		<width>296</width>
		<height>640</height>
		<depth>3</depth>
	</size>
	<segmented>0</segmented>
	<object>
		<name>Pickers</name>
		<pose>Unspecified</pose>
		<truncated>0</truncated>
		<difficult>0</difficult>
		<occluded>0</occluded>
		<bndbox>
			<xmin>16</xmin>
			<xmax>277</xmax>
			<ymin>368</ymin>
			<ymax>534</ymax>
		</bndbox>
	</object>
	<object>
		<name>Buttons</name>
		<pose>Unspecified</pose>
		<truncated>0</truncated>
		<difficult>0</difficult>
		<occluded>0</occluded>
		<bndbox>
			<xmin>76</xmin>
			<xmax>223</xmax>
			<ymin>534</ymin>
			<ymax>570</ymax>
		</bndbox>
	</object>
	<object>
		<name>Buttons</name>
		<pose>Unspecified</pose>
		<truncated>0</truncated>
		<difficult>0</difficult>
		<occluded>0</occluded>
		<bndbox>
			<xmin>124</xmin>
			<xmax>174</xmax>
			<ymin>578</ymin>
			<ymax>601</ymax>
		</bndbox>
	</object>
	<object>
		<name>Progress indicators</name>
		<pose>Unspecified</pose>
		<truncated>0</truncated>
		<difficult>0</difficult>
		<occluded>0</occluded>
		<bndbox>
			<xmin>9</xmin>
			<xmax>287</xmax>
			<ymin>70</ymin>
			<ymax>84</ymax>
		</bndbox>
	</object>
	<object>
		<name>Buttons</name>
		<pose>Unspecified</pose>
		<truncated>0</truncated>
		<difficult>0</difficult>
		<occluded>0</occluded>
		<bndbox>
			<xmin>240</xmin>
			<xmax>292</xmax>
			<ymin>328</ymin>
			<ymax>370</ymax>
		</bndbox>
	</object>
</annotation>
