<annotation>
	<folder></folder>
	<filename>0f8d35a9374d46fec0f84428a6a08d8112dae4b2_png.rf.8cd73c62b0a00107892e73562b1119cb.jpg</filename>
	<path>0f8d35a9374d46fec0f84428a6a08d8112dae4b2_png.rf.8cd73c62b0a00107892e73562b1119cb.jpg</path>
	<source>
		<database>roboflow.ai</database>
	</source>
	<size>
		<width>296</width>
		<height>640</height>
		<depth>3</depth>
	</size>
	<segmented>0</segmented>
	<object>
		<name>Buttons</name>
		<pose>Unspecified</pose>
		<truncated>0</truncated>
		<difficult>0</difficult>
		<occluded>0</occluded>
		<bndbox>
			<xmin>31</xmin>
			<xmax>267</xmax>
			<ymin>499</ymin>
			<ymax>539</ymax>
		</bndbox>
	</object>
	<object>
		<name>Buttons</name>
		<pose>Unspecified</pose>
		<truncated>0</truncated>
		<difficult>0</difficult>
		<occluded>0</occluded>
		<bndbox>
			<xmin>102</xmin>
			<xmax>192</xmax>
			<ymin>544</ymin>
			<ymax>569</ymax>
		</bndbox>
	</object>
</annotation>
