<annotation>
	<folder></folder>
	<filename>0f9546f8dc4a3abf320507a96bb2ab744eeaa650_png.rf.6cd9e49c8e71c7a58f04bb10b0e90c89.jpg</filename>
	<path>0f9546f8dc4a3abf320507a96bb2ab744eeaa650_png.rf.6cd9e49c8e71c7a58f04bb10b0e90c89.jpg</path>
	<source>
		<database>roboflow.ai</database>
	</source>
	<size>
		<width>296</width>
		<height>640</height>
		<depth>3</depth>
	</size>
	<segmented>0</segmented>
	<object>
		<name>FAB -Floating Action Button-</name>
		<pose>Unspecified</pose>
		<truncated>0</truncated>
		<difficult>0</difficult>
		<occluded>0</occluded>
		<bndbox>
			<xmin>242</xmin>
			<xmax>289</xmax>
			<ymin>566</ymin>
			<ymax>609</ymax>
		</bndbox>
	</object>
</annotation>
