<annotation>
	<folder></folder>
	<filename>0fa75d60e9b826c2929e824c591ae2dcc5a23398_png.rf.3bc3417d411bc4b861d4b107d3708b5c.jpg</filename>
	<path>0fa75d60e9b826c2929e824c591ae2dcc5a23398_png.rf.3bc3417d411bc4b861d4b107d3708b5c.jpg</path>
	<source>
		<database>roboflow.ai</database>
	</source>
	<size>
		<width>296</width>
		<height>640</height>
		<depth>3</depth>
	</size>
	<segmented>0</segmented>
	<object>
		<name>Page Controls</name>
		<pose>Unspecified</pose>
		<truncated>0</truncated>
		<difficult>0</difficult>
		<occluded>0</occluded>
		<bndbox>
			<xmin>112</xmin>
			<xmax>187</xmax>
			<ymin>583</ymin>
			<ymax>611</ymax>
		</bndbox>
	</object>
</annotation>
