<annotation>
	<folder></folder>
	<filename>0fa891560c6c1ac438ae202810a587c890813329_png.rf.fadc89bbac5f34ac51df5d1a6073bf1f.jpg</filename>
	<path>0fa891560c6c1ac438ae202810a587c890813329_png.rf.fadc89bbac5f34ac51df5d1a6073bf1f.jpg</path>
	<source>
		<database>roboflow.ai</database>
	</source>
	<size>
		<width>296</width>
		<height>640</height>
		<depth>3</depth>
	</size>
	<segmented>0</segmented>
	<object>
		<name>Buttons</name>
		<pose>Unspecified</pose>
		<truncated>0</truncated>
		<difficult>0</difficult>
		<occluded>0</occluded>
		<bndbox>
			<xmin>218</xmin>
			<xmax>259</xmax>
			<ymin>362</ymin>
			<ymax>397</ymax>
		</bndbox>
	</object>
	<object>
		<name>Buttons</name>
		<pose>Unspecified</pose>
		<truncated>0</truncated>
		<difficult>0</difficult>
		<occluded>0</occluded>
		<bndbox>
			<xmin>241</xmin>
			<xmax>275</xmax>
			<ymin>455</ymin>
			<ymax>493</ymax>
		</bndbox>
	</object>
	<object>
		<name>Buttons</name>
		<pose>Unspecified</pose>
		<truncated>0</truncated>
		<difficult>0</difficult>
		<occluded>0</occluded>
		<bndbox>
			<xmin>12</xmin>
			<xmax>144</xmax>
			<ymin>515</ymin>
			<ymax>563</ymax>
		</bndbox>
	</object>
	<object>
		<name>Buttons</name>
		<pose>Unspecified</pose>
		<truncated>0</truncated>
		<difficult>0</difficult>
		<occluded>0</occluded>
		<bndbox>
			<xmin>149</xmin>
			<xmax>282</xmax>
			<ymin>516</ymin>
			<ymax>565</ymax>
		</bndbox>
	</object>
</annotation>
