<annotation>
	<folder></folder>
	<filename>0fccf4ce4c96d8b6c344c92d53a3c62523873560_png.rf.9022ce9240c8b89c782a9fce666cca7f.jpg</filename>
	<path>0fccf4ce4c96d8b6c344c92d53a3c62523873560_png.rf.9022ce9240c8b89c782a9fce666cca7f.jpg</path>
	<source>
		<database>roboflow.ai</database>
	</source>
	<size>
		<width>296</width>
		<height>640</height>
		<depth>3</depth>
	</size>
	<segmented>0</segmented>
	<object>
		<name>Buttons</name>
		<pose>Unspecified</pose>
		<truncated>0</truncated>
		<difficult>0</difficult>
		<occluded>0</occluded>
		<bndbox>
			<xmin>61</xmin>
			<xmax>259</xmax>
			<ymin>65</ymin>
			<ymax>97</ymax>
		</bndbox>
	</object>
	<object>
		<name>Buttons</name>
		<pose>Unspecified</pose>
		<truncated>0</truncated>
		<difficult>0</difficult>
		<occluded>0</occluded>
		<bndbox>
			<xmin>8</xmin>
			<xmax>46</xmax>
			<ymin>161</ymin>
			<ymax>200</ymax>
		</bndbox>
	</object>
</annotation>
