<annotation>
	<folder></folder>
	<filename>0fcd95c0e0197d8a36b4f73e96edc8a6f5187187_png.rf.ef61335e96fa231667088fc4c856c36f.jpg</filename>
	<path>0fcd95c0e0197d8a36b4f73e96edc8a6f5187187_png.rf.ef61335e96fa231667088fc4c856c36f.jpg</path>
	<source>
		<database>roboflow.ai</database>
	</source>
	<size>
		<width>296</width>
		<height>640</height>
		<depth>3</depth>
	</size>
	<segmented>0</segmented>
	<object>
		<name>Buttons</name>
		<pose>Unspecified</pose>
		<truncated>0</truncated>
		<difficult>0</difficult>
		<occluded>0</occluded>
		<bndbox>
			<xmin>205</xmin>
			<xmax>283</xmax>
			<ymin>228</ymin>
			<ymax>259</ymax>
		</bndbox>
	</object>
</annotation>
