<annotation>
	<folder></folder>
	<filename>0fd2904f868f22fb0241a2f801f2774ac25dd48d_png.rf.cb84db0bf946edd3143ff75b116a26f1.jpg</filename>
	<path>0fd2904f868f22fb0241a2f801f2774ac25dd48d_png.rf.cb84db0bf946edd3143ff75b116a26f1.jpg</path>
	<source>
		<database>roboflow.ai</database>
	</source>
	<size>
		<width>296</width>
		<height>640</height>
		<depth>3</depth>
	</size>
	<segmented>0</segmented>
	<object>
		<name>Buttons</name>
		<pose>Unspecified</pose>
		<truncated>0</truncated>
		<difficult>0</difficult>
		<occluded>0</occluded>
		<bndbox>
			<xmin>41</xmin>
			<xmax>253</xmax>
			<ymin>367</ymin>
			<ymax>409</ymax>
		</bndbox>
	</object>
	<object>
		<name>Buttons</name>
		<pose>Unspecified</pose>
		<truncated>0</truncated>
		<difficult>0</difficult>
		<occluded>0</occluded>
		<bndbox>
			<xmin>41</xmin>
			<xmax>254</xmax>
			<ymin>434</ymin>
			<ymax>476</ymax>
		</bndbox>
	</object>
	<object>
		<name>Buttons</name>
		<pose>Unspecified</pose>
		<truncated>0</truncated>
		<difficult>0</difficult>
		<occluded>0</occluded>
		<bndbox>
			<xmin>92</xmin>
			<xmax>202</xmax>
			<ymin>483</ymin>
			<ymax>511</ymax>
		</bndbox>
	</object>
	<object>
		<name>Buttons</name>
		<pose>Unspecified</pose>
		<truncated>0</truncated>
		<difficult>0</difficult>
		<occluded>0</occluded>
		<bndbox>
			<xmin>7</xmin>
			<xmax>287</xmax>
			<ymin>584</ymin>
			<ymax>628</ymax>
		</bndbox>
	</object>
</annotation>
