<annotation>
	<folder></folder>
	<filename>0fd4218c3c83c6b53c78aac63cf6f28310d33f71_png.rf.488480108f36b29e81663b99c19fe572.jpg</filename>
	<path>0fd4218c3c83c6b53c78aac63cf6f28310d33f71_png.rf.488480108f36b29e81663b99c19fe572.jpg</path>
	<source>
		<database>roboflow.ai</database>
	</source>
	<size>
		<width>296</width>
		<height>640</height>
		<depth>3</depth>
	</size>
	<segmented>0</segmented>
	<object>
		<name>Checkboxes</name>
		<pose>Unspecified</pose>
		<truncated>0</truncated>
		<difficult>0</difficult>
		<occluded>0</occluded>
		<bndbox>
			<xmin>261</xmin>
			<xmax>285</xmax>
			<ymin>321</ymin>
			<ymax>347</ymax>
		</bndbox>
	</object>
	<object>
		<name>Buttons</name>
		<pose>Unspecified</pose>
		<truncated>0</truncated>
		<difficult>0</difficult>
		<occluded>0</occluded>
		<bndbox>
			<xmin>4</xmin>
			<xmax>290</xmax>
			<ymin>568</ymin>
			<ymax>613</ymax>
		</bndbox>
	</object>
	<object>
		<name>Buttons</name>
		<pose>Unspecified</pose>
		<truncated>0</truncated>
		<difficult>0</difficult>
		<occluded>0</occluded>
		<bndbox>
			<xmin>7</xmin>
			<xmax>61</xmax>
			<ymin>50</ymin>
			<ymax>76</ymax>
		</bndbox>
	</object>
	<object>
		<name>Buttons</name>
		<pose>Unspecified</pose>
		<truncated>0</truncated>
		<difficult>0</difficult>
		<occluded>0</occluded>
		<bndbox>
			<xmin>244</xmin>
			<xmax>290</xmax>
			<ymin>51</ymin>
			<ymax>77</ymax>
		</bndbox>
	</object>
</annotation>
