<annotation>
	<folder></folder>
	<filename>0fe09f2f4548b07af554e20bcf873d2ff4285cac_png.rf.9ae7a53e02f0c21b1cc6f449b7c841b5.jpg</filename>
	<path>0fe09f2f4548b07af554e20bcf873d2ff4285cac_png.rf.9ae7a53e02f0c21b1cc6f449b7c841b5.jpg</path>
	<source>
		<database>roboflow.ai</database>
	</source>
	<size>
		<width>296</width>
		<height>640</height>
		<depth>3</depth>
	</size>
	<segmented>0</segmented>
	<object>
		<name>Buttons</name>
		<pose>Unspecified</pose>
		<truncated>0</truncated>
		<difficult>0</difficult>
		<occluded>0</occluded>
		<bndbox>
			<xmin>19</xmin>
			<xmax>279</xmax>
			<ymin>307</ymin>
			<ymax>353</ymax>
		</bndbox>
	</object>
	<object>
		<name>Buttons</name>
		<pose>Unspecified</pose>
		<truncated>0</truncated>
		<difficult>0</difficult>
		<occluded>0</occluded>
		<bndbox>
			<xmin>19</xmin>
			<xmax>280</xmax>
			<ymin>383</ymin>
			<ymax>429</ymax>
		</bndbox>
	</object>
	<object>
		<name>Buttons</name>
		<pose>Unspecified</pose>
		<truncated>0</truncated>
		<difficult>0</difficult>
		<occluded>0</occluded>
		<bndbox>
			<xmin>19</xmin>
			<xmax>279</xmax>
			<ymin>432</ymin>
			<ymax>475</ymax>
		</bndbox>
	</object>
</annotation>
