<annotation>
	<folder></folder>
	<filename>0fe26972df0dfea7174583c86dc182495f914e8e_png.rf.7efe642ff119829c81d87bd70e0decfd.jpg</filename>
	<path>0fe26972df0dfea7174583c86dc182495f914e8e_png.rf.7efe642ff119829c81d87bd70e0decfd.jpg</path>
	<source>
		<database>roboflow.ai</database>
	</source>
	<size>
		<width>296</width>
		<height>640</height>
		<depth>3</depth>
	</size>
	<segmented>0</segmented>
	<object>
		<name>Buttons</name>
		<pose>Unspecified</pose>
		<truncated>0</truncated>
		<difficult>0</difficult>
		<occluded>0</occluded>
		<bndbox>
			<xmin>112</xmin>
			<xmax>188</xmax>
			<ymin>251</ymin>
			<ymax>280</ymax>
		</bndbox>
	</object>
	<object>
		<name>Buttons</name>
		<pose>Unspecified</pose>
		<truncated>0</truncated>
		<difficult>0</difficult>
		<occluded>0</occluded>
		<bndbox>
			<xmin>9</xmin>
			<xmax>144</xmax>
			<ymin>101</ymin>
			<ymax>142</ymax>
		</bndbox>
	</object>
</annotation>
