<annotation>
	<folder></folder>
	<filename>0fefe68aebef28435d40c3f304a4d45299a5674d_png.rf.f8d2bf9d1f2701d864cdee04172bf7d8.jpg</filename>
	<path>0fefe68aebef28435d40c3f304a4d45299a5674d_png.rf.f8d2bf9d1f2701d864cdee04172bf7d8.jpg</path>
	<source>
		<database>roboflow.ai</database>
	</source>
	<size>
		<width>296</width>
		<height>640</height>
		<depth>3</depth>
	</size>
	<segmented>0</segmented>
	<object>
		<name>Buttons</name>
		<pose>Unspecified</pose>
		<truncated>0</truncated>
		<difficult>0</difficult>
		<occluded>0</occluded>
		<bndbox>
			<xmin>5</xmin>
			<xmax>67</xmax>
			<ymin>32</ymin>
			<ymax>66</ymax>
		</bndbox>
	</object>
	<object>
		<name>Buttons</name>
		<pose>Unspecified</pose>
		<truncated>0</truncated>
		<difficult>0</difficult>
		<occluded>0</occluded>
		<bndbox>
			<xmin>27</xmin>
			<xmax>267</xmax>
			<ymin>421</ymin>
			<ymax>462</ymax>
		</bndbox>
	</object>
</annotation>
