<annotation>
	<folder></folder>
	<filename>10ba66cc5317cce5c1d01b4451f007946c1b8ea8_jpeg.rf.f3e9af80b31c9fbd0b0d4afc5de5bc0f.jpg</filename>
	<path>10ba66cc5317cce5c1d01b4451f007946c1b8ea8_jpeg.rf.f3e9af80b31c9fbd0b0d4afc5de5bc0f.jpg</path>
	<source>
		<database>roboflow.ai</database>
	</source>
	<size>
		<width>296</width>
		<height>640</height>
		<depth>3</depth>
	</size>
	<segmented>0</segmented>
	<object>
		<name>Text Fields</name>
		<pose>Unspecified</pose>
		<truncated>0</truncated>
		<difficult>0</difficult>
		<occluded>0</occluded>
		<bndbox>
			<xmin>44</xmin>
			<xmax>286</xmax>
			<ymin>37</ymin>
			<ymax>71</ymax>
		</bndbox>
	</object>
</annotation>
