<annotation>
	<folder></folder>
	<filename>12ef325c9a4af364cdc2d0c1a0966d6139c66e96_jpeg.rf.fc7466be21eb9638252da617ac098a70.jpg</filename>
	<path>12ef325c9a4af364cdc2d0c1a0966d6139c66e96_jpeg.rf.fc7466be21eb9638252da617ac098a70.jpg</path>
	<source>
		<database>roboflow.ai</database>
	</source>
	<size>
		<width>296</width>
		<height>640</height>
		<depth>3</depth>
	</size>
	<segmented>0</segmented>
	<object>
		<name>Text Fields</name>
		<pose>Unspecified</pose>
		<truncated>0</truncated>
		<difficult>0</difficult>
		<occluded>0</occluded>
		<bndbox>
			<xmin>8</xmin>
			<xmax>289</xmax>
			<ymin>354</ymin>
			<ymax>401</ymax>
		</bndbox>
	</object>
	<object>
		<name>FAB -Floating Action Button-</name>
		<pose>Unspecified</pose>
		<truncated>0</truncated>
		<difficult>0</difficult>
		<occluded>0</occluded>
		<bndbox>
			<xmin>118</xmin>
			<xmax>181</xmax>
			<ymin>45</ymin>
			<ymax>79</ymax>
		</bndbox>
	</object>
</annotation>
