<annotation>
	<folder></folder>
	<filename>1642efcadd62c3fcbbb7c7b71dd8a44c2f1aef7a_jpeg.rf.696ee4da77395ea9842acdfea292ce0a.jpg</filename>
	<path>1642efcadd62c3fcbbb7c7b71dd8a44c2f1aef7a_jpeg.rf.696ee4da77395ea9842acdfea292ce0a.jpg</path>
	<source>
		<database>roboflow.ai</database>
	</source>
	<size>
		<width>296</width>
		<height>640</height>
		<depth>3</depth>
	</size>
	<segmented>0</segmented>
	<object>
		<name>Buttons</name>
		<pose>Unspecified</pose>
		<truncated>0</truncated>
		<difficult>0</difficult>
		<occluded>0</occluded>
		<bndbox>
			<xmin>16</xmin>
			<xmax>278</xmax>
			<ymin>575</ymin>
			<ymax>618</ymax>
		</bndbox>
	</object>
</annotation>
