<annotation>
	<folder></folder>
	<filename>16b6d634d5c54dc2420a668bca73cbc25df54fce_jpeg.rf.73728f5be4bd4d22929a409a04c14cc8.jpg</filename>
	<path>16b6d634d5c54dc2420a668bca73cbc25df54fce_jpeg.rf.73728f5be4bd4d22929a409a04c14cc8.jpg</path>
	<source>
		<database>roboflow.ai</database>
	</source>
	<size>
		<width>296</width>
		<height>640</height>
		<depth>3</depth>
	</size>
	<segmented>0</segmented>
	<object>
		<name>Buttons</name>
		<pose>Unspecified</pose>
		<truncated>0</truncated>
		<difficult>0</difficult>
		<occluded>0</occluded>
		<bndbox>
			<xmin>16</xmin>
			<xmax>280</xmax>
			<ymin>253</ymin>
			<ymax>299</ymax>
		</bndbox>
	</object>
	<object>
		<name>Buttons</name>
		<pose>Unspecified</pose>
		<truncated>0</truncated>
		<difficult>0</difficult>
		<occluded>0</occluded>
		<bndbox>
			<xmin>100</xmin>
			<xmax>194</xmax>
			<ymin>308</ymin>
			<ymax>339</ymax>
		</bndbox>
	</object>
	<object>
		<name>Text Fields</name>
		<pose>Unspecified</pose>
		<truncated>0</truncated>
		<difficult>0</difficult>
		<occluded>0</occluded>
		<bndbox>
			<xmin>15</xmin>
			<xmax>279</xmax>
			<ymin>194</ymin>
			<ymax>242</ymax>
		</bndbox>
	</object>
</annotation>
