<annotation>
	<folder></folder>
	<filename>17769c5bcd6d18549a0ad74630e5fcc7f4816691_jpeg.rf.9480d0d3983dc407f7e0906d0e70256b.jpg</filename>
	<path>17769c5bcd6d18549a0ad74630e5fcc7f4816691_jpeg.rf.9480d0d3983dc407f7e0906d0e70256b.jpg</path>
	<source>
		<database>roboflow.ai</database>
	</source>
	<size>
		<width>296</width>
		<height>640</height>
		<depth>3</depth>
	</size>
	<segmented>0</segmented>
	<object>
		<name>FAB -Floating Action Button-</name>
		<pose>Unspecified</pose>
		<truncated>0</truncated>
		<difficult>0</difficult>
		<occluded>0</occluded>
		<bndbox>
			<xmin>260</xmin>
			<xmax>290</xmax>
			<ymin>74</ymin>
			<ymax>102</ymax>
		</bndbox>
	</object>
</annotation>
