<annotation>
	<folder></folder>
	<filename>1a0e9ab5f54399d567d39e296a32e5185cc10979_png.rf.ce1068588ee85ac78f391b3534b58754.jpg</filename>
	<path>1a0e9ab5f54399d567d39e296a32e5185cc10979_png.rf.ce1068588ee85ac78f391b3534b58754.jpg</path>
	<source>
		<database>roboflow.ai</database>
	</source>
	<size>
		<width>296</width>
		<height>640</height>
		<depth>3</depth>
	</size>
	<segmented>0</segmented>
	<object>
		<name>Switches</name>
		<pose>Unspecified</pose>
		<truncated>0</truncated>
		<difficult>0</difficult>
		<occluded>0</occluded>
		<bndbox>
			<xmin>243</xmin>
			<xmax>281</xmax>
			<ymin>258</ymin>
			<ymax>282</ymax>
		</bndbox>
	</object>
	<object>
		<name>Switches</name>
		<pose>Unspecified</pose>
		<truncated>0</truncated>
		<difficult>0</difficult>
		<occluded>0</occluded>
		<bndbox>
			<xmin>245</xmin>
			<xmax>282</xmax>
			<ymin>332</ymin>
			<ymax>352</ymax>
		</bndbox>
	</object>
	<object>
		<name>Switches</name>
		<pose>Unspecified</pose>
		<truncated>0</truncated>
		<difficult>0</difficult>
		<occluded>0</occluded>
		<bndbox>
			<xmin>245</xmin>
			<xmax>283</xmax>
			<ymin>404</ymin>
			<ymax>422</ymax>
		</bndbox>
	</object>
	<object>
		<name>Switches</name>
		<pose>Unspecified</pose>
		<truncated>0</truncated>
		<difficult>0</difficult>
		<occluded>0</occluded>
		<bndbox>
			<xmin>244</xmin>
			<xmax>285</xmax>
			<ymin>112</ymin>
			<ymax>133</ymax>
		</bndbox>
	</object>
	<object>
		<name>Switches</name>
		<pose>Unspecified</pose>
		<truncated>0</truncated>
		<difficult>0</difficult>
		<occluded>0</occluded>
		<bndbox>
			<xmin>244</xmin>
			<xmax>283</xmax>
			<ymin>150</ymin>
			<ymax>171</ymax>
		</bndbox>
	</object>
	<object>
		<name>Switches</name>
		<pose>Unspecified</pose>
		<truncated>0</truncated>
		<difficult>0</difficult>
		<occluded>0</occluded>
		<bndbox>
			<xmin>245</xmin>
			<xmax>282</xmax>
			<ymin>189</ymin>
			<ymax>210</ymax>
		</bndbox>
	</object>
</annotation>
