<annotation>
	<folder></folder>
	<filename>20918c17e23ab1f42411b489870cb9e715771bb1_jpeg.rf.a5981287d75943f18d91ad97b599c72f.jpg</filename>
	<path>20918c17e23ab1f42411b489870cb9e715771bb1_jpeg.rf.a5981287d75943f18d91ad97b599c72f.jpg</path>
	<source>
		<database>roboflow.ai</database>
	</source>
	<size>
		<width>296</width>
		<height>640</height>
		<depth>3</depth>
	</size>
	<segmented>0</segmented>
	<object>
		<name>Buttons</name>
		<pose>Unspecified</pose>
		<truncated>0</truncated>
		<difficult>0</difficult>
		<occluded>0</occluded>
		<bndbox>
			<xmin>17</xmin>
			<xmax>280</xmax>
			<ymin>252</ymin>
			<ymax>300</ymax>
		</bndbox>
	</object>
	<object>
		<name>Buttons</name>
		<pose>Unspecified</pose>
		<truncated>0</truncated>
		<difficult>0</difficult>
		<occluded>0</occluded>
		<bndbox>
			<xmin>102</xmin>
			<xmax>197</xmax>
			<ymin>306</ymin>
			<ymax>337</ymax>
		</bndbox>
	</object>
	<object>
		<name>Text Fields</name>
		<pose>Unspecified</pose>
		<truncated>0</truncated>
		<difficult>0</difficult>
		<occluded>0</occluded>
		<bndbox>
			<xmin>13</xmin>
			<xmax>283</xmax>
			<ymin>195</ymin>
			<ymax>242</ymax>
		</bndbox>
	</object>
</annotation>
