<annotation>
	<folder></folder>
	<filename>20d1377c8577fbcd67c864d8e1d501525d5b0307_jpeg.rf.cb6540ac363fb4f3d8f5feda0cf498df.jpg</filename>
	<path>20d1377c8577fbcd67c864d8e1d501525d5b0307_jpeg.rf.cb6540ac363fb4f3d8f5feda0cf498df.jpg</path>
	<source>
		<database>roboflow.ai</database>
	</source>
	<size>
		<width>296</width>
		<height>640</height>
		<depth>3</depth>
	</size>
	<segmented>0</segmented>
	<object>
		<name>Buttons</name>
		<pose>Unspecified</pose>
		<truncated>0</truncated>
		<difficult>0</difficult>
		<occluded>0</occluded>
		<bndbox>
			<xmin>10</xmin>
			<xmax>284</xmax>
			<ymin>394</ymin>
			<ymax>437</ymax>
		</bndbox>
	</object>
</annotation>
