<annotation>
	<folder></folder>
	<filename>21a9bea29a875fbf6a4fa2af460c9f0752af4b39_jpeg.rf.fce55512eb5999cd8aa929cba8c1eaba.jpg</filename>
	<path>21a9bea29a875fbf6a4fa2af460c9f0752af4b39_jpeg.rf.fce55512eb5999cd8aa929cba8c1eaba.jpg</path>
	<source>
		<database>roboflow.ai</database>
	</source>
	<size>
		<width>296</width>
		<height>640</height>
		<depth>3</depth>
	</size>
	<segmented>0</segmented>
	<object>
		<name>Buttons</name>
		<pose>Unspecified</pose>
		<truncated>0</truncated>
		<difficult>0</difficult>
		<occluded>0</occluded>
		<bndbox>
			<xmin>27</xmin>
			<xmax>83</xmax>
			<ymin>537</ymin>
			<ymax>566</ymax>
		</bndbox>
	</object>
	<object>
		<name>Buttons</name>
		<pose>Unspecified</pose>
		<truncated>0</truncated>
		<difficult>0</difficult>
		<occluded>0</occluded>
		<bndbox>
			<xmin>111</xmin>
			<xmax>185</xmax>
			<ymin>310</ymin>
			<ymax>342</ymax>
		</bndbox>
	</object>
	<object>
		<name>Buttons</name>
		<pose>Unspecified</pose>
		<truncated>0</truncated>
		<difficult>0</difficult>
		<occluded>0</occluded>
		<bndbox>
			<xmin>27</xmin>
			<xmax>85</xmax>
			<ymin>310</ymin>
			<ymax>341</ymax>
		</bndbox>
	</object>
	<object>
		<name>Buttons</name>
		<pose>Unspecified</pose>
		<truncated>0</truncated>
		<difficult>0</difficult>
		<occluded>0</occluded>
		<bndbox>
			<xmin>192</xmin>
			<xmax>271</xmax>
			<ymin>83</ymin>
			<ymax>112</ymax>
		</bndbox>
	</object>
</annotation>
