<annotation>
	<folder></folder>
	<filename>235f735168de74efcaca05d105acfc2f33c9d2f2_jpeg.rf.bf2ea3646e7c1a13f95a2f7becedb2b0.jpg</filename>
	<path>235f735168de74efcaca05d105acfc2f33c9d2f2_jpeg.rf.bf2ea3646e7c1a13f95a2f7becedb2b0.jpg</path>
	<source>
		<database>roboflow.ai</database>
	</source>
	<size>
		<width>296</width>
		<height>640</height>
		<depth>3</depth>
	</size>
	<segmented>0</segmented>
	<object>
		<name>Rating</name>
		<pose>Unspecified</pose>
		<truncated>0</truncated>
		<difficult>0</difficult>
		<occluded>0</occluded>
		<bndbox>
			<xmin>85</xmin>
			<xmax>181</xmax>
			<ymin>309</ymin>
			<ymax>323</ymax>
		</bndbox>
	</object>
	<object>
		<name>Rating</name>
		<pose>Unspecified</pose>
		<truncated>0</truncated>
		<difficult>0</difficult>
		<occluded>0</occluded>
		<bndbox>
			<xmin>80</xmin>
			<xmax>172</xmax>
			<ymin>441</ymin>
			<ymax>459</ymax>
		</bndbox>
	</object>
	<object>
		<name>Rating</name>
		<pose>Unspecified</pose>
		<truncated>0</truncated>
		<difficult>0</difficult>
		<occluded>0</occluded>
		<bndbox>
			<xmin>82</xmin>
			<xmax>167</xmax>
			<ymin>551</ymin>
			<ymax>569</ymax>
		</bndbox>
	</object>
	<object>
		<name>FAB -Floating Action Button-</name>
		<pose>Unspecified</pose>
		<truncated>0</truncated>
		<difficult>0</difficult>
		<occluded>0</occluded>
		<bndbox>
			<xmin>262</xmin>
			<xmax>293</xmax>
			<ymin>220</ymin>
			<ymax>253</ymax>
		</bndbox>
	</object>
</annotation>
