<annotation>
	<folder></folder>
	<filename>24e968cd17a892c6ac261affc407e2df28a8274a_jpeg.rf.5cf11908bc8754936c9763dd2dfe0c6f.jpg</filename>
	<path>24e968cd17a892c6ac261affc407e2df28a8274a_jpeg.rf.5cf11908bc8754936c9763dd2dfe0c6f.jpg</path>
	<source>
		<database>roboflow.ai</database>
	</source>
	<size>
		<width>296</width>
		<height>640</height>
		<depth>3</depth>
	</size>
	<segmented>0</segmented>
	<object>
		<name>Buttons</name>
		<pose>Unspecified</pose>
		<truncated>0</truncated>
		<difficult>0</difficult>
		<occluded>0</occluded>
		<bndbox>
			<xmin>24</xmin>
			<xmax>272</xmax>
			<ymin>481</ymin>
			<ymax>525</ymax>
		</bndbox>
	</object>
</annotation>
