<annotation>
	<folder></folder>
	<filename>2533a04ee84b25ab53b255a2b761f2e064ea25d0_jpeg.rf.f7aacbcab0b0830f55a6108daeafe222.jpg</filename>
	<path>2533a04ee84b25ab53b255a2b761f2e064ea25d0_jpeg.rf.f7aacbcab0b0830f55a6108daeafe222.jpg</path>
	<source>
		<database>roboflow.ai</database>
	</source>
	<size>
		<width>296</width>
		<height>640</height>
		<depth>3</depth>
	</size>
	<segmented>0</segmented>
	<object>
		<name>Rating</name>
		<pose>Unspecified</pose>
		<truncated>0</truncated>
		<difficult>0</difficult>
		<occluded>0</occluded>
		<bndbox>
			<xmin>80</xmin>
			<xmax>171</xmax>
			<ymin>361</ymin>
			<ymax>377</ymax>
		</bndbox>
	</object>
	<object>
		<name>Rating</name>
		<pose>Unspecified</pose>
		<truncated>0</truncated>
		<difficult>0</difficult>
		<occluded>0</occluded>
		<bndbox>
			<xmin>81</xmin>
			<xmax>167</xmax>
			<ymin>475</ymin>
			<ymax>490</ymax>
		</bndbox>
	</object>
	<object>
		<name>Text Fields</name>
		<pose>Unspecified</pose>
		<truncated>0</truncated>
		<difficult>0</difficult>
		<occluded>0</occluded>
		<bndbox>
			<xmin>9</xmin>
			<xmax>182</xmax>
			<ymin>37</ymin>
			<ymax>70</ymax>
		</bndbox>
	</object>
	<object>
		<name>Text Fields</name>
		<pose>Unspecified</pose>
		<truncated>0</truncated>
		<difficult>0</difficult>
		<occluded>0</occluded>
		<bndbox>
			<xmin>11</xmin>
			<xmax>283</xmax>
			<ymin>69</ymin>
			<ymax>102</ymax>
		</bndbox>
	</object>
	<object>
		<name>Rating</name>
		<pose>Unspecified</pose>
		<truncated>0</truncated>
		<difficult>0</difficult>
		<occluded>0</occluded>
		<bndbox>
			<xmin>81</xmin>
			<xmax>172</xmax>
			<ymin>253</ymin>
			<ymax>267</ymax>
		</bndbox>
	</object>
</annotation>
