<annotation>
	<folder></folder>
	<filename>258a0a7d42355f01d6154065aa694673d8d23d41_jpeg.rf.df98fc6c38947674ce46f29d9fa104b6.jpg</filename>
	<path>258a0a7d42355f01d6154065aa694673d8d23d41_jpeg.rf.df98fc6c38947674ce46f29d9fa104b6.jpg</path>
	<source>
		<database>roboflow.ai</database>
	</source>
	<size>
		<width>296</width>
		<height>640</height>
		<depth>3</depth>
	</size>
	<segmented>0</segmented>
	<object>
		<name>Buttons</name>
		<pose>Unspecified</pose>
		<truncated>0</truncated>
		<difficult>0</difficult>
		<occluded>0</occluded>
		<bndbox>
			<xmin>15</xmin>
			<xmax>279</xmax>
			<ymin>550</ymin>
			<ymax>592</ymax>
		</bndbox>
	</object>
	<object>
		<name>Text Fields</name>
		<pose>Unspecified</pose>
		<truncated>0</truncated>
		<difficult>0</difficult>
		<occluded>0</occluded>
		<bndbox>
			<xmin>16</xmin>
			<xmax>280</xmax>
			<ymin>80</ymin>
			<ymax>124</ymax>
		</bndbox>
	</object>
	<object>
		<name>Text Fields</name>
		<pose>Unspecified</pose>
		<truncated>0</truncated>
		<difficult>0</difficult>
		<occluded>0</occluded>
		<bndbox>
			<xmin>15</xmin>
			<xmax>280</xmax>
			<ymin>129</ymin>
			<ymax>179</ymax>
		</bndbox>
	</object>
	<object>
		<name>Text Fields</name>
		<pose>Unspecified</pose>
		<truncated>0</truncated>
		<difficult>0</difficult>
		<occluded>0</occluded>
		<bndbox>
			<xmin>16</xmin>
			<xmax>279</xmax>
			<ymin>184</ymin>
			<ymax>231</ymax>
		</bndbox>
	</object>
</annotation>
