<annotation>
	<folder></folder>
	<filename>26c2b9477bf4bb44d2f0b7b496266f874a45618d_jpeg.rf.4b5b8c47ce981cfc760b22375543f594.jpg</filename>
	<path>26c2b9477bf4bb44d2f0b7b496266f874a45618d_jpeg.rf.4b5b8c47ce981cfc760b22375543f594.jpg</path>
	<source>
		<database>roboflow.ai</database>
	</source>
	<size>
		<width>296</width>
		<height>640</height>
		<depth>3</depth>
	</size>
	<segmented>0</segmented>
	<object>
		<name>Buttons</name>
		<pose>Unspecified</pose>
		<truncated>0</truncated>
		<difficult>0</difficult>
		<occluded>0</occluded>
		<bndbox>
			<xmin>243</xmin>
			<xmax>290</xmax>
			<ymin>38</ymin>
			<ymax>65</ymax>
		</bndbox>
	</object>
	<object>
		<name>Buttons</name>
		<pose>Unspecified</pose>
		<truncated>0</truncated>
		<difficult>0</difficult>
		<occluded>0</occluded>
		<bndbox>
			<xmin>3</xmin>
			<xmax>55</xmax>
			<ymin>38</ymin>
			<ymax>66</ymax>
		</bndbox>
	</object>
	<object>
		<name>Sliders</name>
		<pose>Unspecified</pose>
		<truncated>0</truncated>
		<difficult>0</difficult>
		<occluded>0</occluded>
		<bndbox>
			<xmin>16</xmin>
			<xmax>276</xmax>
			<ymin>96</ymin>
			<ymax>123</ymax>
		</bndbox>
	</object>
</annotation>
