<annotation>
	<folder></folder>
	<filename>26ed8f9afd69cd4db7b3baeb4c96f09f6b2adf26_jpeg.rf.ce0f58b51d32780a45b2f2375a0517d5.jpg</filename>
	<path>26ed8f9afd69cd4db7b3baeb4c96f09f6b2adf26_jpeg.rf.ce0f58b51d32780a45b2f2375a0517d5.jpg</path>
	<source>
		<database>roboflow.ai</database>
	</source>
	<size>
		<width>296</width>
		<height>640</height>
		<depth>3</depth>
	</size>
	<segmented>0</segmented>
	<object>
		<name>FAB -Floating Action Button-</name>
		<pose>Unspecified</pose>
		<truncated>0</truncated>
		<difficult>0</difficult>
		<occluded>0</occluded>
		<bndbox>
			<xmin>248</xmin>
			<xmax>288</xmax>
			<ymin>571</ymin>
			<ymax>606</ymax>
		</bndbox>
	</object>
	<object>
		<name>FAB -Floating Action Button-</name>
		<pose>Unspecified</pose>
		<truncated>0</truncated>
		<difficult>0</difficult>
		<occluded>0</occluded>
		<bndbox>
			<xmin>249</xmin>
			<xmax>289</xmax>
			<ymin>527</ymin>
			<ymax>565</ymax>
		</bndbox>
	</object>
	<object>
		<name>FAB -Floating Action Button-</name>
		<pose>Unspecified</pose>
		<truncated>0</truncated>
		<difficult>0</difficult>
		<occluded>0</occluded>
		<bndbox>
			<xmin>249</xmin>
			<xmax>289</xmax>
			<ymin>489</ymin>
			<ymax>526</ymax>
		</bndbox>
	</object>
	<object>
		<name>Buttons</name>
		<pose>Unspecified</pose>
		<truncated>0</truncated>
		<difficult>0</difficult>
		<occluded>0</occluded>
		<bndbox>
			<xmin>88</xmin>
			<xmax>210</xmax>
			<ymin>67</ymin>
			<ymax>108</ymax>
		</bndbox>
	</object>
</annotation>
