<annotation>
	<folder></folder>
	<filename>2710047c899b39edf75b6fc9584d3cc704d7cfc0_jpeg.rf.20040d01612ddf20c82484216d8bb056.jpg</filename>
	<path>2710047c899b39edf75b6fc9584d3cc704d7cfc0_jpeg.rf.20040d01612ddf20c82484216d8bb056.jpg</path>
	<source>
		<database>roboflow.ai</database>
	</source>
	<size>
		<width>296</width>
		<height>640</height>
		<depth>3</depth>
	</size>
	<segmented>0</segmented>
	<object>
		<name>Buttons</name>
		<pose>Unspecified</pose>
		<truncated>0</truncated>
		<difficult>0</difficult>
		<occluded>0</occluded>
		<bndbox>
			<xmin>103</xmin>
			<xmax>194</xmax>
			<ymin>212</ymin>
			<ymax>249</ymax>
		</bndbox>
	</object>
</annotation>
