<annotation>
	<folder></folder>
	<filename>2864e3dee079d491c6026ca5a4ea7465e175e453_jpeg.rf.e3eb629d1e5226ec5ca8ad7dcd41b523.jpg</filename>
	<path>2864e3dee079d491c6026ca5a4ea7465e175e453_jpeg.rf.e3eb629d1e5226ec5ca8ad7dcd41b523.jpg</path>
	<source>
		<database>roboflow.ai</database>
	</source>
	<size>
		<width>296</width>
		<height>640</height>
		<depth>3</depth>
	</size>
	<segmented>0</segmented>
	<object>
		<name>Buttons</name>
		<pose>Unspecified</pose>
		<truncated>0</truncated>
		<difficult>0</difficult>
		<occluded>0</occluded>
		<bndbox>
			<xmin>194</xmin>
			<xmax>273</xmax>
			<ymin>448</ymin>
			<ymax>478</ymax>
		</bndbox>
	</object>
	<object>
		<name>Buttons</name>
		<pose>Unspecified</pose>
		<truncated>0</truncated>
		<difficult>0</difficult>
		<occluded>0</occluded>
		<bndbox>
			<xmin>198</xmin>
			<xmax>267</xmax>
			<ymin>53</ymin>
			<ymax>92</ymax>
		</bndbox>
	</object>
</annotation>
