<annotation>
	<folder></folder>
	<filename>292ba6980580ab09a627db5a9fdb166c10fbb469_jpeg.rf.be29e54a91fb40a77f3052e7714adaca.jpg</filename>
	<path>292ba6980580ab09a627db5a9fdb166c10fbb469_jpeg.rf.be29e54a91fb40a77f3052e7714adaca.jpg</path>
	<source>
		<database>roboflow.ai</database>
	</source>
	<size>
		<width>296</width>
		<height>640</height>
		<depth>3</depth>
	</size>
	<segmented>0</segmented>
	<object>
		<name>Page Controls</name>
		<pose>Unspecified</pose>
		<truncated>0</truncated>
		<difficult>0</difficult>
		<occluded>0</occluded>
		<bndbox>
			<xmin>121</xmin>
			<xmax>174</xmax>
			<ymin>400</ymin>
			<ymax>419</ymax>
		</bndbox>
	</object>
	<object>
		<name>Buttons</name>
		<pose>Unspecified</pose>
		<truncated>0</truncated>
		<difficult>0</difficult>
		<occluded>0</occluded>
		<bndbox>
			<xmin>60</xmin>
			<xmax>239</xmax>
			<ymin>332</ymin>
			<ymax>371</ymax>
		</bndbox>
	</object>
	<object>
		<name>Buttons</name>
		<pose>Unspecified</pose>
		<truncated>0</truncated>
		<difficult>0</difficult>
		<occluded>0</occluded>
		<bndbox>
			<xmin>232</xmin>
			<xmax>286</xmax>
			<ymin>80</ymin>
			<ymax>108</ymax>
		</bndbox>
	</object>
</annotation>
