<annotation>
	<folder></folder>
	<filename>3015a220213193905855370ec4ab6477dd8419c6_jpeg.rf.f640ad15b451b01c997acc16854b3ebb.jpg</filename>
	<path>3015a220213193905855370ec4ab6477dd8419c6_jpeg.rf.f640ad15b451b01c997acc16854b3ebb.jpg</path>
	<source>
		<database>roboflow.ai</database>
	</source>
	<size>
		<width>296</width>
		<height>640</height>
		<depth>3</depth>
	</size>
	<segmented>0</segmented>
	<object>
		<name>FAB -Floating Action Button-</name>
		<pose>Unspecified</pose>
		<truncated>0</truncated>
		<difficult>0</difficult>
		<occluded>0</occluded>
		<bndbox>
			<xmin>8</xmin>
			<xmax>54</xmax>
			<ymin>583</ymin>
			<ymax>633</ymax>
		</bndbox>
	</object>
</annotation>
