<annotation>
	<folder></folder>
	<filename>308fa7f3cc6213b490e215c0f2d9eb8248460a21_jpeg.rf.0d7d3e80d441e17060ef2c0b3b309c1f.jpg</filename>
	<path>308fa7f3cc6213b490e215c0f2d9eb8248460a21_jpeg.rf.0d7d3e80d441e17060ef2c0b3b309c1f.jpg</path>
	<source>
		<database>roboflow.ai</database>
	</source>
	<size>
		<width>296</width>
		<height>640</height>
		<depth>3</depth>
	</size>
	<segmented>0</segmented>
	<object>
		<name>Sliders</name>
		<pose>Unspecified</pose>
		<truncated>0</truncated>
		<difficult>0</difficult>
		<occluded>0</occluded>
		<bndbox>
			<xmin>15</xmin>
			<xmax>286</xmax>
			<ymin>384</ymin>
			<ymax>419</ymax>
		</bndbox>
	</object>
	<object>
		<name>Sliders</name>
		<pose>Unspecified</pose>
		<truncated>0</truncated>
		<difficult>0</difficult>
		<occluded>0</occluded>
		<bndbox>
			<xmin>22</xmin>
			<xmax>278</xmax>
			<ymin>538</ymin>
			<ymax>571</ymax>
		</bndbox>
	</object>
</annotation>
