<annotation>
	<folder></folder>
	<filename>32006c8cc47a3dc520e27275397240258b416d1a_jpeg.rf.de1178540b6110c030a36574648df1b6.jpg</filename>
	<path>32006c8cc47a3dc520e27275397240258b416d1a_jpeg.rf.de1178540b6110c030a36574648df1b6.jpg</path>
	<source>
		<database>roboflow.ai</database>
	</source>
	<size>
		<width>296</width>
		<height>640</height>
		<depth>3</depth>
	</size>
	<segmented>0</segmented>
	<object>
		<name>FAB -Floating Action Button-</name>
		<pose>Unspecified</pose>
		<truncated>0</truncated>
		<difficult>0</difficult>
		<occluded>0</occluded>
		<bndbox>
			<xmin>250</xmin>
			<xmax>287</xmax>
			<ymin>486</ymin>
			<ymax>524</ymax>
		</bndbox>
	</object>
	<object>
		<name>Buttons</name>
		<pose>Unspecified</pose>
		<truncated>0</truncated>
		<difficult>0</difficult>
		<occluded>0</occluded>
		<bndbox>
			<xmin>95</xmin>
			<xmax>201</xmax>
			<ymin>68</ymin>
			<ymax>103</ymax>
		</bndbox>
	</object>
</annotation>
