<annotation>
	<folder></folder>
	<filename>34112989cb9457520df76c0eb63593419786e980_jpeg.rf.5beea070cac5e5453867ad36dbabe5ed.jpg</filename>
	<path>34112989cb9457520df76c0eb63593419786e980_jpeg.rf.5beea070cac5e5453867ad36dbabe5ed.jpg</path>
	<source>
		<database>roboflow.ai</database>
	</source>
	<size>
		<width>296</width>
		<height>640</height>
		<depth>3</depth>
	</size>
	<segmented>0</segmented>
	<object>
		<name>Buttons</name>
		<pose>Unspecified</pose>
		<truncated>0</truncated>
		<difficult>0</difficult>
		<occluded>0</occluded>
		<bndbox>
			<xmin>12</xmin>
			<xmax>33</xmax>
			<ymin>576</ymin>
			<ymax>596</ymax>
		</bndbox>
	</object>
	<object>
		<name>Sliders</name>
		<pose>Unspecified</pose>
		<truncated>0</truncated>
		<difficult>0</difficult>
		<occluded>0</occluded>
		<bndbox>
			<xmin>22</xmin>
			<xmax>276</xmax>
			<ymin>542</ymin>
			<ymax>568</ymax>
		</bndbox>
	</object>
	<object>
		<name>Buttons</name>
		<pose>Unspecified</pose>
		<truncated>0</truncated>
		<difficult>0</difficult>
		<occluded>0</occluded>
		<bndbox>
			<xmin>191</xmin>
			<xmax>224</xmax>
			<ymin>447</ymin>
			<ymax>482</ymax>
		</bndbox>
	</object>
	<object>
		<name>Buttons</name>
		<pose>Unspecified</pose>
		<truncated>0</truncated>
		<difficult>0</difficult>
		<occluded>0</occluded>
		<bndbox>
			<xmin>127</xmin>
			<xmax>173</xmax>
			<ymin>445</ymin>
			<ymax>481</ymax>
		</bndbox>
	</object>
	<object>
		<name>Buttons</name>
		<pose>Unspecified</pose>
		<truncated>0</truncated>
		<difficult>0</difficult>
		<occluded>0</occluded>
		<bndbox>
			<xmin>75</xmin>
			<xmax>110</xmax>
			<ymin>445</ymin>
			<ymax>482</ymax>
		</bndbox>
	</object>
	<object>
		<name>Sliders</name>
		<pose>Unspecified</pose>
		<truncated>0</truncated>
		<difficult>0</difficult>
		<occluded>0</occluded>
		<bndbox>
			<xmin>13</xmin>
			<xmax>284</xmax>
			<ymin>392</ymin>
			<ymax>419</ymax>
		</bndbox>
	</object>
	<object>
		<name>Buttons</name>
		<pose>Unspecified</pose>
		<truncated>0</truncated>
		<difficult>0</difficult>
		<occluded>0</occluded>
		<bndbox>
			<xmin>265</xmin>
			<xmax>288</xmax>
			<ymin>37</ymin>
			<ymax>60</ymax>
		</bndbox>
	</object>
</annotation>
