<annotation>
	<folder></folder>
	<filename>35cce52e6ec632a9af99c96289a02174892643ca_jpeg.rf.8164f6fb9e1807bcb00afa775526121b.jpg</filename>
	<path>35cce52e6ec632a9af99c96289a02174892643ca_jpeg.rf.8164f6fb9e1807bcb00afa775526121b.jpg</path>
	<source>
		<database>roboflow.ai</database>
	</source>
	<size>
		<width>296</width>
		<height>640</height>
		<depth>3</depth>
	</size>
	<segmented>0</segmented>
	<object>
		<name>Buttons</name>
		<pose>Unspecified</pose>
		<truncated>0</truncated>
		<difficult>0</difficult>
		<occluded>0</occluded>
		<bndbox>
			<xmin>46</xmin>
			<xmax>252</xmax>
			<ymin>500</ymin>
			<ymax>551</ymax>
		</bndbox>
	</object>
</annotation>
