<annotation>
	<folder></folder>
	<filename>3692d9fef18e8b92fea603388c6ccc94f0cb9b17_jpeg.rf.8fcc2762af47388f119e6266ff8f1a01.jpg</filename>
	<path>3692d9fef18e8b92fea603388c6ccc94f0cb9b17_jpeg.rf.8fcc2762af47388f119e6266ff8f1a01.jpg</path>
	<source>
		<database>roboflow.ai</database>
	</source>
	<size>
		<width>296</width>
		<height>640</height>
		<depth>3</depth>
	</size>
	<segmented>0</segmented>
	<object>
		<name>Buttons</name>
		<pose>Unspecified</pose>
		<truncated>0</truncated>
		<difficult>0</difficult>
		<occluded>0</occluded>
		<bndbox>
			<xmin>31</xmin>
			<xmax>268</xmax>
			<ymin>398</ymin>
			<ymax>450</ymax>
		</bndbox>
	</object>
</annotation>
