<annotation>
	<folder></folder>
	<filename>3848ead4dbd4fd54409e9d34ecc28ffaac3dd091_jpeg.rf.85a7331f044c1a486fa3d68a6b7c594c.jpg</filename>
	<path>3848ead4dbd4fd54409e9d34ecc28ffaac3dd091_jpeg.rf.85a7331f044c1a486fa3d68a6b7c594c.jpg</path>
	<source>
		<database>roboflow.ai</database>
	</source>
	<size>
		<width>296</width>
		<height>640</height>
		<depth>3</depth>
	</size>
	<segmented>0</segmented>
	<object>
		<name>Buttons</name>
		<pose>Unspecified</pose>
		<truncated>0</truncated>
		<difficult>0</difficult>
		<occluded>0</occluded>
		<bndbox>
			<xmin>223</xmin>
			<xmax>281</xmax>
			<ymin>76</ymin>
			<ymax>110</ymax>
		</bndbox>
	</object>
</annotation>
