<annotation>
	<folder></folder>
	<filename>38f78f4aa92ac5e55d2a9fa0425edee1a899aced_jpeg.rf.6c5bd20a45c867f906de8ebb0448e74b.jpg</filename>
	<path>38f78f4aa92ac5e55d2a9fa0425edee1a899aced_jpeg.rf.6c5bd20a45c867f906de8ebb0448e74b.jpg</path>
	<source>
		<database>roboflow.ai</database>
	</source>
	<size>
		<width>296</width>
		<height>640</height>
		<depth>3</depth>
	</size>
	<segmented>0</segmented>
	<object>
		<name>Text Fields</name>
		<pose>Unspecified</pose>
		<truncated>0</truncated>
		<difficult>0</difficult>
		<occluded>0</occluded>
		<bndbox>
			<xmin>8</xmin>
			<xmax>290</xmax>
			<ymin>354</ymin>
			<ymax>401</ymax>
		</bndbox>
	</object>
	<object>
		<name>FAB -Floating Action Button-</name>
		<pose>Unspecified</pose>
		<truncated>0</truncated>
		<difficult>0</difficult>
		<occluded>0</occluded>
		<bndbox>
			<xmin>113</xmin>
			<xmax>185</xmax>
			<ymin>44</ymin>
			<ymax>79</ymax>
		</bndbox>
	</object>
</annotation>
