<annotation>
	<folder></folder>
	<filename>406b8310c07c57b4faf99d973a525c4e20c5fc23_jpeg.rf.922816039533e1a59df79ff523ca2f72.jpg</filename>
	<path>406b8310c07c57b4faf99d973a525c4e20c5fc23_jpeg.rf.922816039533e1a59df79ff523ca2f72.jpg</path>
	<source>
		<database>roboflow.ai</database>
	</source>
	<size>
		<width>296</width>
		<height>640</height>
		<depth>3</depth>
	</size>
	<segmented>0</segmented>
	<object>
		<name>Rating</name>
		<pose>Unspecified</pose>
		<truncated>0</truncated>
		<difficult>0</difficult>
		<occluded>0</occluded>
		<bndbox>
			<xmin>84</xmin>
			<xmax>174</xmax>
			<ymin>308</ymin>
			<ymax>322</ymax>
		</bndbox>
	</object>
	<object>
		<name>Rating</name>
		<pose>Unspecified</pose>
		<truncated>0</truncated>
		<difficult>0</difficult>
		<occluded>0</occluded>
		<bndbox>
			<xmin>81</xmin>
			<xmax>169</xmax>
			<ymin>442</ymin>
			<ymax>457</ymax>
		</bndbox>
	</object>
	<object>
		<name>Text Fields</name>
		<pose>Unspecified</pose>
		<truncated>0</truncated>
		<difficult>0</difficult>
		<occluded>0</occluded>
		<bndbox>
			<xmin>9</xmin>
			<xmax>182</xmax>
			<ymin>37</ymin>
			<ymax>69</ymax>
		</bndbox>
	</object>
	<object>
		<name>Rating</name>
		<pose>Unspecified</pose>
		<truncated>0</truncated>
		<difficult>0</difficult>
		<occluded>0</occluded>
		<bndbox>
			<xmin>82</xmin>
			<xmax>167</xmax>
			<ymin>552</ymin>
			<ymax>569</ymax>
		</bndbox>
	</object>
	<object>
		<name>Text Fields</name>
		<pose>Unspecified</pose>
		<truncated>0</truncated>
		<difficult>0</difficult>
		<occluded>0</occluded>
		<bndbox>
			<xmin>10</xmin>
			<xmax>286</xmax>
			<ymin>69</ymin>
			<ymax>101</ymax>
		</bndbox>
	</object>
	<object>
		<name>FAB -Floating Action Button-</name>
		<pose>Unspecified</pose>
		<truncated>0</truncated>
		<difficult>0</difficult>
		<occluded>0</occluded>
		<bndbox>
			<xmin>262</xmin>
			<xmax>292</xmax>
			<ymin>224</ymin>
			<ymax>253</ymax>
		</bndbox>
	</object>
</annotation>
