<annotation>
	<folder></folder>
	<filename>41f74d9681e654618feb5c76e141cdf97b2d91db_jpeg.rf.9e9789a3fc1d611cea64a826c60d0d29.jpg</filename>
	<path>41f74d9681e654618feb5c76e141cdf97b2d91db_jpeg.rf.9e9789a3fc1d611cea64a826c60d0d29.jpg</path>
	<source>
		<database>roboflow.ai</database>
	</source>
	<size>
		<width>296</width>
		<height>640</height>
		<depth>3</depth>
	</size>
	<segmented>0</segmented>
	<object>
		<name>FAB -Floating Action Button-</name>
		<pose>Unspecified</pose>
		<truncated>0</truncated>
		<difficult>0</difficult>
		<occluded>0</occluded>
		<bndbox>
			<xmin>249</xmin>
			<xmax>287</xmax>
			<ymin>571</ymin>
			<ymax>603</ymax>
		</bndbox>
	</object>
	<object>
		<name>FAB -Floating Action Button-</name>
		<pose>Unspecified</pose>
		<truncated>0</truncated>
		<difficult>0</difficult>
		<occluded>0</occluded>
		<bndbox>
			<xmin>249</xmin>
			<xmax>288</xmax>
			<ymin>529</ymin>
			<ymax>564</ymax>
		</bndbox>
	</object>
	<object>
		<name>FAB -Floating Action Button-</name>
		<pose>Unspecified</pose>
		<truncated>0</truncated>
		<difficult>0</difficult>
		<occluded>0</occluded>
		<bndbox>
			<xmin>250</xmin>
			<xmax>287</xmax>
			<ymin>489</ymin>
			<ymax>524</ymax>
		</bndbox>
	</object>
	<object>
		<name>Buttons</name>
		<pose>Unspecified</pose>
		<truncated>0</truncated>
		<difficult>0</difficult>
		<occluded>0</occluded>
		<bndbox>
			<xmin>96</xmin>
			<xmax>203</xmax>
			<ymin>69</ymin>
			<ymax>104</ymax>
		</bndbox>
	</object>
</annotation>
