<annotation>
	<folder></folder>
	<filename>4272cb852a2608a0b47293155fdf9a99ff78d621_jpeg.rf.cd87dcb9a03799c4672f4c358a2ce37e.jpg</filename>
	<path>4272cb852a2608a0b47293155fdf9a99ff78d621_jpeg.rf.cd87dcb9a03799c4672f4c358a2ce37e.jpg</path>
	<source>
		<database>roboflow.ai</database>
	</source>
	<size>
		<width>296</width>
		<height>640</height>
		<depth>3</depth>
	</size>
	<segmented>0</segmented>
	<object>
		<name>Buttons</name>
		<pose>Unspecified</pose>
		<truncated>0</truncated>
		<difficult>0</difficult>
		<occluded>0</occluded>
		<bndbox>
			<xmin>15</xmin>
			<xmax>280</xmax>
			<ymin>574</ymin>
			<ymax>620</ymax>
		</bndbox>
	</object>
	<object>
		<name>Rating</name>
		<pose>Unspecified</pose>
		<truncated>0</truncated>
		<difficult>0</difficult>
		<occluded>0</occluded>
		<bndbox>
			<xmin>15</xmin>
			<xmax>119</xmax>
			<ymin>179</ymin>
			<ymax>201</ymax>
		</bndbox>
	</object>
</annotation>
