<annotation>
	<folder></folder>
	<filename>44323a345ff22e3b830e28d14fe165c3988414dd_jpeg.rf.b367ec240d1392743bb551f451cb4875.jpg</filename>
	<path>44323a345ff22e3b830e28d14fe165c3988414dd_jpeg.rf.b367ec240d1392743bb551f451cb4875.jpg</path>
	<source>
		<database>roboflow.ai</database>
	</source>
	<size>
		<width>296</width>
		<height>640</height>
		<depth>3</depth>
	</size>
	<segmented>0</segmented>
	<object>
		<name>Buttons</name>
		<pose>Unspecified</pose>
		<truncated>0</truncated>
		<difficult>0</difficult>
		<occluded>0</occluded>
		<bndbox>
			<xmin>16</xmin>
			<xmax>280</xmax>
			<ymin>574</ymin>
			<ymax>619</ymax>
		</bndbox>
	</object>
</annotation>
