<annotation>
	<folder></folder>
	<filename>4609ed26c3d532ad27e2137b3b1284471d153575_jpeg.rf.2cfdf6d769baa3278865d7b0d454284a.jpg</filename>
	<path>4609ed26c3d532ad27e2137b3b1284471d153575_jpeg.rf.2cfdf6d769baa3278865d7b0d454284a.jpg</path>
	<source>
		<database>roboflow.ai</database>
	</source>
	<size>
		<width>296</width>
		<height>640</height>
		<depth>3</depth>
	</size>
	<segmented>0</segmented>
	<object>
		<name>Text Fields</name>
		<pose>Unspecified</pose>
		<truncated>0</truncated>
		<difficult>0</difficult>
		<occluded>0</occluded>
		<bndbox>
			<xmin>17</xmin>
			<xmax>281</xmax>
			<ymin>350</ymin>
			<ymax>391</ymax>
		</bndbox>
	</object>
	<object>
		<name>Text Fields</name>
		<pose>Unspecified</pose>
		<truncated>0</truncated>
		<difficult>0</difficult>
		<occluded>0</occluded>
		<bndbox>
			<xmin>14</xmin>
			<xmax>283</xmax>
			<ymin>301</ymin>
			<ymax>342</ymax>
		</bndbox>
	</object>
	<object>
		<name>Text Fields</name>
		<pose>Unspecified</pose>
		<truncated>0</truncated>
		<difficult>0</difficult>
		<occluded>0</occluded>
		<bndbox>
			<xmin>13</xmin>
			<xmax>281</xmax>
			<ymin>255</ymin>
			<ymax>293</ymax>
		</bndbox>
	</object>
	<object>
		<name>Text Fields</name>
		<pose>Unspecified</pose>
		<truncated>0</truncated>
		<difficult>0</difficult>
		<occluded>0</occluded>
		<bndbox>
			<xmin>12</xmin>
			<xmax>282</xmax>
			<ymin>208</ymin>
			<ymax>247</ymax>
		</bndbox>
	</object>
	<object>
		<name>Buttons</name>
		<pose>Unspecified</pose>
		<truncated>0</truncated>
		<difficult>0</difficult>
		<occluded>0</occluded>
		<bndbox>
			<xmin>234</xmin>
			<xmax>288</xmax>
			<ymin>38</ymin>
			<ymax>67</ymax>
		</bndbox>
	</object>
	<object>
		<name>Buttons</name>
		<pose>Unspecified</pose>
		<truncated>0</truncated>
		<difficult>0</difficult>
		<occluded>0</occluded>
		<bndbox>
			<xmin>3</xmin>
			<xmax>58</xmax>
			<ymin>37</ymin>
			<ymax>66</ymax>
		</bndbox>
	</object>
</annotation>
