<annotation>
	<folder></folder>
	<filename>481cafbcfa0c09f808e70b4d26559e7c17cc6810_jpeg.rf.0ac9ce2aa034cec3c90c23a64ae5fce9.jpg</filename>
	<path>481cafbcfa0c09f808e70b4d26559e7c17cc6810_jpeg.rf.0ac9ce2aa034cec3c90c23a64ae5fce9.jpg</path>
	<source>
		<database>roboflow.ai</database>
	</source>
	<size>
		<width>296</width>
		<height>640</height>
		<depth>3</depth>
	</size>
	<segmented>0</segmented>
	<object>
		<name>FAB -Floating Action Button-</name>
		<pose>Unspecified</pose>
		<truncated>0</truncated>
		<difficult>0</difficult>
		<occluded>0</occluded>
		<bndbox>
			<xmin>253</xmin>
			<xmax>286</xmax>
			<ymin>526</ymin>
			<ymax>563</ymax>
		</bndbox>
	</object>
	<object>
		<name>FAB -Floating Action Button-</name>
		<pose>Unspecified</pose>
		<truncated>0</truncated>
		<difficult>0</difficult>
		<occluded>0</occluded>
		<bndbox>
			<xmin>253</xmin>
			<xmax>285</xmax>
			<ymin>569</ymin>
			<ymax>599</ymax>
		</bndbox>
	</object>
	<object>
		<name>Buttons</name>
		<pose>Unspecified</pose>
		<truncated>0</truncated>
		<difficult>0</difficult>
		<occluded>0</occluded>
		<bndbox>
			<xmin>29</xmin>
			<xmax>266</xmax>
			<ymin>444</ymin>
			<ymax>492</ymax>
		</bndbox>
	</object>
</annotation>
