<annotation>
	<folder></folder>
	<filename>4863cf660197a7668c09435ad21250d953496f68_jpeg.rf.2b0235958d448525903b90f7db996f99.jpg</filename>
	<path>4863cf660197a7668c09435ad21250d953496f68_jpeg.rf.2b0235958d448525903b90f7db996f99.jpg</path>
	<source>
		<database>roboflow.ai</database>
	</source>
	<size>
		<width>296</width>
		<height>640</height>
		<depth>3</depth>
	</size>
	<segmented>0</segmented>
	<object>
		<name>Page Controls</name>
		<pose>Unspecified</pose>
		<truncated>0</truncated>
		<difficult>0</difficult>
		<occluded>0</occluded>
		<bndbox>
			<xmin>127</xmin>
			<xmax>166</xmax>
			<ymin>168</ymin>
			<ymax>189</ymax>
		</bndbox>
	</object>
</annotation>
