<annotation>
	<folder></folder>
	<filename>53f7ff2bac0c1830071f7a90c2c6e25a6af4dd62_jpeg.rf.9ceac5c28dae351da1e512b0eeef3be8.jpg</filename>
	<path>53f7ff2bac0c1830071f7a90c2c6e25a6af4dd62_jpeg.rf.9ceac5c28dae351da1e512b0eeef3be8.jpg</path>
	<source>
		<database>roboflow.ai</database>
	</source>
	<size>
		<width>296</width>
		<height>640</height>
		<depth>3</depth>
	</size>
	<segmented>0</segmented>
	<object>
		<name>FAB -Floating Action Button-</name>
		<pose>Unspecified</pose>
		<truncated>0</truncated>
		<difficult>0</difficult>
		<occluded>0</occluded>
		<bndbox>
			<xmin>250</xmin>
			<xmax>288</xmax>
			<ymin>569</ymin>
			<ymax>600</ymax>
		</bndbox>
	</object>
	<object>
		<name>FAB -Floating Action Button-</name>
		<pose>Unspecified</pose>
		<truncated>0</truncated>
		<difficult>0</difficult>
		<occluded>0</occluded>
		<bndbox>
			<xmin>248</xmin>
			<xmax>288</xmax>
			<ymin>529</ymin>
			<ymax>563</ymax>
		</bndbox>
	</object>
	<object>
		<name>FAB -Floating Action Button-</name>
		<pose>Unspecified</pose>
		<truncated>0</truncated>
		<difficult>0</difficult>
		<occluded>0</occluded>
		<bndbox>
			<xmin>248</xmin>
			<xmax>286</xmax>
			<ymin>491</ymin>
			<ymax>524</ymax>
		</bndbox>
	</object>
	<object>
		<name>Buttons</name>
		<pose>Unspecified</pose>
		<truncated>0</truncated>
		<difficult>0</difficult>
		<occluded>0</occluded>
		<bndbox>
			<xmin>21</xmin>
			<xmax>271</xmax>
			<ymin>386</ymin>
			<ymax>431</ymax>
		</bndbox>
	</object>
	<object>
		<name>Buttons</name>
		<pose>Unspecified</pose>
		<truncated>0</truncated>
		<difficult>0</difficult>
		<occluded>0</occluded>
		<bndbox>
			<xmin>23</xmin>
			<xmax>274</xmax>
			<ymin>333</ymin>
			<ymax>382</ymax>
		</bndbox>
	</object>
	<object>
		<name>Buttons</name>
		<pose>Unspecified</pose>
		<truncated>0</truncated>
		<difficult>0</difficult>
		<occluded>0</occluded>
		<bndbox>
			<xmin>23</xmin>
			<xmax>274</xmax>
			<ymin>279</ymin>
			<ymax>329</ymax>
		</bndbox>
	</object>
</annotation>
