<annotation>
	<folder></folder>
	<filename>54df8823a73c7a190c5616a5cd10c1231cf7fa57_jpeg.rf.b54505e1757cd466e6db947c555d422d.jpg</filename>
	<path>54df8823a73c7a190c5616a5cd10c1231cf7fa57_jpeg.rf.b54505e1757cd466e6db947c555d422d.jpg</path>
	<source>
		<database>roboflow.ai</database>
	</source>
	<size>
		<width>296</width>
		<height>640</height>
		<depth>3</depth>
	</size>
	<segmented>0</segmented>
	<object>
		<name>FAB -Floating Action Button-</name>
		<pose>Unspecified</pose>
		<truncated>0</truncated>
		<difficult>0</difficult>
		<occluded>0</occluded>
		<bndbox>
			<xmin>251</xmin>
			<xmax>288</xmax>
			<ymin>571</ymin>
			<ymax>606</ymax>
		</bndbox>
	</object>
	<object>
		<name>FAB -Floating Action Button-</name>
		<pose>Unspecified</pose>
		<truncated>0</truncated>
		<difficult>0</difficult>
		<occluded>0</occluded>
		<bndbox>
			<xmin>251</xmin>
			<xmax>288</xmax>
			<ymin>529</ymin>
			<ymax>565</ymax>
		</bndbox>
	</object>
	<object>
		<name>FAB -Floating Action Button-</name>
		<pose>Unspecified</pose>
		<truncated>0</truncated>
		<difficult>0</difficult>
		<occluded>0</occluded>
		<bndbox>
			<xmin>251</xmin>
			<xmax>288</xmax>
			<ymin>490</ymin>
			<ymax>525</ymax>
		</bndbox>
	</object>
	<object>
		<name>Buttons</name>
		<pose>Unspecified</pose>
		<truncated>0</truncated>
		<difficult>0</difficult>
		<occluded>0</occluded>
		<bndbox>
			<xmin>96</xmin>
			<xmax>203</xmax>
			<ymin>70</ymin>
			<ymax>106</ymax>
		</bndbox>
	</object>
</annotation>
