<annotation>
	<folder></folder>
	<filename>5590d2fbcbc4aa8bcc4f6f0a2e8021dd148b33b1_jpeg.rf.cd0da138eb3e8f94dd499ae1191079ec.jpg</filename>
	<path>5590d2fbcbc4aa8bcc4f6f0a2e8021dd148b33b1_jpeg.rf.cd0da138eb3e8f94dd499ae1191079ec.jpg</path>
	<source>
		<database>roboflow.ai</database>
	</source>
	<size>
		<width>296</width>
		<height>640</height>
		<depth>3</depth>
	</size>
	<segmented>0</segmented>
	<object>
		<name>Buttons</name>
		<pose>Unspecified</pose>
		<truncated>0</truncated>
		<difficult>0</difficult>
		<occluded>0</occluded>
		<bndbox>
			<xmin>153</xmin>
			<xmax>285</xmax>
			<ymin>85</ymin>
			<ymax>126</ymax>
		</bndbox>
	</object>
	<object>
		<name>Buttons</name>
		<pose>Unspecified</pose>
		<truncated>0</truncated>
		<difficult>0</difficult>
		<occluded>0</occluded>
		<bndbox>
			<xmin>12</xmin>
			<xmax>145</xmax>
			<ymin>83</ymin>
			<ymax>125</ymax>
		</bndbox>
	</object>
</annotation>
