<annotation>
	<folder></folder>
	<filename>5611b8b3f786cb2af211da6ed21eca8cbe14e976_jpeg.rf.f57578e0d7563e76530494b2579d4436.jpg</filename>
	<path>5611b8b3f786cb2af211da6ed21eca8cbe14e976_jpeg.rf.f57578e0d7563e76530494b2579d4436.jpg</path>
	<source>
		<database>roboflow.ai</database>
	</source>
	<size>
		<width>296</width>
		<height>640</height>
		<depth>3</depth>
	</size>
	<segmented>0</segmented>
	<object>
		<name>Buttons</name>
		<pose>Unspecified</pose>
		<truncated>0</truncated>
		<difficult>0</difficult>
		<occluded>0</occluded>
		<bndbox>
			<xmin>18</xmin>
			<xmax>281</xmax>
			<ymin>572</ymin>
			<ymax>614</ymax>
		</bndbox>
	</object>
</annotation>
