<annotation>
	<folder></folder>
	<filename>56900a7603e2bf9880063cf7c989be55cb131766_jpeg.rf.84986773f8a889810239cdb65209e452.jpg</filename>
	<path>56900a7603e2bf9880063cf7c989be55cb131766_jpeg.rf.84986773f8a889810239cdb65209e452.jpg</path>
	<source>
		<database>roboflow.ai</database>
	</source>
	<size>
		<width>296</width>
		<height>640</height>
		<depth>3</depth>
	</size>
	<segmented>0</segmented>
	<object>
		<name>Buttons</name>
		<pose>Unspecified</pose>
		<truncated>0</truncated>
		<difficult>0</difficult>
		<occluded>0</occluded>
		<bndbox>
			<xmin>69</xmin>
			<xmax>156</xmax>
			<ymin>520</ymin>
			<ymax>546</ymax>
		</bndbox>
	</object>
</annotation>
