<annotation>
	<folder></folder>
	<filename>61409f50e168a58a9ab2e4b0e4bc64f02fdefc94_jpeg.rf.230c1d3e09fc46258988cc3d116ee15e.jpg</filename>
	<path>61409f50e168a58a9ab2e4b0e4bc64f02fdefc94_jpeg.rf.230c1d3e09fc46258988cc3d116ee15e.jpg</path>
	<source>
		<database>roboflow.ai</database>
	</source>
	<size>
		<width>296</width>
		<height>640</height>
		<depth>3</depth>
	</size>
	<segmented>0</segmented>
	<object>
		<name>FAB -Floating Action Button-</name>
		<pose>Unspecified</pose>
		<truncated>0</truncated>
		<difficult>0</difficult>
		<occluded>0</occluded>
		<bndbox>
			<xmin>250</xmin>
			<xmax>286</xmax>
			<ymin>573</ymin>
			<ymax>604</ymax>
		</bndbox>
	</object>
</annotation>
