<annotation>
	<folder></folder>
	<filename>65b186e3a7a9d28a531175e118cf501158452a5a_jpeg.rf.3002a7e2683d7fb5a3b6d402457c126f.jpg</filename>
	<path>65b186e3a7a9d28a531175e118cf501158452a5a_jpeg.rf.3002a7e2683d7fb5a3b6d402457c126f.jpg</path>
	<source>
		<database>roboflow.ai</database>
	</source>
	<size>
		<width>296</width>
		<height>640</height>
		<depth>3</depth>
	</size>
	<segmented>0</segmented>
	<object>
		<name>FAB -Floating Action Button-</name>
		<pose>Unspecified</pose>
		<truncated>0</truncated>
		<difficult>0</difficult>
		<occluded>0</occluded>
		<bndbox>
			<xmin>251</xmin>
			<xmax>287</xmax>
			<ymin>572</ymin>
			<ymax>602</ymax>
		</bndbox>
	</object>
	<object>
		<name>FAB -Floating Action Button-</name>
		<pose>Unspecified</pose>
		<truncated>0</truncated>
		<difficult>0</difficult>
		<occluded>0</occluded>
		<bndbox>
			<xmin>250</xmin>
			<xmax>287</xmax>
			<ymin>528</ymin>
			<ymax>565</ymax>
		</bndbox>
	</object>
	<object>
		<name>FAB -Floating Action Button-</name>
		<pose>Unspecified</pose>
		<truncated>0</truncated>
		<difficult>0</difficult>
		<occluded>0</occluded>
		<bndbox>
			<xmin>251</xmin>
			<xmax>288</xmax>
			<ymin>487</ymin>
			<ymax>524</ymax>
		</bndbox>
	</object>
</annotation>
