<annotation>
	<folder></folder>
	<filename>67bb69d48635c3b626b10c028caaba0afb1687b3_jpeg.rf.3cc7b3fdcf9bcb3dd34e3e98c3528d61.jpg</filename>
	<path>67bb69d48635c3b626b10c028caaba0afb1687b3_jpeg.rf.3cc7b3fdcf9bcb3dd34e3e98c3528d61.jpg</path>
	<source>
		<database>roboflow.ai</database>
	</source>
	<size>
		<width>296</width>
		<height>640</height>
		<depth>3</depth>
	</size>
	<segmented>0</segmented>
	<object>
		<name>Buttons</name>
		<pose>Unspecified</pose>
		<truncated>0</truncated>
		<difficult>0</difficult>
		<occluded>0</occluded>
		<bndbox>
			<xmin>113</xmin>
			<xmax>182</xmax>
			<ymin>263</ymin>
			<ymax>298</ymax>
		</bndbox>
	</object>
	<object>
		<name>Buttons</name>
		<pose>Unspecified</pose>
		<truncated>0</truncated>
		<difficult>0</difficult>
		<occluded>0</occluded>
		<bndbox>
			<xmin>30</xmin>
			<xmax>264</xmax>
			<ymin>454</ymin>
			<ymax>505</ymax>
		</bndbox>
	</object>
	<object>
		<name>Buttons</name>
		<pose>Unspecified</pose>
		<truncated>0</truncated>
		<difficult>0</difficult>
		<occluded>0</occluded>
		<bndbox>
			<xmin>18</xmin>
			<xmax>43</xmax>
			<ymin>41</ymin>
			<ymax>71</ymax>
		</bndbox>
	</object>
	<object>
		<name>Buttons</name>
		<pose>Unspecified</pose>
		<truncated>0</truncated>
		<difficult>0</difficult>
		<occluded>0</occluded>
		<bndbox>
			<xmin>171</xmin>
			<xmax>261</xmax>
			<ymin>601</ymin>
			<ymax>636</ymax>
		</bndbox>
	</object>
</annotation>
