<annotation>
	<folder></folder>
	<filename>6889b4244860f6687f406a201e904e1b8a93d2e5_jpeg.rf.f64c93823cc09e63033a37cbd0f9d3a4.jpg</filename>
	<path>6889b4244860f6687f406a201e904e1b8a93d2e5_jpeg.rf.f64c93823cc09e63033a37cbd0f9d3a4.jpg</path>
	<source>
		<database>roboflow.ai</database>
	</source>
	<size>
		<width>296</width>
		<height>640</height>
		<depth>3</depth>
	</size>
	<segmented>0</segmented>
	<object>
		<name>Text Fields</name>
		<pose>Unspecified</pose>
		<truncated>0</truncated>
		<difficult>0</difficult>
		<occluded>0</occluded>
		<bndbox>
			<xmin>22</xmin>
			<xmax>274</xmax>
			<ymin>382</ymin>
			<ymax>435</ymax>
		</bndbox>
	</object>
	<object>
		<name>Buttons</name>
		<pose>Unspecified</pose>
		<truncated>0</truncated>
		<difficult>0</difficult>
		<occluded>0</occluded>
		<bndbox>
			<xmin>24</xmin>
			<xmax>273</xmax>
			<ymin>441</ymin>
			<ymax>490</ymax>
		</bndbox>
	</object>
</annotation>
