<annotation>
	<folder></folder>
	<filename>71156084cc1fa3e1e216c8c34264dfe565bb6946_jpeg.rf.b618fcb88553a19cf716e9ef93f36a06.jpg</filename>
	<path>71156084cc1fa3e1e216c8c34264dfe565bb6946_jpeg.rf.b618fcb88553a19cf716e9ef93f36a06.jpg</path>
	<source>
		<database>roboflow.ai</database>
	</source>
	<size>
		<width>296</width>
		<height>640</height>
		<depth>3</depth>
	</size>
	<segmented>0</segmented>
	<object>
		<name>Buttons</name>
		<pose>Unspecified</pose>
		<truncated>0</truncated>
		<difficult>0</difficult>
		<occluded>0</occluded>
		<bndbox>
			<xmin>16</xmin>
			<xmax>281</xmax>
			<ymin>452</ymin>
			<ymax>495</ymax>
		</bndbox>
	</object>
	<object>
		<name>Buttons</name>
		<pose>Unspecified</pose>
		<truncated>0</truncated>
		<difficult>0</difficult>
		<occluded>0</occluded>
		<bndbox>
			<xmin>250</xmin>
			<xmax>288</xmax>
			<ymin>141</ymin>
			<ymax>166</ymax>
		</bndbox>
	</object>
</annotation>
