<annotation>
	<folder></folder>
	<filename>71c934fc7d88471154560c7dfc2f6d2ae49f8bd4_jpeg.rf.4b5fce6306e19fe218608d856e350838.jpg</filename>
	<path>71c934fc7d88471154560c7dfc2f6d2ae49f8bd4_jpeg.rf.4b5fce6306e19fe218608d856e350838.jpg</path>
	<source>
		<database>roboflow.ai</database>
	</source>
	<size>
		<width>296</width>
		<height>640</height>
		<depth>3</depth>
	</size>
	<segmented>0</segmented>
	<object>
		<name>Buttons</name>
		<pose>Unspecified</pose>
		<truncated>0</truncated>
		<difficult>0</difficult>
		<occluded>0</occluded>
		<bndbox>
			<xmin>89</xmin>
			<xmax>205</xmax>
			<ymin>357</ymin>
			<ymax>394</ymax>
		</bndbox>
	</object>
	<object>
		<name>Buttons</name>
		<pose>Unspecified</pose>
		<truncated>0</truncated>
		<difficult>0</difficult>
		<occluded>0</occluded>
		<bndbox>
			<xmin>12</xmin>
			<xmax>145</xmax>
			<ymin>82</ymin>
			<ymax>122</ymax>
		</bndbox>
	</object>
	<object>
		<name>Buttons</name>
		<pose>Unspecified</pose>
		<truncated>0</truncated>
		<difficult>0</difficult>
		<occluded>0</occluded>
		<bndbox>
			<xmin>151</xmin>
			<xmax>285</xmax>
			<ymin>83</ymin>
			<ymax>124</ymax>
		</bndbox>
	</object>
</annotation>
