<annotation>
	<folder></folder>
	<filename>74cfe65658070b9059842278b41e0d684de6a068_jpeg.rf.3c03e2ecd8c307b6f400970bb6ca5b39.jpg</filename>
	<path>74cfe65658070b9059842278b41e0d684de6a068_jpeg.rf.3c03e2ecd8c307b6f400970bb6ca5b39.jpg</path>
	<source>
		<database>roboflow.ai</database>
	</source>
	<size>
		<width>296</width>
		<height>640</height>
		<depth>3</depth>
	</size>
	<segmented>0</segmented>
	<object>
		<name>Text Fields</name>
		<pose>Unspecified</pose>
		<truncated>0</truncated>
		<difficult>0</difficult>
		<occluded>0</occluded>
		<bndbox>
			<xmin>28</xmin>
			<xmax>253</xmax>
			<ymin>335</ymin>
			<ymax>376</ymax>
		</bndbox>
	</object>
	<object>
		<name>Buttons</name>
		<pose>Unspecified</pose>
		<truncated>0</truncated>
		<difficult>0</difficult>
		<occluded>0</occluded>
		<bndbox>
			<xmin>256</xmin>
			<xmax>289</xmax>
			<ymin>343</ymin>
			<ymax>370</ymax>
		</bndbox>
	</object>
	<object>
		<name>Buttons</name>
		<pose>Unspecified</pose>
		<truncated>0</truncated>
		<difficult>0</difficult>
		<occluded>0</occluded>
		<bndbox>
			<xmin>220</xmin>
			<xmax>291</xmax>
			<ymin>38</ymin>
			<ymax>64</ymax>
		</bndbox>
	</object>
	<object>
		<name>Buttons</name>
		<pose>Unspecified</pose>
		<truncated>0</truncated>
		<difficult>0</difficult>
		<occluded>0</occluded>
		<bndbox>
			<xmin>145</xmin>
			<xmax>287</xmax>
			<ymin>125</ymin>
			<ymax>171</ymax>
		</bndbox>
	</object>
</annotation>
