<annotation>
	<folder></folder>
	<filename>75922b93b0c6d0041d556512b47ac5ee6ea2a55c_jpeg.rf.24176616f6bc5a937228e28b59a120b9.jpg</filename>
	<path>75922b93b0c6d0041d556512b47ac5ee6ea2a55c_jpeg.rf.24176616f6bc5a937228e28b59a120b9.jpg</path>
	<source>
		<database>roboflow.ai</database>
	</source>
	<size>
		<width>296</width>
		<height>640</height>
		<depth>3</depth>
	</size>
	<segmented>0</segmented>
	<object>
		<name>Buttons</name>
		<pose>Unspecified</pose>
		<truncated>0</truncated>
		<difficult>0</difficult>
		<occluded>0</occluded>
		<bndbox>
			<xmin>16</xmin>
			<xmax>281</xmax>
			<ymin>391</ymin>
			<ymax>431</ymax>
		</bndbox>
	</object>
</annotation>
