<annotation>
	<folder></folder>
	<filename>7c4ab628a1e0e8b55e679bd973cabc30effe9e24_jpeg.rf.9041a735a4fa1b75d2e1b32fb8d9fc3a.jpg</filename>
	<path>7c4ab628a1e0e8b55e679bd973cabc30effe9e24_jpeg.rf.9041a735a4fa1b75d2e1b32fb8d9fc3a.jpg</path>
	<source>
		<database>roboflow.ai</database>
	</source>
	<size>
		<width>296</width>
		<height>640</height>
		<depth>3</depth>
	</size>
	<segmented>0</segmented>
	<object>
		<name>Buttons</name>
		<pose>Unspecified</pose>
		<truncated>0</truncated>
		<difficult>0</difficult>
		<occluded>0</occluded>
		<bndbox>
			<xmin>256</xmin>
			<xmax>290</xmax>
			<ymin>37</ymin>
			<ymax>69</ymax>
		</bndbox>
	</object>
	<object>
		<name>Buttons</name>
		<pose>Unspecified</pose>
		<truncated>0</truncated>
		<difficult>0</difficult>
		<occluded>0</occluded>
		<bndbox>
			<xmin>147</xmin>
			<xmax>282</xmax>
			<ymin>573</ymin>
			<ymax>617</ymax>
		</bndbox>
	</object>
</annotation>
