<annotation>
	<folder></folder>
	<filename>814725a20bcf06c2d607f7f3bf84a45a9a4353d7_jpeg.rf.9b4b1c4979044f91f6ec52d362442f65.jpg</filename>
	<path>814725a20bcf06c2d607f7f3bf84a45a9a4353d7_jpeg.rf.9b4b1c4979044f91f6ec52d362442f65.jpg</path>
	<source>
		<database>roboflow.ai</database>
	</source>
	<size>
		<width>296</width>
		<height>640</height>
		<depth>3</depth>
	</size>
	<segmented>0</segmented>
	<object>
		<name>Buttons</name>
		<pose>Unspecified</pose>
		<truncated>0</truncated>
		<difficult>0</difficult>
		<occluded>0</occluded>
		<bndbox>
			<xmin>153</xmin>
			<xmax>284</xmax>
			<ymin>86</ymin>
			<ymax>123</ymax>
		</bndbox>
	</object>
	<object>
		<name>Buttons</name>
		<pose>Unspecified</pose>
		<truncated>0</truncated>
		<difficult>0</difficult>
		<occluded>0</occluded>
		<bndbox>
			<xmin>12</xmin>
			<xmax>144</xmax>
			<ymin>86</ymin>
			<ymax>120</ymax>
		</bndbox>
	</object>
</annotation>
