<annotation>
	<folder></folder>
	<filename>825c3b7861f1699a59edd52a010abf966945f0ab_jpeg.rf.cd22d972e0a548fca356def74ee9e64d.jpg</filename>
	<path>825c3b7861f1699a59edd52a010abf966945f0ab_jpeg.rf.cd22d972e0a548fca356def74ee9e64d.jpg</path>
	<source>
		<database>roboflow.ai</database>
	</source>
	<size>
		<width>296</width>
		<height>640</height>
		<depth>3</depth>
	</size>
	<segmented>0</segmented>
	<object>
		<name>Switches</name>
		<pose>Unspecified</pose>
		<truncated>0</truncated>
		<difficult>0</difficult>
		<occluded>0</occluded>
		<bndbox>
			<xmin>241</xmin>
			<xmax>283</xmax>
			<ymin>255</ymin>
			<ymax>282</ymax>
		</bndbox>
	</object>
	<object>
		<name>Switches</name>
		<pose>Unspecified</pose>
		<truncated>0</truncated>
		<difficult>0</difficult>
		<occluded>0</occluded>
		<bndbox>
			<xmin>240</xmin>
			<xmax>284</xmax>
			<ymin>303</ymin>
			<ymax>332</ymax>
		</bndbox>
	</object>
	<object>
		<name>Switches</name>
		<pose>Unspecified</pose>
		<truncated>0</truncated>
		<difficult>0</difficult>
		<occluded>0</occluded>
		<bndbox>
			<xmin>239</xmin>
			<xmax>283</xmax>
			<ymin>351</ymin>
			<ymax>380</ymax>
		</bndbox>
	</object>
	<object>
		<name>Switches</name>
		<pose>Unspecified</pose>
		<truncated>0</truncated>
		<difficult>0</difficult>
		<occluded>0</occluded>
		<bndbox>
			<xmin>238</xmin>
			<xmax>284</xmax>
			<ymin>115</ymin>
			<ymax>145</ymax>
		</bndbox>
	</object>
</annotation>
