<annotation>
	<folder></folder>
	<filename>8280fe4ede3d2f67c1031c4deacbfeea095fb6c4_jpeg.rf.f8734df7f365be63585d84f4cc2940f3.jpg</filename>
	<path>8280fe4ede3d2f67c1031c4deacbfeea095fb6c4_jpeg.rf.f8734df7f365be63585d84f4cc2940f3.jpg</path>
	<source>
		<database>roboflow.ai</database>
	</source>
	<size>
		<width>296</width>
		<height>640</height>
		<depth>3</depth>
	</size>
	<segmented>0</segmented>
	<object>
		<name>Rating</name>
		<pose>Unspecified</pose>
		<truncated>0</truncated>
		<difficult>0</difficult>
		<occluded>0</occluded>
		<bndbox>
			<xmin>12</xmin>
			<xmax>95</xmax>
			<ymin>304</ymin>
			<ymax>330</ymax>
		</bndbox>
	</object>
	<object>
		<name>Rating</name>
		<pose>Unspecified</pose>
		<truncated>0</truncated>
		<difficult>0</difficult>
		<occluded>0</occluded>
		<bndbox>
			<xmin>15</xmin>
			<xmax>96</xmax>
			<ymin>395</ymin>
			<ymax>415</ymax>
		</bndbox>
	</object>
	<object>
		<name>Rating</name>
		<pose>Unspecified</pose>
		<truncated>0</truncated>
		<difficult>0</difficult>
		<occluded>0</occluded>
		<bndbox>
			<xmin>11</xmin>
			<xmax>96</xmax>
			<ymin>519</ymin>
			<ymax>539</ymax>
		</bndbox>
	</object>
	<object>
		<name>Rating</name>
		<pose>Unspecified</pose>
		<truncated>0</truncated>
		<difficult>0</difficult>
		<occluded>0</occluded>
		<bndbox>
			<xmin>155</xmin>
			<xmax>279</xmax>
			<ymin>110</ymin>
			<ymax>157</ymax>
		</bndbox>
	</object>
</annotation>
