<annotation>
	<folder></folder>
	<filename>87828077d36f045c60464742e3c28e526b0b837f_jpeg.rf.a7ec3b626ed8e2e7fb4a18215ffb9b7d.jpg</filename>
	<path>87828077d36f045c60464742e3c28e526b0b837f_jpeg.rf.a7ec3b626ed8e2e7fb4a18215ffb9b7d.jpg</path>
	<source>
		<database>roboflow.ai</database>
	</source>
	<size>
		<width>296</width>
		<height>640</height>
		<depth>3</depth>
	</size>
	<segmented>0</segmented>
	<object>
		<name>Buttons</name>
		<pose>Unspecified</pose>
		<truncated>0</truncated>
		<difficult>0</difficult>
		<occluded>0</occluded>
		<bndbox>
			<xmin>228</xmin>
			<xmax>289</xmax>
			<ymin>39</ymin>
			<ymax>65</ymax>
		</bndbox>
	</object>
</annotation>
