<annotation>
	<folder></folder>
	<filename>879cc6503b4646eb0f7c96298c5f096a523cd9f6_jpeg.rf.b463494e57e7265e5c2b74c208f9497a.jpg</filename>
	<path>879cc6503b4646eb0f7c96298c5f096a523cd9f6_jpeg.rf.b463494e57e7265e5c2b74c208f9497a.jpg</path>
	<source>
		<database>roboflow.ai</database>
	</source>
	<size>
		<width>296</width>
		<height>640</height>
		<depth>3</depth>
	</size>
	<segmented>0</segmented>
	<object>
		<name>Buttons</name>
		<pose>Unspecified</pose>
		<truncated>0</truncated>
		<difficult>0</difficult>
		<occluded>0</occluded>
		<bndbox>
			<xmin>15</xmin>
			<xmax>63</xmax>
			<ymin>256</ymin>
			<ymax>305</ymax>
		</bndbox>
	</object>
	<object>
		<name>Buttons</name>
		<pose>Unspecified</pose>
		<truncated>0</truncated>
		<difficult>0</difficult>
		<occluded>0</occluded>
		<bndbox>
			<xmin>224</xmin>
			<xmax>290</xmax>
			<ymin>38</ymin>
			<ymax>67</ymax>
		</bndbox>
	</object>
</annotation>
