<annotation>
	<folder></folder>
	<filename>88200e5260a2905df0bb239e71a75f5137356762_jpeg.rf.97b4dd280bb9dfcf21f16a1f72f934a3.jpg</filename>
	<path>88200e5260a2905df0bb239e71a75f5137356762_jpeg.rf.97b4dd280bb9dfcf21f16a1f72f934a3.jpg</path>
	<source>
		<database>roboflow.ai</database>
	</source>
	<size>
		<width>296</width>
		<height>640</height>
		<depth>3</depth>
	</size>
	<segmented>0</segmented>
	<object>
		<name>FAB -Floating Action Button-</name>
		<pose>Unspecified</pose>
		<truncated>0</truncated>
		<difficult>0</difficult>
		<occluded>0</occluded>
		<bndbox>
			<xmin>248</xmin>
			<xmax>290</xmax>
			<ymin>570</ymin>
			<ymax>603</ymax>
		</bndbox>
	</object>
	<object>
		<name>FAB -Floating Action Button-</name>
		<pose>Unspecified</pose>
		<truncated>0</truncated>
		<difficult>0</difficult>
		<occluded>0</occluded>
		<bndbox>
			<xmin>250</xmin>
			<xmax>290</xmax>
			<ymin>530</ymin>
			<ymax>564</ymax>
		</bndbox>
	</object>
	<object>
		<name>FAB -Floating Action Button-</name>
		<pose>Unspecified</pose>
		<truncated>0</truncated>
		<difficult>0</difficult>
		<occluded>0</occluded>
		<bndbox>
			<xmin>250</xmin>
			<xmax>288</xmax>
			<ymin>487</ymin>
			<ymax>526</ymax>
		</bndbox>
	</object>
</annotation>
