<annotation>
	<folder></folder>
	<filename>8bc6c2dabd44408bfabc900dc558a37efdbe6cac_jpeg.rf.f382c94f2a309517529bdf5829c5291d.jpg</filename>
	<path>8bc6c2dabd44408bfabc900dc558a37efdbe6cac_jpeg.rf.f382c94f2a309517529bdf5829c5291d.jpg</path>
	<source>
		<database>roboflow.ai</database>
	</source>
	<size>
		<width>296</width>
		<height>640</height>
		<depth>3</depth>
	</size>
	<segmented>0</segmented>
	<object>
		<name>Buttons</name>
		<pose>Unspecified</pose>
		<truncated>0</truncated>
		<difficult>0</difficult>
		<occluded>0</occluded>
		<bndbox>
			<xmin>29</xmin>
			<xmax>270</xmax>
			<ymin>452</ymin>
			<ymax>496</ymax>
		</bndbox>
	</object>
	<object>
		<name>Rating</name>
		<pose>Unspecified</pose>
		<truncated>0</truncated>
		<difficult>0</difficult>
		<occluded>0</occluded>
		<bndbox>
			<xmin>15</xmin>
			<xmax>76</xmax>
			<ymin>549</ymin>
			<ymax>568</ymax>
		</bndbox>
	</object>
	<object>
		<name>Buttons</name>
		<pose>Unspecified</pose>
		<truncated>0</truncated>
		<difficult>0</difficult>
		<occluded>0</occluded>
		<bndbox>
			<xmin>148</xmin>
			<xmax>280</xmax>
			<ymin>572</ymin>
			<ymax>618</ymax>
		</bndbox>
	</object>
</annotation>
