<annotation>
	<folder></folder>
	<filename>8d69a1264e97e6f7effd15664ebb1c509dc37aa7_jpeg.rf.2bd1d9387a65117466f51326bbc13529.jpg</filename>
	<path>8d69a1264e97e6f7effd15664ebb1c509dc37aa7_jpeg.rf.2bd1d9387a65117466f51326bbc13529.jpg</path>
	<source>
		<database>roboflow.ai</database>
	</source>
	<size>
		<width>296</width>
		<height>640</height>
		<depth>3</depth>
	</size>
	<segmented>0</segmented>
	<object>
		<name>FAB -Floating Action Button-</name>
		<pose>Unspecified</pose>
		<truncated>0</truncated>
		<difficult>0</difficult>
		<occluded>0</occluded>
		<bndbox>
			<xmin>248</xmin>
			<xmax>288</xmax>
			<ymin>574</ymin>
			<ymax>605</ymax>
		</bndbox>
	</object>
	<object>
		<name>FAB -Floating Action Button-</name>
		<pose>Unspecified</pose>
		<truncated>0</truncated>
		<difficult>0</difficult>
		<occluded>0</occluded>
		<bndbox>
			<xmin>249</xmin>
			<xmax>290</xmax>
			<ymin>530</ymin>
			<ymax>566</ymax>
		</bndbox>
	</object>
	<object>
		<name>FAB -Floating Action Button-</name>
		<pose>Unspecified</pose>
		<truncated>0</truncated>
		<difficult>0</difficult>
		<occluded>0</occluded>
		<bndbox>
			<xmin>248</xmin>
			<xmax>289</xmax>
			<ymin>489</ymin>
			<ymax>526</ymax>
		</bndbox>
	</object>
</annotation>
