<annotation>
	<folder></folder>
	<filename>8d987e3f6277247e6e84604da5897a03aaba01d1_jpeg.rf.a86928c91b1b876e3a82d1dc9caff3b5.jpg</filename>
	<path>8d987e3f6277247e6e84604da5897a03aaba01d1_jpeg.rf.a86928c91b1b876e3a82d1dc9caff3b5.jpg</path>
	<source>
		<database>roboflow.ai</database>
	</source>
	<size>
		<width>296</width>
		<height>640</height>
		<depth>3</depth>
	</size>
	<segmented>0</segmented>
	<object>
		<name>Text Fields</name>
		<pose>Unspecified</pose>
		<truncated>0</truncated>
		<difficult>0</difficult>
		<occluded>0</occluded>
		<bndbox>
			<xmin>51</xmin>
			<xmax>246</xmax>
			<ymin>293</ymin>
			<ymax>342</ymax>
		</bndbox>
	</object>
	<object>
		<name>Buttons</name>
		<pose>Unspecified</pose>
		<truncated>0</truncated>
		<difficult>0</difficult>
		<occluded>0</occluded>
		<bndbox>
			<xmin>98</xmin>
			<xmax>201</xmax>
			<ymin>359</ymin>
			<ymax>396</ymax>
		</bndbox>
	</object>
	<object>
		<name>Buttons</name>
		<pose>Unspecified</pose>
		<truncated>0</truncated>
		<difficult>0</difficult>
		<occluded>0</occluded>
		<bndbox>
			<xmin>174</xmin>
			<xmax>207</xmax>
			<ymin>147</ymin>
			<ymax>181</ymax>
		</bndbox>
	</object>
</annotation>
