<annotation>
	<folder></folder>
	<filename>955565a243f84cc1090aef763cf142e7677de132_jpeg.rf.72e234d2ab07c68e87d589111165e7eb.jpg</filename>
	<path>955565a243f84cc1090aef763cf142e7677de132_jpeg.rf.72e234d2ab07c68e87d589111165e7eb.jpg</path>
	<source>
		<database>roboflow.ai</database>
	</source>
	<size>
		<width>296</width>
		<height>640</height>
		<depth>3</depth>
	</size>
	<segmented>0</segmented>
	<object>
		<name>Buttons</name>
		<pose>Unspecified</pose>
		<truncated>0</truncated>
		<difficult>0</difficult>
		<occluded>0</occluded>
		<bndbox>
			<xmin>11</xmin>
			<xmax>286</xmax>
			<ymin>364</ymin>
			<ymax>413</ymax>
		</bndbox>
	</object>
</annotation>
