<annotation>
	<folder></folder>
	<filename>96c47512c498d76a8e918d990b6392fffdd513b6_jpeg.rf.0a462f0709a6bbb9f33752999d627c9f.jpg</filename>
	<path>96c47512c498d76a8e918d990b6392fffdd513b6_jpeg.rf.0a462f0709a6bbb9f33752999d627c9f.jpg</path>
	<source>
		<database>roboflow.ai</database>
	</source>
	<size>
		<width>296</width>
		<height>640</height>
		<depth>3</depth>
	</size>
	<segmented>0</segmented>
	<object>
		<name>Buttons</name>
		<pose>Unspecified</pose>
		<truncated>0</truncated>
		<difficult>0</difficult>
		<occluded>0</occluded>
		<bndbox>
			<xmin>12</xmin>
			<xmax>283</xmax>
			<ymin>206</ymin>
			<ymax>252</ymax>
		</bndbox>
	</object>
</annotation>
