<annotation>
	<folder></folder>
	<filename>99457170158537bf64a7d8dc2e7238a0f39b1ec6_jpeg.rf.fb310f2d0ba589575c3c6c0d9d98aa40.jpg</filename>
	<path>99457170158537bf64a7d8dc2e7238a0f39b1ec6_jpeg.rf.fb310f2d0ba589575c3c6c0d9d98aa40.jpg</path>
	<source>
		<database>roboflow.ai</database>
	</source>
	<size>
		<width>296</width>
		<height>640</height>
		<depth>3</depth>
	</size>
	<segmented>0</segmented>
	<object>
		<name>Buttons</name>
		<pose>Unspecified</pose>
		<truncated>0</truncated>
		<difficult>0</difficult>
		<occluded>0</occluded>
		<bndbox>
			<xmin>200</xmin>
			<xmax>269</xmax>
			<ymin>327</ymin>
			<ymax>367</ymax>
		</bndbox>
	</object>
	<object>
		<name>Buttons</name>
		<pose>Unspecified</pose>
		<truncated>0</truncated>
		<difficult>0</difficult>
		<occluded>0</occluded>
		<bndbox>
			<xmin>199</xmin>
			<xmax>268</xmax>
			<ymin>421</ymin>
			<ymax>456</ymax>
		</bndbox>
	</object>
	<object>
		<name>Buttons</name>
		<pose>Unspecified</pose>
		<truncated>0</truncated>
		<difficult>0</difficult>
		<occluded>0</occluded>
		<bndbox>
			<xmin>201</xmin>
			<xmax>267</xmax>
			<ymin>553</ymin>
			<ymax>576</ymax>
		</bndbox>
	</object>
	<object>
		<name>Buttons</name>
		<pose>Unspecified</pose>
		<truncated>0</truncated>
		<difficult>0</difficult>
		<occluded>0</occluded>
		<bndbox>
			<xmin>246</xmin>
			<xmax>293</xmax>
			<ymin>178</ymin>
			<ymax>206</ymax>
		</bndbox>
	</object>
	<object>
		<name>Buttons</name>
		<pose>Unspecified</pose>
		<truncated>0</truncated>
		<difficult>0</difficult>
		<occluded>0</occluded>
		<bndbox>
			<xmin>198</xmin>
			<xmax>271</xmax>
			<ymin>239</ymin>
			<ymax>273</ymax>
		</bndbox>
	</object>
</annotation>
