<annotation>
	<folder></folder>
	<filename>9b5542473b79012a4072482245822dcf40b64a38_jpeg.rf.4da3ab8bbc1438bf148e9ea7de8444b9.jpg</filename>
	<path>9b5542473b79012a4072482245822dcf40b64a38_jpeg.rf.4da3ab8bbc1438bf148e9ea7de8444b9.jpg</path>
	<source>
		<database>roboflow.ai</database>
	</source>
	<size>
		<width>296</width>
		<height>640</height>
		<depth>3</depth>
	</size>
	<segmented>0</segmented>
	<object>
		<name>Buttons</name>
		<pose>Unspecified</pose>
		<truncated>0</truncated>
		<difficult>0</difficult>
		<occluded>0</occluded>
		<bndbox>
			<xmin>105</xmin>
			<xmax>189</xmax>
			<ymin>358</ymin>
			<ymax>394</ymax>
		</bndbox>
	</object>
	<object>
		<name>Buttons</name>
		<pose>Unspecified</pose>
		<truncated>0</truncated>
		<difficult>0</difficult>
		<occluded>0</occluded>
		<bndbox>
			<xmin>10</xmin>
			<xmax>146</xmax>
			<ymin>82</ymin>
			<ymax>123</ymax>
		</bndbox>
	</object>
	<object>
		<name>Buttons</name>
		<pose>Unspecified</pose>
		<truncated>0</truncated>
		<difficult>0</difficult>
		<occluded>0</occluded>
		<bndbox>
			<xmin>152</xmin>
			<xmax>285</xmax>
			<ymin>83</ymin>
			<ymax>123</ymax>
		</bndbox>
	</object>
</annotation>
