<annotation>
	<folder></folder>
	<filename>9d9d4b5a6ad60a9714a3947170fa658560c29aba_jpeg.rf.fa15fb25e80b871f2af1e3d39b5824b8.jpg</filename>
	<path>9d9d4b5a6ad60a9714a3947170fa658560c29aba_jpeg.rf.fa15fb25e80b871f2af1e3d39b5824b8.jpg</path>
	<source>
		<database>roboflow.ai</database>
	</source>
	<size>
		<width>296</width>
		<height>640</height>
		<depth>3</depth>
	</size>
	<segmented>0</segmented>
	<object>
		<name>Buttons</name>
		<pose>Unspecified</pose>
		<truncated>0</truncated>
		<difficult>0</difficult>
		<occluded>0</occluded>
		<bndbox>
			<xmin>15</xmin>
			<xmax>281</xmax>
			<ymin>554</ymin>
			<ymax>598</ymax>
		</bndbox>
	</object>
	<object>
		<name>Buttons</name>
		<pose>Unspecified</pose>
		<truncated>0</truncated>
		<difficult>0</difficult>
		<occluded>0</occluded>
		<bndbox>
			<xmin>243</xmin>
			<xmax>286</xmax>
			<ymin>138</ymin>
			<ymax>169</ymax>
		</bndbox>
	</object>
</annotation>
