<annotation>
	<folder></folder>
	<filename>9e0a978b8b58cc8b0e16e94d10ddcfd4471c7eb2_jpeg.rf.fd9cb6e67c1a4dde75085f0b57fbdf76.jpg</filename>
	<path>9e0a978b8b58cc8b0e16e94d10ddcfd4471c7eb2_jpeg.rf.fd9cb6e67c1a4dde75085f0b57fbdf76.jpg</path>
	<source>
		<database>roboflow.ai</database>
	</source>
	<size>
		<width>296</width>
		<height>640</height>
		<depth>3</depth>
	</size>
	<segmented>0</segmented>
	<object>
		<name>Rating</name>
		<pose>Unspecified</pose>
		<truncated>0</truncated>
		<difficult>0</difficult>
		<occluded>0</occluded>
		<bndbox>
			<xmin>13</xmin>
			<xmax>75</xmax>
			<ymin>551</ymin>
			<ymax>566</ymax>
		</bndbox>
	</object>
	<object>
		<name>Buttons</name>
		<pose>Unspecified</pose>
		<truncated>0</truncated>
		<difficult>0</difficult>
		<occluded>0</occluded>
		<bndbox>
			<xmin>147</xmin>
			<xmax>281</xmax>
			<ymin>571</ymin>
			<ymax>618</ymax>
		</bndbox>
	</object>
</annotation>
