<annotation>
	<folder></folder>
	<filename>9eb62bf4c8fef9c8f83777df3548527310099428_jpeg.rf.a3a3c96ec5dc10a2dd066b301dc0272e.jpg</filename>
	<path>9eb62bf4c8fef9c8f83777df3548527310099428_jpeg.rf.a3a3c96ec5dc10a2dd066b301dc0272e.jpg</path>
	<source>
		<database>roboflow.ai</database>
	</source>
	<size>
		<width>296</width>
		<height>640</height>
		<depth>3</depth>
	</size>
	<segmented>0</segmented>
	<object>
		<name>Pickers</name>
		<pose>Unspecified</pose>
		<truncated>0</truncated>
		<difficult>0</difficult>
		<occluded>0</occluded>
		<bndbox>
			<xmin>1</xmin>
			<xmax>295</xmax>
			<ymin>469</ymin>
			<ymax>627</ymax>
		</bndbox>
	</object>
	<object>
		<name>Buttons</name>
		<pose>Unspecified</pose>
		<truncated>0</truncated>
		<difficult>0</difficult>
		<occluded>0</occluded>
		<bndbox>
			<xmin>12</xmin>
			<xmax>285</xmax>
			<ymin>355</ymin>
			<ymax>409</ymax>
		</bndbox>
	</object>
	<object>
		<name>Text Fields</name>
		<pose>Unspecified</pose>
		<truncated>0</truncated>
		<difficult>0</difficult>
		<occluded>0</occluded>
		<bndbox>
			<xmin>11</xmin>
			<xmax>286</xmax>
			<ymin>296</ymin>
			<ymax>353</ymax>
		</bndbox>
	</object>
</annotation>
