<annotation>
	<folder></folder>
	<filename>a17adc582138f5de1c759d84b403e0111161c56d_jpeg.rf.58d6bb93c61c40bd61359af7a186d409.jpg</filename>
	<path>a17adc582138f5de1c759d84b403e0111161c56d_jpeg.rf.58d6bb93c61c40bd61359af7a186d409.jpg</path>
	<source>
		<database>roboflow.ai</database>
	</source>
	<size>
		<width>296</width>
		<height>640</height>
		<depth>3</depth>
	</size>
	<segmented>0</segmented>
	<object>
		<name>Buttons</name>
		<pose>Unspecified</pose>
		<truncated>0</truncated>
		<difficult>0</difficult>
		<occluded>0</occluded>
		<bndbox>
			<xmin>28</xmin>
			<xmax>87</xmax>
			<ymin>341</ymin>
			<ymax>372</ymax>
		</bndbox>
	</object>
	<object>
		<name>Buttons</name>
		<pose>Unspecified</pose>
		<truncated>0</truncated>
		<difficult>0</difficult>
		<occluded>0</occluded>
		<bndbox>
			<xmin>112</xmin>
			<xmax>185</xmax>
			<ymin>116</ymin>
			<ymax>146</ymax>
		</bndbox>
	</object>
	<object>
		<name>Buttons</name>
		<pose>Unspecified</pose>
		<truncated>0</truncated>
		<difficult>0</difficult>
		<occluded>0</occluded>
		<bndbox>
			<xmin>27</xmin>
			<xmax>85</xmax>
			<ymin>117</ymin>
			<ymax>146</ymax>
		</bndbox>
	</object>
</annotation>
