<annotation>
	<folder></folder>
	<filename>a41cf59bba4f4ed79623d902da8f42e23cbb71f5_jpeg.rf.5d2ca9fa98f894dddc22e70d995d2bc2.jpg</filename>
	<path>a41cf59bba4f4ed79623d902da8f42e23cbb71f5_jpeg.rf.5d2ca9fa98f894dddc22e70d995d2bc2.jpg</path>
	<source>
		<database>roboflow.ai</database>
	</source>
	<size>
		<width>296</width>
		<height>640</height>
		<depth>3</depth>
	</size>
	<segmented>0</segmented>
	<object>
		<name>Buttons</name>
		<pose>Unspecified</pose>
		<truncated>0</truncated>
		<difficult>0</difficult>
		<occluded>0</occluded>
		<bndbox>
			<xmin>17</xmin>
			<xmax>280</xmax>
			<ymin>392</ymin>
			<ymax>432</ymax>
		</bndbox>
	</object>
</annotation>
