<annotation>
	<folder></folder>
	<filename>a7a6d51b9ff9cbc1728e5dcca61612a078fc7c76_jpeg.rf.8fe1a84d45e27cc4779be4ccdb461cab.jpg</filename>
	<path>a7a6d51b9ff9cbc1728e5dcca61612a078fc7c76_jpeg.rf.8fe1a84d45e27cc4779be4ccdb461cab.jpg</path>
	<source>
		<database>roboflow.ai</database>
	</source>
	<size>
		<width>296</width>
		<height>640</height>
		<depth>3</depth>
	</size>
	<segmented>0</segmented>
	<object>
		<name>Text Fields</name>
		<pose>Unspecified</pose>
		<truncated>0</truncated>
		<difficult>0</difficult>
		<occluded>0</occluded>
		<bndbox>
			<xmin>22</xmin>
			<xmax>274</xmax>
			<ymin>318</ymin>
			<ymax>372</ymax>
		</bndbox>
	</object>
	<object>
		<name>Buttons</name>
		<pose>Unspecified</pose>
		<truncated>0</truncated>
		<difficult>0</difficult>
		<occluded>0</occluded>
		<bndbox>
			<xmin>224</xmin>
			<xmax>289</xmax>
			<ymin>37</ymin>
			<ymax>65</ymax>
		</bndbox>
	</object>
</annotation>
