<annotation>
	<folder></folder>
	<filename>a8c09da68af47268d1806259cf4dbb5deeda277f_jpeg.rf.4ccef1acd78626b8c3cdd8290fbf6e85.jpg</filename>
	<path>a8c09da68af47268d1806259cf4dbb5deeda277f_jpeg.rf.4ccef1acd78626b8c3cdd8290fbf6e85.jpg</path>
	<source>
		<database>roboflow.ai</database>
	</source>
	<size>
		<width>296</width>
		<height>640</height>
		<depth>3</depth>
	</size>
	<segmented>0</segmented>
	<object>
		<name>Buttons</name>
		<pose>Unspecified</pose>
		<truncated>0</truncated>
		<difficult>0</difficult>
		<occluded>0</occluded>
		<bndbox>
			<xmin>90</xmin>
			<xmax>206</xmax>
			<ymin>357</ymin>
			<ymax>394</ymax>
		</bndbox>
	</object>
	<object>
		<name>Buttons</name>
		<pose>Unspecified</pose>
		<truncated>0</truncated>
		<difficult>0</difficult>
		<occluded>0</occluded>
		<bndbox>
			<xmin>11</xmin>
			<xmax>146</xmax>
			<ymin>83</ymin>
			<ymax>122</ymax>
		</bndbox>
	</object>
	<object>
		<name>Buttons</name>
		<pose>Unspecified</pose>
		<truncated>0</truncated>
		<difficult>0</difficult>
		<occluded>0</occluded>
		<bndbox>
			<xmin>152</xmin>
			<xmax>285</xmax>
			<ymin>82</ymin>
			<ymax>123</ymax>
		</bndbox>
	</object>
</annotation>
