<annotation>
	<folder></folder>
	<filename>a970ed7b172bb101a04ac22e8a303329139205e6_jpeg.rf.6fe72602781646b6d0820127fad85644.jpg</filename>
	<path>a970ed7b172bb101a04ac22e8a303329139205e6_jpeg.rf.6fe72602781646b6d0820127fad85644.jpg</path>
	<source>
		<database>roboflow.ai</database>
	</source>
	<size>
		<width>296</width>
		<height>640</height>
		<depth>3</depth>
	</size>
	<segmented>0</segmented>
	<object>
		<name>Buttons</name>
		<pose>Unspecified</pose>
		<truncated>0</truncated>
		<difficult>0</difficult>
		<occluded>0</occluded>
		<bndbox>
			<xmin>245</xmin>
			<xmax>289</xmax>
			<ymin>37</ymin>
			<ymax>67</ymax>
		</bndbox>
	</object>
	<object>
		<name>Sliders</name>
		<pose>Unspecified</pose>
		<truncated>0</truncated>
		<difficult>0</difficult>
		<occluded>0</occluded>
		<bndbox>
			<xmin>11</xmin>
			<xmax>284</xmax>
			<ymin>176</ymin>
			<ymax>204</ymax>
		</bndbox>
	</object>
	<object>
		<name>Sliders</name>
		<pose>Unspecified</pose>
		<truncated>0</truncated>
		<difficult>0</difficult>
		<occluded>0</occluded>
		<bndbox>
			<xmin>11</xmin>
			<xmax>284</xmax>
			<ymin>102</ymin>
			<ymax>129</ymax>
		</bndbox>
	</object>
</annotation>
