<annotation>
	<folder></folder>
	<filename>aafdc02c0f2c6f4e3d46f1dc12948316dda07339_jpeg.rf.08c2d59fc41cf4c14545cc0679578bf6.jpg</filename>
	<path>aafdc02c0f2c6f4e3d46f1dc12948316dda07339_jpeg.rf.08c2d59fc41cf4c14545cc0679578bf6.jpg</path>
	<source>
		<database>roboflow.ai</database>
	</source>
	<size>
		<width>296</width>
		<height>640</height>
		<depth>3</depth>
	</size>
	<segmented>0</segmented>
	<object>
		<name>Rating</name>
		<pose>Unspecified</pose>
		<truncated>0</truncated>
		<difficult>0</difficult>
		<occluded>0</occluded>
		<bndbox>
			<xmin>27</xmin>
			<xmax>134</xmax>
			<ymin>472</ymin>
			<ymax>493</ymax>
		</bndbox>
	</object>
	<object>
		<name>Rating</name>
		<pose>Unspecified</pose>
		<truncated>0</truncated>
		<difficult>0</difficult>
		<occluded>0</occluded>
		<bndbox>
			<xmin>230</xmin>
			<xmax>295</xmax>
			<ymin>472</ymin>
			<ymax>494</ymax>
		</bndbox>
	</object>
	<object>
		<name>Buttons</name>
		<pose>Unspecified</pose>
		<truncated>0</truncated>
		<difficult>0</difficult>
		<occluded>0</occluded>
		<bndbox>
			<xmin>16</xmin>
			<xmax>281</xmax>
			<ymin>573</ymin>
			<ymax>620</ymax>
		</bndbox>
	</object>
</annotation>
