<annotation>
	<folder></folder>
	<filename>ab741f736aa1872c294524590b3daf0831be6ea3_jpeg.rf.b71a1d25dd699523bdb28716353de74b.jpg</filename>
	<path>ab741f736aa1872c294524590b3daf0831be6ea3_jpeg.rf.b71a1d25dd699523bdb28716353de74b.jpg</path>
	<source>
		<database>roboflow.ai</database>
	</source>
	<size>
		<width>296</width>
		<height>640</height>
		<depth>3</depth>
	</size>
	<segmented>0</segmented>
	<object>
		<name>FAB -Floating Action Button-</name>
		<pose>Unspecified</pose>
		<truncated>0</truncated>
		<difficult>0</difficult>
		<occluded>0</occluded>
		<bndbox>
			<xmin>23</xmin>
			<xmax>102</xmax>
			<ymin>302</ymin>
			<ymax>338</ymax>
		</bndbox>
	</object>
	<object>
		<name>FAB -Floating Action Button-</name>
		<pose>Unspecified</pose>
		<truncated>0</truncated>
		<difficult>0</difficult>
		<occluded>0</occluded>
		<bndbox>
			<xmin>122</xmin>
			<xmax>164</xmax>
			<ymin>304</ymin>
			<ymax>338</ymax>
		</bndbox>
	</object>
	<object>
		<name>FAB -Floating Action Button-</name>
		<pose>Unspecified</pose>
		<truncated>0</truncated>
		<difficult>0</difficult>
		<occluded>0</occluded>
		<bndbox>
			<xmin>245</xmin>
			<xmax>278</xmax>
			<ymin>26</ymin>
			<ymax>59</ymax>
		</bndbox>
	</object>
	<object>
		<name>Progress indicators</name>
		<pose>Unspecified</pose>
		<truncated>0</truncated>
		<difficult>0</difficult>
		<occluded>0</occluded>
		<bndbox>
			<xmin>26</xmin>
			<xmax>274</xmax>
			<ymin>574</ymin>
			<ymax>612</ymax>
		</bndbox>
	</object>
</annotation>
