<annotation>
	<folder></folder>
	<filename>afe02c1391fcc4cacef6767be6b371bc229eba0a_jpeg.rf.f7e12d49bfd9138dfa30e34739bfcc39.jpg</filename>
	<path>afe02c1391fcc4cacef6767be6b371bc229eba0a_jpeg.rf.f7e12d49bfd9138dfa30e34739bfcc39.jpg</path>
	<source>
		<database>roboflow.ai</database>
	</source>
	<size>
		<width>296</width>
		<height>640</height>
		<depth>3</depth>
	</size>
	<segmented>0</segmented>
	<object>
		<name>Rating</name>
		<pose>Unspecified</pose>
		<truncated>0</truncated>
		<difficult>0</difficult>
		<occluded>0</occluded>
		<bndbox>
			<xmin>228</xmin>
			<xmax>293</xmax>
			<ymin>514</ymin>
			<ymax>531</ymax>
		</bndbox>
	</object>
	<object>
		<name>Rating</name>
		<pose>Unspecified</pose>
		<truncated>0</truncated>
		<difficult>0</difficult>
		<occluded>0</occluded>
		<bndbox>
			<xmin>27</xmin>
			<xmax>111</xmax>
			<ymin>515</ymin>
			<ymax>530</ymax>
		</bndbox>
	</object>
	<object>
		<name>Buttons</name>
		<pose>Unspecified</pose>
		<truncated>0</truncated>
		<difficult>0</difficult>
		<occluded>0</occluded>
		<bndbox>
			<xmin>147</xmin>
			<xmax>279</xmax>
			<ymin>569</ymin>
			<ymax>615</ymax>
		</bndbox>
	</object>
	<object>
		<name>Buttons</name>
		<pose>Unspecified</pose>
		<truncated>0</truncated>
		<difficult>0</difficult>
		<occluded>0</occluded>
		<bndbox>
			<xmin>12</xmin>
			<xmax>85</xmax>
			<ymin>165</ymin>
			<ymax>191</ymax>
		</bndbox>
	</object>
</annotation>
