<annotation>
	<folder></folder>
	<filename>b2390a1206c7e34cad2c02588274fc13a380b77f_jpeg.rf.a4d859ac86177559dc6dc86a7f84e604.jpg</filename>
	<path>b2390a1206c7e34cad2c02588274fc13a380b77f_jpeg.rf.a4d859ac86177559dc6dc86a7f84e604.jpg</path>
	<source>
		<database>roboflow.ai</database>
	</source>
	<size>
		<width>296</width>
		<height>640</height>
		<depth>3</depth>
	</size>
	<segmented>0</segmented>
	<object>
		<name>FAB -Floating Action Button-</name>
		<pose>Unspecified</pose>
		<truncated>0</truncated>
		<difficult>0</difficult>
		<occluded>0</occluded>
		<bndbox>
			<xmin>254</xmin>
			<xmax>287</xmax>
			<ymin>114</ymin>
			<ymax>145</ymax>
		</bndbox>
	</object>
	<object>
		<name>FAB -Floating Action Button-</name>
		<pose>Unspecified</pose>
		<truncated>0</truncated>
		<difficult>0</difficult>
		<occluded>0</occluded>
		<bndbox>
			<xmin>10</xmin>
			<xmax>40</xmax>
			<ymin>113</ymin>
			<ymax>145</ymax>
		</bndbox>
	</object>
</annotation>
