<annotation>
	<folder></folder>
	<filename>b477622cee62d00d06ac095bf46e6c5c18a7f8b2_jpeg.rf.eb1c7a09b52b2f333a413915c00f4995.jpg</filename>
	<path>b477622cee62d00d06ac095bf46e6c5c18a7f8b2_jpeg.rf.eb1c7a09b52b2f333a413915c00f4995.jpg</path>
	<source>
		<database>roboflow.ai</database>
	</source>
	<size>
		<width>296</width>
		<height>640</height>
		<depth>3</depth>
	</size>
	<segmented>0</segmented>
	<object>
		<name>Buttons</name>
		<pose>Unspecified</pose>
		<truncated>0</truncated>
		<difficult>0</difficult>
		<occluded>0</occluded>
		<bndbox>
			<xmin>42</xmin>
			<xmax>209</xmax>
			<ymin>233</ymin>
			<ymax>278</ymax>
		</bndbox>
	</object>
</annotation>
