<annotation>
	<folder></folder>
	<filename>b800429838232f0c1aa5e7de530aee612f9a98f1_jpeg.rf.8d52191c624802d1e7442ae112ff921e.jpg</filename>
	<path>b800429838232f0c1aa5e7de530aee612f9a98f1_jpeg.rf.8d52191c624802d1e7442ae112ff921e.jpg</path>
	<source>
		<database>roboflow.ai</database>
	</source>
	<size>
		<width>296</width>
		<height>640</height>
		<depth>3</depth>
	</size>
	<segmented>0</segmented>
	<object>
		<name>Buttons</name>
		<pose>Unspecified</pose>
		<truncated>0</truncated>
		<difficult>0</difficult>
		<occluded>0</occluded>
		<bndbox>
			<xmin>217</xmin>
			<xmax>287</xmax>
			<ymin>431</ymin>
			<ymax>462</ymax>
		</bndbox>
	</object>
</annotation>
