<annotation>
	<folder></folder>
	<filename>bc3a25d31527e1fc5b2d6010d01ec80e5adde271_jpeg.rf.5442f8d4d9e08aab1d46f66b3b7796ea.jpg</filename>
	<path>bc3a25d31527e1fc5b2d6010d01ec80e5adde271_jpeg.rf.5442f8d4d9e08aab1d46f66b3b7796ea.jpg</path>
	<source>
		<database>roboflow.ai</database>
	</source>
	<size>
		<width>296</width>
		<height>640</height>
		<depth>3</depth>
	</size>
	<segmented>0</segmented>
	<object>
		<name>Text Fields</name>
		<pose>Unspecified</pose>
		<truncated>0</truncated>
		<difficult>0</difficult>
		<occluded>0</occluded>
		<bndbox>
			<xmin>24</xmin>
			<xmax>275</xmax>
			<ymin>384</ymin>
			<ymax>429</ymax>
		</bndbox>
	</object>
	<object>
		<name>Buttons</name>
		<pose>Unspecified</pose>
		<truncated>0</truncated>
		<difficult>0</difficult>
		<occluded>0</occluded>
		<bndbox>
			<xmin>24</xmin>
			<xmax>275</xmax>
			<ymin>441</ymin>
			<ymax>487</ymax>
		</bndbox>
	</object>
</annotation>
