<annotation>
	<folder></folder>
	<filename>bc80448757c97ddcbc17c7284d7871c711cb3aa0_jpeg.rf.0b6cc7a7a2910c3cbce0e4930f742b9c.jpg</filename>
	<path>bc80448757c97ddcbc17c7284d7871c711cb3aa0_jpeg.rf.0b6cc7a7a2910c3cbce0e4930f742b9c.jpg</path>
	<source>
		<database>roboflow.ai</database>
	</source>
	<size>
		<width>296</width>
		<height>640</height>
		<depth>3</depth>
	</size>
	<segmented>0</segmented>
	<object>
		<name>Buttons</name>
		<pose>Unspecified</pose>
		<truncated>0</truncated>
		<difficult>0</difficult>
		<occluded>0</occluded>
		<bndbox>
			<xmin>23</xmin>
			<xmax>275</xmax>
			<ymin>538</ymin>
			<ymax>594</ymax>
		</bndbox>
	</object>
</annotation>
