<annotation>
	<folder></folder>
	<filename>c0574f47fa1e043a608dc392c323289f3208bdf7_jpeg.rf.19ac8216d0f13c49b65b036ad0da83e7.jpg</filename>
	<path>c0574f47fa1e043a608dc392c323289f3208bdf7_jpeg.rf.19ac8216d0f13c49b65b036ad0da83e7.jpg</path>
	<source>
		<database>roboflow.ai</database>
	</source>
	<size>
		<width>296</width>
		<height>640</height>
		<depth>3</depth>
	</size>
	<segmented>0</segmented>
	<object>
		<name>Rating</name>
		<pose>Unspecified</pose>
		<truncated>0</truncated>
		<difficult>0</difficult>
		<occluded>0</occluded>
		<bndbox>
			<xmin>85</xmin>
			<xmax>173</xmax>
			<ymin>303</ymin>
			<ymax>321</ymax>
		</bndbox>
	</object>
	<object>
		<name>Rating</name>
		<pose>Unspecified</pose>
		<truncated>0</truncated>
		<difficult>0</difficult>
		<occluded>0</occluded>
		<bndbox>
			<xmin>85</xmin>
			<xmax>173</xmax>
			<ymin>394</ymin>
			<ymax>413</ymax>
		</bndbox>
	</object>
	<object>
		<name>Rating</name>
		<pose>Unspecified</pose>
		<truncated>0</truncated>
		<difficult>0</difficult>
		<occluded>0</occluded>
		<bndbox>
			<xmin>84</xmin>
			<xmax>172</xmax>
			<ymin>482</ymin>
			<ymax>506</ymax>
		</bndbox>
	</object>
	<object>
		<name>Rating</name>
		<pose>Unspecified</pose>
		<truncated>0</truncated>
		<difficult>0</difficult>
		<occluded>0</occluded>
		<bndbox>
			<xmin>84</xmin>
			<xmax>172</xmax>
			<ymin>573</ymin>
			<ymax>594</ymax>
		</bndbox>
	</object>
	<object>
		<name>Rating</name>
		<pose>Unspecified</pose>
		<truncated>0</truncated>
		<difficult>0</difficult>
		<occluded>0</occluded>
		<bndbox>
			<xmin>85</xmin>
			<xmax>173</xmax>
			<ymin>121</ymin>
			<ymax>142</ymax>
		</bndbox>
	</object>
	<object>
		<name>Rating</name>
		<pose>Unspecified</pose>
		<truncated>0</truncated>
		<difficult>0</difficult>
		<occluded>0</occluded>
		<bndbox>
			<xmin>85</xmin>
			<xmax>174</xmax>
			<ymin>197</ymin>
			<ymax>219</ymax>
		</bndbox>
	</object>
</annotation>
