<annotation>
	<folder></folder>
	<filename>c06ca5fc5e5a01e2929d0c179b5159d1274a2012_jpeg.rf.96781b7b86b3a1631c4e3cbdaef3e57d.jpg</filename>
	<path>c06ca5fc5e5a01e2929d0c179b5159d1274a2012_jpeg.rf.96781b7b86b3a1631c4e3cbdaef3e57d.jpg</path>
	<source>
		<database>roboflow.ai</database>
	</source>
	<size>
		<width>296</width>
		<height>640</height>
		<depth>3</depth>
	</size>
	<segmented>0</segmented>
	<object>
		<name>Buttons</name>
		<pose>Unspecified</pose>
		<truncated>0</truncated>
		<difficult>0</difficult>
		<occluded>0</occluded>
		<bndbox>
			<xmin>233</xmin>
			<xmax>287</xmax>
			<ymin>36</ymin>
			<ymax>67</ymax>
		</bndbox>
	</object>
</annotation>
