<annotation>
	<folder></folder>
	<filename>c2047854857287f8880504623d236a88e53ec46e_jpeg.rf.85ae16b8b105880ddc055228a330306d.jpg</filename>
	<path>c2047854857287f8880504623d236a88e53ec46e_jpeg.rf.85ae16b8b105880ddc055228a330306d.jpg</path>
	<source>
		<database>roboflow.ai</database>
	</source>
	<size>
		<width>296</width>
		<height>640</height>
		<depth>3</depth>
	</size>
	<segmented>0</segmented>
	<object>
		<name>Text Fields</name>
		<pose>Unspecified</pose>
		<truncated>0</truncated>
		<difficult>0</difficult>
		<occluded>0</occluded>
		<bndbox>
			<xmin>48</xmin>
			<xmax>248</xmax>
			<ymin>294</ymin>
			<ymax>342</ymax>
		</bndbox>
	</object>
	<object>
		<name>Buttons</name>
		<pose>Unspecified</pose>
		<truncated>0</truncated>
		<difficult>0</difficult>
		<occluded>0</occluded>
		<bndbox>
			<xmin>98</xmin>
			<xmax>200</xmax>
			<ymin>356</ymin>
			<ymax>398</ymax>
		</bndbox>
	</object>
	<object>
		<name>Switches</name>
		<pose>Unspecified</pose>
		<truncated>0</truncated>
		<difficult>0</difficult>
		<occluded>0</occluded>
		<bndbox>
			<xmin>224</xmin>
			<xmax>266</xmax>
			<ymin>425</ymin>
			<ymax>452</ymax>
		</bndbox>
	</object>
	<object>
		<name>Switches</name>
		<pose>Unspecified</pose>
		<truncated>0</truncated>
		<difficult>0</difficult>
		<occluded>0</occluded>
		<bndbox>
			<xmin>224</xmin>
			<xmax>268</xmax>
			<ymin>514</ymin>
			<ymax>549</ymax>
		</bndbox>
	</object>
</annotation>
