<annotation>
	<folder></folder>
	<filename>c40abd24435bb4060918d1cda3f856f6cd6f349f_jpeg.rf.3ecc2f8bf0880fa0fd39b264d90e5e1f.jpg</filename>
	<path>c40abd24435bb4060918d1cda3f856f6cd6f349f_jpeg.rf.3ecc2f8bf0880fa0fd39b264d90e5e1f.jpg</path>
	<source>
		<database>roboflow.ai</database>
	</source>
	<size>
		<width>296</width>
		<height>640</height>
		<depth>3</depth>
	</size>
	<segmented>0</segmented>
	<object>
		<name>Buttons</name>
		<pose>Unspecified</pose>
		<truncated>0</truncated>
		<difficult>0</difficult>
		<occluded>0</occluded>
		<bndbox>
			<xmin>10</xmin>
			<xmax>291</xmax>
			<ymin>517</ymin>
			<ymax>560</ymax>
		</bndbox>
	</object>
</annotation>
