<annotation>
	<folder></folder>
	<filename>c5efbb3bf4f9f73d126376196cb2f45495264e6e_jpeg.rf.19274ef1f7f9f771cad068e1caac212b.jpg</filename>
	<path>c5efbb3bf4f9f73d126376196cb2f45495264e6e_jpeg.rf.19274ef1f7f9f771cad068e1caac212b.jpg</path>
	<source>
		<database>roboflow.ai</database>
	</source>
	<size>
		<width>296</width>
		<height>640</height>
		<depth>3</depth>
	</size>
	<segmented>0</segmented>
	<object>
		<name>Buttons</name>
		<pose>Unspecified</pose>
		<truncated>0</truncated>
		<difficult>0</difficult>
		<occluded>0</occluded>
		<bndbox>
			<xmin>82</xmin>
			<xmax>216</xmax>
			<ymin>534</ymin>
			<ymax>584</ymax>
		</bndbox>
	</object>
	<object>
		<name>Buttons</name>
		<pose>Unspecified</pose>
		<truncated>0</truncated>
		<difficult>0</difficult>
		<occluded>0</occluded>
		<bndbox>
			<xmin>92</xmin>
			<xmax>207</xmax>
			<ymin>68</ymin>
			<ymax>106</ymax>
		</bndbox>
	</object>
</annotation>
