<annotation>
	<folder></folder>
	<filename>c6307bad833826e881e6681ca41e61d2244682e7_jpeg.rf.289c9e0beee2ec07b2654cf17616c4ef.jpg</filename>
	<path>c6307bad833826e881e6681ca41e61d2244682e7_jpeg.rf.289c9e0beee2ec07b2654cf17616c4ef.jpg</path>
	<source>
		<database>roboflow.ai</database>
	</source>
	<size>
		<width>296</width>
		<height>640</height>
		<depth>3</depth>
	</size>
	<segmented>0</segmented>
	<object>
		<name>Buttons</name>
		<pose>Unspecified</pose>
		<truncated>0</truncated>
		<difficult>0</difficult>
		<occluded>0</occluded>
		<bndbox>
			<xmin>223</xmin>
			<xmax>286</xmax>
			<ymin>78</ymin>
			<ymax>111</ymax>
		</bndbox>
	</object>
</annotation>
