<annotation>
	<folder></folder>
	<filename>c643ad63cac79a967532c07dd11b342d2b992384_jpeg.rf.0ce108c328255dbb4edac0cf495e9800.jpg</filename>
	<path>c643ad63cac79a967532c07dd11b342d2b992384_jpeg.rf.0ce108c328255dbb4edac0cf495e9800.jpg</path>
	<source>
		<database>roboflow.ai</database>
	</source>
	<size>
		<width>296</width>
		<height>640</height>
		<depth>3</depth>
	</size>
	<segmented>0</segmented>
	<object>
		<name>Buttons</name>
		<pose>Unspecified</pose>
		<truncated>0</truncated>
		<difficult>0</difficult>
		<occluded>0</occluded>
		<bndbox>
			<xmin>4</xmin>
			<xmax>292</xmax>
			<ymin>540</ymin>
			<ymax>590</ymax>
		</bndbox>
	</object>
</annotation>
