<annotation>
	<folder></folder>
	<filename>c8a77caa5b974c5ad0e94adcc42d09c53a4e4a56_jpeg.rf.963b84ede5045cdb180de4cbede0300d.jpg</filename>
	<path>c8a77caa5b974c5ad0e94adcc42d09c53a4e4a56_jpeg.rf.963b84ede5045cdb180de4cbede0300d.jpg</path>
	<source>
		<database>roboflow.ai</database>
	</source>
	<size>
		<width>296</width>
		<height>640</height>
		<depth>3</depth>
	</size>
	<segmented>0</segmented>
	<object>
		<name>Switches</name>
		<pose>Unspecified</pose>
		<truncated>0</truncated>
		<difficult>0</difficult>
		<occluded>0</occluded>
		<bndbox>
			<xmin>202</xmin>
			<xmax>265</xmax>
			<ymin>549</ymin>
			<ymax>583</ymax>
		</bndbox>
	</object>
	<object>
		<name>Switches</name>
		<pose>Unspecified</pose>
		<truncated>0</truncated>
		<difficult>0</difficult>
		<occluded>0</occluded>
		<bndbox>
			<xmin>200</xmin>
			<xmax>264</xmax>
			<ymin>491</ymin>
			<ymax>526</ymax>
		</bndbox>
	</object>
	<object>
		<name>Switches</name>
		<pose>Unspecified</pose>
		<truncated>0</truncated>
		<difficult>0</difficult>
		<occluded>0</occluded>
		<bndbox>
			<xmin>198</xmin>
			<xmax>262</xmax>
			<ymin>431</ymin>
			<ymax>469</ymax>
		</bndbox>
	</object>
	<object>
		<name>Buttons</name>
		<pose>Unspecified</pose>
		<truncated>0</truncated>
		<difficult>0</difficult>
		<occluded>0</occluded>
		<bndbox>
			<xmin>223</xmin>
			<xmax>291</xmax>
			<ymin>34</ymin>
			<ymax>68</ymax>
		</bndbox>
	</object>
</annotation>
