<annotation>
	<folder></folder>
	<filename>c91428b01b4b0cd4fae8cdd933806e09079fca2d_jpeg.rf.17f746d33fda4f22b8f08b5914a616e5.jpg</filename>
	<path>c91428b01b4b0cd4fae8cdd933806e09079fca2d_jpeg.rf.17f746d33fda4f22b8f08b5914a616e5.jpg</path>
	<source>
		<database>roboflow.ai</database>
	</source>
	<size>
		<width>296</width>
		<height>640</height>
		<depth>3</depth>
	</size>
	<segmented>0</segmented>
	<object>
		<name>Rating</name>
		<pose>Unspecified</pose>
		<truncated>0</truncated>
		<difficult>0</difficult>
		<occluded>0</occluded>
		<bndbox>
			<xmin>12</xmin>
			<xmax>101</xmax>
			<ymin>303</ymin>
			<ymax>329</ymax>
		</bndbox>
	</object>
	<object>
		<name>Rating</name>
		<pose>Unspecified</pose>
		<truncated>0</truncated>
		<difficult>0</difficult>
		<occluded>0</occluded>
		<bndbox>
			<xmin>12</xmin>
			<xmax>101</xmax>
			<ymin>391</ymin>
			<ymax>417</ymax>
		</bndbox>
	</object>
	<object>
		<name>Rating</name>
		<pose>Unspecified</pose>
		<truncated>0</truncated>
		<difficult>0</difficult>
		<occluded>0</occluded>
		<bndbox>
			<xmin>12</xmin>
			<xmax>102</xmax>
			<ymin>480</ymin>
			<ymax>507</ymax>
		</bndbox>
	</object>
	<object>
		<name>Rating</name>
		<pose>Unspecified</pose>
		<truncated>0</truncated>
		<difficult>0</difficult>
		<occluded>0</occluded>
		<bndbox>
			<xmin>12</xmin>
			<xmax>102</xmax>
			<ymin>588</ymin>
			<ymax>611</ymax>
		</bndbox>
	</object>
	<object>
		<name>Rating</name>
		<pose>Unspecified</pose>
		<truncated>0</truncated>
		<difficult>0</difficult>
		<occluded>0</occluded>
		<bndbox>
			<xmin>10</xmin>
			<xmax>100</xmax>
			<ymin>76</ymin>
			<ymax>100</ymax>
		</bndbox>
	</object>
</annotation>
