<annotation>
	<folder></folder>
	<filename>c9534ca9d05210ff0928ccd7a13f438a03692b95_jpeg.rf.f6dc39e6aacf6a79a0069cb0cb2dc4ce.jpg</filename>
	<path>c9534ca9d05210ff0928ccd7a13f438a03692b95_jpeg.rf.f6dc39e6aacf6a79a0069cb0cb2dc4ce.jpg</path>
	<source>
		<database>roboflow.ai</database>
	</source>
	<size>
		<width>296</width>
		<height>640</height>
		<depth>3</depth>
	</size>
	<segmented>0</segmented>
	<object>
		<name>Buttons</name>
		<pose>Unspecified</pose>
		<truncated>0</truncated>
		<difficult>0</difficult>
		<occluded>0</occluded>
		<bndbox>
			<xmin>9</xmin>
			<xmax>288</xmax>
			<ymin>248</ymin>
			<ymax>297</ymax>
		</bndbox>
	</object>
	<object>
		<name>Buttons</name>
		<pose>Unspecified</pose>
		<truncated>0</truncated>
		<difficult>0</difficult>
		<occluded>0</occluded>
		<bndbox>
			<xmin>232</xmin>
			<xmax>288</xmax>
			<ymin>42</ymin>
			<ymax>64</ymax>
		</bndbox>
	</object>
</annotation>
