<annotation>
	<folder></folder>
	<filename>ca0fa3308782b01c0b4c70b4864a7359a7e6b203_jpeg.rf.2cc2ec0735532943f85f01169369eaac.jpg</filename>
	<path>ca0fa3308782b01c0b4c70b4864a7359a7e6b203_jpeg.rf.2cc2ec0735532943f85f01169369eaac.jpg</path>
	<source>
		<database>roboflow.ai</database>
	</source>
	<size>
		<width>296</width>
		<height>640</height>
		<depth>3</depth>
	</size>
	<segmented>0</segmented>
	<object>
		<name>Page Controls</name>
		<pose>Unspecified</pose>
		<truncated>0</truncated>
		<difficult>0</difficult>
		<occluded>0</occluded>
		<bndbox>
			<xmin>122</xmin>
			<xmax>172</xmax>
			<ymin>170</ymin>
			<ymax>187</ymax>
		</bndbox>
	</object>
</annotation>
