<annotation>
	<folder></folder>
	<filename>ca84572c619458ef2c8cd4f01c2fd805215dc93b_jpeg.rf.9975201623cd1b472c94a26d05ec1e8e.jpg</filename>
	<path>ca84572c619458ef2c8cd4f01c2fd805215dc93b_jpeg.rf.9975201623cd1b472c94a26d05ec1e8e.jpg</path>
	<source>
		<database>roboflow.ai</database>
	</source>
	<size>
		<width>296</width>
		<height>640</height>
		<depth>3</depth>
	</size>
	<segmented>0</segmented>
	<object>
		<name>Buttons</name>
		<pose>Unspecified</pose>
		<truncated>0</truncated>
		<difficult>0</difficult>
		<occluded>0</occluded>
		<bndbox>
			<xmin>115</xmin>
			<xmax>185</xmax>
			<ymin>368</ymin>
			<ymax>389</ymax>
		</bndbox>
	</object>
	<object>
		<name>Buttons</name>
		<pose>Unspecified</pose>
		<truncated>0</truncated>
		<difficult>0</difficult>
		<occluded>0</occluded>
		<bndbox>
			<xmin>10</xmin>
			<xmax>285</xmax>
			<ymin>394</ymin>
			<ymax>441</ymax>
		</bndbox>
	</object>
</annotation>
