<annotation>
	<folder></folder>
	<filename>ccf3a23dddebbe98c5cb716a9beefa37a3ffe906_jpeg.rf.7047404f237db6b4bc8fba5dca9b6ef0.jpg</filename>
	<path>ccf3a23dddebbe98c5cb716a9beefa37a3ffe906_jpeg.rf.7047404f237db6b4bc8fba5dca9b6ef0.jpg</path>
	<source>
		<database>roboflow.ai</database>
	</source>
	<size>
		<width>296</width>
		<height>640</height>
		<depth>3</depth>
	</size>
	<segmented>0</segmented>
	<object>
		<name>Buttons</name>
		<pose>Unspecified</pose>
		<truncated>0</truncated>
		<difficult>0</difficult>
		<occluded>0</occluded>
		<bndbox>
			<xmin>29</xmin>
			<xmax>272</xmax>
			<ymin>398</ymin>
			<ymax>448</ymax>
		</bndbox>
	</object>
</annotation>
