<annotation>
	<folder></folder>
	<filename>ce8ec8d0b105f8224662863b4200dfc25078ff97_jpeg.rf.16e3888fac1d4131bd0f09312252f585.jpg</filename>
	<path>ce8ec8d0b105f8224662863b4200dfc25078ff97_jpeg.rf.16e3888fac1d4131bd0f09312252f585.jpg</path>
	<source>
		<database>roboflow.ai</database>
	</source>
	<size>
		<width>296</width>
		<height>640</height>
		<depth>3</depth>
	</size>
	<segmented>0</segmented>
	<object>
		<name>Buttons</name>
		<pose>Unspecified</pose>
		<truncated>0</truncated>
		<difficult>0</difficult>
		<occluded>0</occluded>
		<bndbox>
			<xmin>144</xmin>
			<xmax>285</xmax>
			<ymin>573</ymin>
			<ymax>621</ymax>
		</bndbox>
	</object>
	<object>
		<name>Rating</name>
		<pose>Unspecified</pose>
		<truncated>0</truncated>
		<difficult>0</difficult>
		<occluded>0</occluded>
		<bndbox>
			<xmin>14</xmin>
			<xmax>120</xmax>
			<ymin>116</ymin>
			<ymax>135</ymax>
		</bndbox>
	</object>
	<object>
		<name>Buttons</name>
		<pose>Unspecified</pose>
		<truncated>0</truncated>
		<difficult>0</difficult>
		<occluded>0</occluded>
		<bndbox>
			<xmin>10</xmin>
			<xmax>126</xmax>
			<ymin>140</ymin>
			<ymax>169</ymax>
		</bndbox>
	</object>
</annotation>
