<annotation>
	<folder></folder>
	<filename>cfb4be659310c50236192a43499a5790d78d2ad4_jpeg.rf.0b4f594983cf6996974bf5a04568c129.jpg</filename>
	<path>cfb4be659310c50236192a43499a5790d78d2ad4_jpeg.rf.0b4f594983cf6996974bf5a04568c129.jpg</path>
	<source>
		<database>roboflow.ai</database>
	</source>
	<size>
		<width>296</width>
		<height>640</height>
		<depth>3</depth>
	</size>
	<segmented>0</segmented>
	<object>
		<name>Buttons</name>
		<pose>Unspecified</pose>
		<truncated>0</truncated>
		<difficult>0</difficult>
		<occluded>0</occluded>
		<bndbox>
			<xmin>180</xmin>
			<xmax>286</xmax>
			<ymin>96</ymin>
			<ymax>139</ymax>
		</bndbox>
	</object>
</annotation>
