<annotation>
	<folder></folder>
	<filename>coinbase_v7-45-5_49_png.rf.e8c638562f51c043dc30f4b85794a6ec.jpg</filename>
	<path>coinbase_v7-45-5_49_png.rf.e8c638562f51c043dc30f4b85794a6ec.jpg</path>
	<source>
		<database>roboflow.ai</database>
	</source>
	<size>
		<width>296</width>
		<height>640</height>
		<depth>3</depth>
	</size>
	<segmented>0</segmented>
	<object>
		<name>Pickers</name>
		<pose>Unspecified</pose>
		<truncated>0</truncated>
		<difficult>0</difficult>
		<occluded>0</occluded>
		<bndbox>
			<xmin>1</xmin>
			<xmax>295</xmax>
			<ymin>407</ymin>
			<ymax>613</ymax>
		</bndbox>
	</object>
</annotation>
