<annotation>
	<folder></folder>
	<filename>d5aac939449886b4527e51debb6e0a1fe1505d9b_jpeg.rf.c8ee373d4edf4dea507b7eb349e61074.jpg</filename>
	<path>d5aac939449886b4527e51debb6e0a1fe1505d9b_jpeg.rf.c8ee373d4edf4dea507b7eb349e61074.jpg</path>
	<source>
		<database>roboflow.ai</database>
	</source>
	<size>
		<width>296</width>
		<height>640</height>
		<depth>3</depth>
	</size>
	<segmented>0</segmented>
	<object>
		<name>Buttons</name>
		<pose>Unspecified</pose>
		<truncated>0</truncated>
		<difficult>0</difficult>
		<occluded>0</occluded>
		<bndbox>
			<xmin>12</xmin>
			<xmax>286</xmax>
			<ymin>356</ymin>
			<ymax>413</ymax>
		</bndbox>
	</object>
	<object>
		<name>Text Fields</name>
		<pose>Unspecified</pose>
		<truncated>0</truncated>
		<difficult>0</difficult>
		<occluded>0</occluded>
		<bndbox>
			<xmin>10</xmin>
			<xmax>287</xmax>
			<ymin>294</ymin>
			<ymax>353</ymax>
		</bndbox>
	</object>
</annotation>
