<annotation>
	<folder></folder>
	<filename>d5aec3f5f9b13c7b32b4f6aaaa014ba10e25469c_jpeg.rf.f2e2a37a764328fa50cbda8d507b71c6.jpg</filename>
	<path>d5aec3f5f9b13c7b32b4f6aaaa014ba10e25469c_jpeg.rf.f2e2a37a764328fa50cbda8d507b71c6.jpg</path>
	<source>
		<database>roboflow.ai</database>
	</source>
	<size>
		<width>296</width>
		<height>640</height>
		<depth>3</depth>
	</size>
	<segmented>0</segmented>
	<object>
		<name>Rating</name>
		<pose>Unspecified</pose>
		<truncated>0</truncated>
		<difficult>0</difficult>
		<occluded>0</occluded>
		<bndbox>
			<xmin>16</xmin>
			<xmax>117</xmax>
			<ymin>383</ymin>
			<ymax>402</ymax>
		</bndbox>
	</object>
	<object>
		<name>Buttons</name>
		<pose>Unspecified</pose>
		<truncated>0</truncated>
		<difficult>0</difficult>
		<occluded>0</occluded>
		<bndbox>
			<xmin>18</xmin>
			<xmax>120</xmax>
			<ymin>405</ymin>
			<ymax>432</ymax>
		</bndbox>
	</object>
	<object>
		<name>Buttons</name>
		<pose>Unspecified</pose>
		<truncated>0</truncated>
		<difficult>0</difficult>
		<occluded>0</occluded>
		<bndbox>
			<xmin>19</xmin>
			<xmax>279</xmax>
			<ymin>571</ymin>
			<ymax>621</ymax>
		</bndbox>
	</object>
</annotation>
