<annotation>
	<folder></folder>
	<filename>d7b39c69e4ebe7b27d1ae058c093000f728b20fb_jpeg.rf.772acb0ad03032b0ddde473299ee4c74.jpg</filename>
	<path>d7b39c69e4ebe7b27d1ae058c093000f728b20fb_jpeg.rf.772acb0ad03032b0ddde473299ee4c74.jpg</path>
	<source>
		<database>roboflow.ai</database>
	</source>
	<size>
		<width>296</width>
		<height>640</height>
		<depth>3</depth>
	</size>
	<segmented>0</segmented>
	<object>
		<name>FAB -Floating Action Button-</name>
		<pose>Unspecified</pose>
		<truncated>0</truncated>
		<difficult>0</difficult>
		<occluded>0</occluded>
		<bndbox>
			<xmin>8</xmin>
			<xmax>42</xmax>
			<ymin>114</ymin>
			<ymax>146</ymax>
		</bndbox>
	</object>
	<object>
		<name>FAB -Floating Action Button-</name>
		<pose>Unspecified</pose>
		<truncated>0</truncated>
		<difficult>0</difficult>
		<occluded>0</occluded>
		<bndbox>
			<xmin>255</xmin>
			<xmax>289</xmax>
			<ymin>115</ymin>
			<ymax>148</ymax>
		</bndbox>
	</object>
</annotation>
