<annotation>
	<folder></folder>
	<filename>d83dc40198404d74d54f29af1ce7f45d22df3a69_jpeg.rf.48a512681c1ebb59f367a8343b67d839.jpg</filename>
	<path>d83dc40198404d74d54f29af1ce7f45d22df3a69_jpeg.rf.48a512681c1ebb59f367a8343b67d839.jpg</path>
	<source>
		<database>roboflow.ai</database>
	</source>
	<size>
		<width>296</width>
		<height>640</height>
		<depth>3</depth>
	</size>
	<segmented>0</segmented>
	<object>
		<name>Rating</name>
		<pose>Unspecified</pose>
		<truncated>0</truncated>
		<difficult>0</difficult>
		<occluded>0</occluded>
		<bndbox>
			<xmin>16</xmin>
			<xmax>119</xmax>
			<ymin>501</ymin>
			<ymax>524</ymax>
		</bndbox>
	</object>
	<object>
		<name>Buttons</name>
		<pose>Unspecified</pose>
		<truncated>0</truncated>
		<difficult>0</difficult>
		<occluded>0</occluded>
		<bndbox>
			<xmin>14</xmin>
			<xmax>114</xmax>
			<ymin>531</ymin>
			<ymax>555</ymax>
		</bndbox>
	</object>
	<object>
		<name>Buttons</name>
		<pose>Unspecified</pose>
		<truncated>0</truncated>
		<difficult>0</difficult>
		<occluded>0</occluded>
		<bndbox>
			<xmin>151</xmin>
			<xmax>282</xmax>
			<ymin>570</ymin>
			<ymax>616</ymax>
		</bndbox>
	</object>
</annotation>
