<annotation>
	<folder></folder>
	<filename>d84c627f2f91173f1e819e1e8bebd6a3955dd2de_jpeg.rf.ff36588bcf34e191ff937bed4386ea00.jpg</filename>
	<path>d84c627f2f91173f1e819e1e8bebd6a3955dd2de_jpeg.rf.ff36588bcf34e191ff937bed4386ea00.jpg</path>
	<source>
		<database>roboflow.ai</database>
	</source>
	<size>
		<width>296</width>
		<height>640</height>
		<depth>3</depth>
	</size>
	<segmented>0</segmented>
	<object>
		<name>Buttons</name>
		<pose>Unspecified</pose>
		<truncated>0</truncated>
		<difficult>0</difficult>
		<occluded>0</occluded>
		<bndbox>
			<xmin>145</xmin>
			<xmax>279</xmax>
			<ymin>582</ymin>
			<ymax>629</ymax>
		</bndbox>
	</object>
</annotation>
