<annotation>
	<folder></folder>
	<filename>db166caa102ca2b4716dc9e3431d9ac9c906f215_jpeg.rf.c1fef18b2e5e88d4c58778f2776163fa.jpg</filename>
	<path>db166caa102ca2b4716dc9e3431d9ac9c906f215_jpeg.rf.c1fef18b2e5e88d4c58778f2776163fa.jpg</path>
	<source>
		<database>roboflow.ai</database>
	</source>
	<size>
		<width>296</width>
		<height>640</height>
		<depth>3</depth>
	</size>
	<segmented>0</segmented>
	<object>
		<name>FAB -Floating Action Button-</name>
		<pose>Unspecified</pose>
		<truncated>0</truncated>
		<difficult>0</difficult>
		<occluded>0</occluded>
		<bndbox>
			<xmin>249</xmin>
			<xmax>287</xmax>
			<ymin>569</ymin>
			<ymax>605</ymax>
		</bndbox>
	</object>
	<object>
		<name>FAB -Floating Action Button-</name>
		<pose>Unspecified</pose>
		<truncated>0</truncated>
		<difficult>0</difficult>
		<occluded>0</occluded>
		<bndbox>
			<xmin>248</xmin>
			<xmax>286</xmax>
			<ymin>528</ymin>
			<ymax>565</ymax>
		</bndbox>
	</object>
	<object>
		<name>FAB -Floating Action Button-</name>
		<pose>Unspecified</pose>
		<truncated>0</truncated>
		<difficult>0</difficult>
		<occluded>0</occluded>
		<bndbox>
			<xmin>250</xmin>
			<xmax>287</xmax>
			<ymin>490</ymin>
			<ymax>524</ymax>
		</bndbox>
	</object>
</annotation>
