<annotation>
	<folder></folder>
	<filename>dsc_v2-6-4_53_png.rf.52b065f22f68ee7a0fc8340f3a109152.jpg</filename>
	<path>dsc_v2-6-4_53_png.rf.52b065f22f68ee7a0fc8340f3a109152.jpg</path>
	<source>
		<database>roboflow.ai</database>
	</source>
	<size>
		<width>296</width>
		<height>640</height>
		<depth>3</depth>
	</size>
	<segmented>0</segmented>
	<object>
		<name>Steppers</name>
		<pose>Unspecified</pose>
		<truncated>0</truncated>
		<difficult>0</difficult>
		<occluded>0</occluded>
		<bndbox>
			<xmin>160</xmin>
			<xmax>284</xmax>
			<ymin>465</ymin>
			<ymax>501</ymax>
		</bndbox>
	</object>
	<object>
		<name>Buttons</name>
		<pose>Unspecified</pose>
		<truncated>0</truncated>
		<difficult>0</difficult>
		<occluded>0</occluded>
		<bndbox>
			<xmin>250</xmin>
			<xmax>291</xmax>
			<ymin>46</ymin>
			<ymax>67</ymax>
		</bndbox>
	</object>
	<object>
		<name>Buttons</name>
		<pose>Unspecified</pose>
		<truncated>0</truncated>
		<difficult>0</difficult>
		<occluded>0</occluded>
		<bndbox>
			<xmin>13</xmin>
			<xmax>141</xmax>
			<ymin>575</ymin>
			<ymax>605</ymax>
		</bndbox>
	</object>
	<object>
		<name>Buttons</name>
		<pose>Unspecified</pose>
		<truncated>0</truncated>
		<difficult>0</difficult>
		<occluded>0</occluded>
		<bndbox>
			<xmin>157</xmin>
			<xmax>283</xmax>
			<ymin>578</ymin>
			<ymax>605</ymax>
		</bndbox>
	</object>
</annotation>
