<annotation>
	<folder></folder>
	<filename>e01e9576dc626bf95933ffdf073dbc05b28d2aca_jpeg.rf.64e78d385d433a2ca2e3125f553ea8ac.jpg</filename>
	<path>e01e9576dc626bf95933ffdf073dbc05b28d2aca_jpeg.rf.64e78d385d433a2ca2e3125f553ea8ac.jpg</path>
	<source>
		<database>roboflow.ai</database>
	</source>
	<size>
		<width>296</width>
		<height>640</height>
		<depth>3</depth>
	</size>
	<segmented>0</segmented>
	<object>
		<name>FAB -Floating Action Button-</name>
		<pose>Unspecified</pose>
		<truncated>0</truncated>
		<difficult>0</difficult>
		<occluded>0</occluded>
		<bndbox>
			<xmin>6</xmin>
			<xmax>54</xmax>
			<ymin>580</ymin>
			<ymax>632</ymax>
		</bndbox>
	</object>
</annotation>
