<annotation>
	<folder></folder>
	<filename>e05073051a8496812b452aac32deb3c0cc55a859_jpeg.rf.f27c464412533f65b64f3654fb875e59.jpg</filename>
	<path>e05073051a8496812b452aac32deb3c0cc55a859_jpeg.rf.f27c464412533f65b64f3654fb875e59.jpg</path>
	<source>
		<database>roboflow.ai</database>
	</source>
	<size>
		<width>296</width>
		<height>640</height>
		<depth>3</depth>
	</size>
	<segmented>0</segmented>
	<object>
		<name>Buttons</name>
		<pose>Unspecified</pose>
		<truncated>0</truncated>
		<difficult>0</difficult>
		<occluded>0</occluded>
		<bndbox>
			<xmin>15</xmin>
			<xmax>280</xmax>
			<ymin>571</ymin>
			<ymax>617</ymax>
		</bndbox>
	</object>
</annotation>
