<annotation>
	<folder></folder>
	<filename>e1a59a9931bf5fcaa6c8dea5689a2c81080c5088_jpeg.rf.c5a16a1901f399cbfa358bfbbf19913a.jpg</filename>
	<path>e1a59a9931bf5fcaa6c8dea5689a2c81080c5088_jpeg.rf.c5a16a1901f399cbfa358bfbbf19913a.jpg</path>
	<source>
		<database>roboflow.ai</database>
	</source>
	<size>
		<width>296</width>
		<height>640</height>
		<depth>3</depth>
	</size>
	<segmented>0</segmented>
	<object>
		<name>Buttons</name>
		<pose>Unspecified</pose>
		<truncated>0</truncated>
		<difficult>0</difficult>
		<occluded>0</occluded>
		<bndbox>
			<xmin>6</xmin>
			<xmax>286</xmax>
			<ymin>138</ymin>
			<ymax>184</ymax>
		</bndbox>
	</object>
</annotation>
