<annotation>
	<folder></folder>
	<filename>e3c786f7b9524f6083a79b3fd577d1876c2157ae_jpeg.rf.c531f0655980f3faf59078e9facc972d.jpg</filename>
	<path>e3c786f7b9524f6083a79b3fd577d1876c2157ae_jpeg.rf.c531f0655980f3faf59078e9facc972d.jpg</path>
	<source>
		<database>roboflow.ai</database>
	</source>
	<size>
		<width>296</width>
		<height>640</height>
		<depth>3</depth>
	</size>
	<segmented>0</segmented>
	<object>
		<name>Buttons</name>
		<pose>Unspecified</pose>
		<truncated>0</truncated>
		<difficult>0</difficult>
		<occluded>0</occluded>
		<bndbox>
			<xmin>11</xmin>
			<xmax>288</xmax>
			<ymin>352</ymin>
			<ymax>410</ymax>
		</bndbox>
	</object>
	<object>
		<name>Text Fields</name>
		<pose>Unspecified</pose>
		<truncated>0</truncated>
		<difficult>0</difficult>
		<occluded>0</occluded>
		<bndbox>
			<xmin>13</xmin>
			<xmax>286</xmax>
			<ymin>297</ymin>
			<ymax>354</ymax>
		</bndbox>
	</object>
</annotation>
