<annotation>
	<folder></folder>
	<filename>e51f8367c850f4afb42b6ed8273594d435cce68b_jpeg.rf.74d032988bc4ba4a5d0b589f3a749ce9.jpg</filename>
	<path>e51f8367c850f4afb42b6ed8273594d435cce68b_jpeg.rf.74d032988bc4ba4a5d0b589f3a749ce9.jpg</path>
	<source>
		<database>roboflow.ai</database>
	</source>
	<size>
		<width>296</width>
		<height>640</height>
		<depth>3</depth>
	</size>
	<segmented>0</segmented>
	<object>
		<name>Switches</name>
		<pose>Unspecified</pose>
		<truncated>0</truncated>
		<difficult>0</difficult>
		<occluded>0</occluded>
		<bndbox>
			<xmin>223</xmin>
			<xmax>269</xmax>
			<ymin>518</ymin>
			<ymax>546</ymax>
		</bndbox>
	</object>
	<object>
		<name>Switches</name>
		<pose>Unspecified</pose>
		<truncated>0</truncated>
		<difficult>0</difficult>
		<occluded>0</occluded>
		<bndbox>
			<xmin>223</xmin>
			<xmax>269</xmax>
			<ymin>424</ymin>
			<ymax>453</ymax>
		</bndbox>
	</object>
	<object>
		<name>Switches</name>
		<pose>Unspecified</pose>
		<truncated>0</truncated>
		<difficult>0</difficult>
		<occluded>0</occluded>
		<bndbox>
			<xmin>222</xmin>
			<xmax>271</xmax>
			<ymin>360</ymin>
			<ymax>391</ymax>
		</bndbox>
	</object>
	<object>
		<name>Switches</name>
		<pose>Unspecified</pose>
		<truncated>0</truncated>
		<difficult>0</difficult>
		<occluded>0</occluded>
		<bndbox>
			<xmin>224</xmin>
			<xmax>270</xmax>
			<ymin>314</ymin>
			<ymax>342</ymax>
		</bndbox>
	</object>
	<object>
		<name>Switches</name>
		<pose>Unspecified</pose>
		<truncated>0</truncated>
		<difficult>0</difficult>
		<occluded>0</occluded>
		<bndbox>
			<xmin>225</xmin>
			<xmax>270</xmax>
			<ymin>265</ymin>
			<ymax>294</ymax>
		</bndbox>
	</object>
	<object>
		<name>Buttons</name>
		<pose>Unspecified</pose>
		<truncated>0</truncated>
		<difficult>0</difficult>
		<occluded>0</occluded>
		<bndbox>
			<xmin>174</xmin>
			<xmax>205</xmax>
			<ymin>149</ymin>
			<ymax>180</ymax>
		</bndbox>
	</object>
</annotation>
