<annotation>
	<folder></folder>
	<filename>e5b9225b9d6af0b8ea4c03e02213be8363c2d614_jpeg.rf.2d92581fdeaf87f4ff0f57c797a84290.jpg</filename>
	<path>e5b9225b9d6af0b8ea4c03e02213be8363c2d614_jpeg.rf.2d92581fdeaf87f4ff0f57c797a84290.jpg</path>
	<source>
		<database>roboflow.ai</database>
	</source>
	<size>
		<width>296</width>
		<height>640</height>
		<depth>3</depth>
	</size>
	<segmented>0</segmented>
	<object>
		<name>Buttons</name>
		<pose>Unspecified</pose>
		<truncated>0</truncated>
		<difficult>0</difficult>
		<occluded>0</occluded>
		<bndbox>
			<xmin>191</xmin>
			<xmax>268</xmax>
			<ymin>500</ymin>
			<ymax>535</ymax>
		</bndbox>
	</object>
	<object>
		<name>FAB -Floating Action Button-</name>
		<pose>Unspecified</pose>
		<truncated>0</truncated>
		<difficult>0</difficult>
		<occluded>0</occluded>
		<bndbox>
			<xmin>15</xmin>
			<xmax>45</xmax>
			<ymin>42</ymin>
			<ymax>71</ymax>
		</bndbox>
	</object>
</annotation>
