<annotation>
	<folder></folder>
	<filename>e72d9f47617e33cdb17b80ac1afb997073fcfb9e_jpeg.rf.c49f087837a888428288fe9dd22fc09f.jpg</filename>
	<path>e72d9f47617e33cdb17b80ac1afb997073fcfb9e_jpeg.rf.c49f087837a888428288fe9dd22fc09f.jpg</path>
	<source>
		<database>roboflow.ai</database>
	</source>
	<size>
		<width>296</width>
		<height>640</height>
		<depth>3</depth>
	</size>
	<segmented>0</segmented>
	<object>
		<name>Rating</name>
		<pose>Unspecified</pose>
		<truncated>0</truncated>
		<difficult>0</difficult>
		<occluded>0</occluded>
		<bndbox>
			<xmin>17</xmin>
			<xmax>119</xmax>
			<ymin>400</ymin>
			<ymax>422</ymax>
		</bndbox>
	</object>
	<object>
		<name>Buttons</name>
		<pose>Unspecified</pose>
		<truncated>0</truncated>
		<difficult>0</difficult>
		<occluded>0</occluded>
		<bndbox>
			<xmin>16</xmin>
			<xmax>118</xmax>
			<ymin>426</ymin>
			<ymax>451</ymax>
		</bndbox>
	</object>
	<object>
		<name>Buttons</name>
		<pose>Unspecified</pose>
		<truncated>0</truncated>
		<difficult>0</difficult>
		<occluded>0</occluded>
		<bndbox>
			<xmin>17</xmin>
			<xmax>282</xmax>
			<ymin>572</ymin>
			<ymax>618</ymax>
		</bndbox>
	</object>
</annotation>
