<annotation>
	<folder></folder>
	<filename>e7dad02b953bb14db0505cdf5ce1ab734ed15148_jpeg.rf.f0b55acdd74f0ea68c5b36536916d85b.jpg</filename>
	<path>e7dad02b953bb14db0505cdf5ce1ab734ed15148_jpeg.rf.f0b55acdd74f0ea68c5b36536916d85b.jpg</path>
	<source>
		<database>roboflow.ai</database>
	</source>
	<size>
		<width>296</width>
		<height>640</height>
		<depth>3</depth>
	</size>
	<segmented>0</segmented>
	<object>
		<name>Buttons</name>
		<pose>Unspecified</pose>
		<truncated>0</truncated>
		<difficult>0</difficult>
		<occluded>0</occluded>
		<bndbox>
			<xmin>16</xmin>
			<xmax>281</xmax>
			<ymin>318</ymin>
			<ymax>365</ymax>
		</bndbox>
	</object>
	<object>
		<name>Buttons</name>
		<pose>Unspecified</pose>
		<truncated>0</truncated>
		<difficult>0</difficult>
		<occluded>0</occluded>
		<bndbox>
			<xmin>19</xmin>
			<xmax>280</xmax>
			<ymin>378</ymin>
			<ymax>424</ymax>
		</bndbox>
	</object>
</annotation>
