<annotation>
	<folder></folder>
	<filename>ebay_v6-9-5_24_png.rf.aa4adc486ad0d0faeca220e25730482c.jpg</filename>
	<path>ebay_v6-9-5_24_png.rf.aa4adc486ad0d0faeca220e25730482c.jpg</path>
	<source>
		<database>roboflow.ai</database>
	</source>
	<size>
		<width>296</width>
		<height>640</height>
		<depth>3</depth>
	</size>
	<segmented>0</segmented>
	<object>
		<name>Buttons</name>
		<pose>Unspecified</pose>
		<truncated>0</truncated>
		<difficult>0</difficult>
		<occluded>0</occluded>
		<bndbox>
			<xmin>11</xmin>
			<xmax>288</xmax>
			<ymin>470</ymin>
			<ymax>512</ymax>
		</bndbox>
	</object>
	<object>
		<name>Steppers</name>
		<pose>Unspecified</pose>
		<truncated>0</truncated>
		<difficult>0</difficult>
		<occluded>0</occluded>
		<bndbox>
			<xmin>12</xmin>
			<xmax>286</xmax>
			<ymin>545</ymin>
			<ymax>598</ymax>
		</bndbox>
	</object>
	<object>
		<name>Buttons</name>
		<pose>Unspecified</pose>
		<truncated>0</truncated>
		<difficult>0</difficult>
		<occluded>0</occluded>
		<bndbox>
			<xmin>257</xmin>
			<xmax>286</xmax>
			<ymin>288</ymin>
			<ymax>320</ymax>
		</bndbox>
	</object>
</annotation>
