<annotation>
	<folder></folder>
	<filename>ecf7b175d49c10cdb154eccfd90e71236980b943_jpeg.rf.fb620182a79ac79c79fe7d47d968ede8.jpg</filename>
	<path>ecf7b175d49c10cdb154eccfd90e71236980b943_jpeg.rf.fb620182a79ac79c79fe7d47d968ede8.jpg</path>
	<source>
		<database>roboflow.ai</database>
	</source>
	<size>
		<width>296</width>
		<height>640</height>
		<depth>3</depth>
	</size>
	<segmented>0</segmented>
	<object>
		<name>Buttons</name>
		<pose>Unspecified</pose>
		<truncated>0</truncated>
		<difficult>0</difficult>
		<occluded>0</occluded>
		<bndbox>
			<xmin>12</xmin>
			<xmax>283</xmax>
			<ymin>449</ymin>
			<ymax>500</ymax>
		</bndbox>
	</object>
	<object>
		<name>Buttons</name>
		<pose>Unspecified</pose>
		<truncated>0</truncated>
		<difficult>0</difficult>
		<occluded>0</occluded>
		<bndbox>
			<xmin>251</xmin>
			<xmax>283</xmax>
			<ymin>143</ymin>
			<ymax>166</ymax>
		</bndbox>
	</object>
</annotation>
