<annotation>
	<folder></folder>
	<filename>ee0d18d74680c7d883776e57d36d34527cd23e14_jpeg.rf.3a257ff7fe38d40d9df482806cd529d9.jpg</filename>
	<path>ee0d18d74680c7d883776e57d36d34527cd23e14_jpeg.rf.3a257ff7fe38d40d9df482806cd529d9.jpg</path>
	<source>
		<database>roboflow.ai</database>
	</source>
	<size>
		<width>296</width>
		<height>640</height>
		<depth>3</depth>
	</size>
	<segmented>0</segmented>
	<object>
		<name>Buttons</name>
		<pose>Unspecified</pose>
		<truncated>0</truncated>
		<difficult>0</difficult>
		<occluded>0</occluded>
		<bndbox>
			<xmin>22</xmin>
			<xmax>128</xmax>
			<ymin>340</ymin>
			<ymax>369</ymax>
		</bndbox>
	</object>
</annotation>
