<annotation>
	<folder></folder>
	<filename>ee5df625491f3e4c31a5321bce9e6da0972d015e_jpeg.rf.b0c390ddcad02295319e6abeade52751.jpg</filename>
	<path>ee5df625491f3e4c31a5321bce9e6da0972d015e_jpeg.rf.b0c390ddcad02295319e6abeade52751.jpg</path>
	<source>
		<database>roboflow.ai</database>
	</source>
	<size>
		<width>296</width>
		<height>640</height>
		<depth>3</depth>
	</size>
	<segmented>0</segmented>
	<object>
		<name>Buttons</name>
		<pose>Unspecified</pose>
		<truncated>0</truncated>
		<difficult>0</difficult>
		<occluded>0</occluded>
		<bndbox>
			<xmin>246</xmin>
			<xmax>287</xmax>
			<ymin>38</ymin>
			<ymax>64</ymax>
		</bndbox>
	</object>
</annotation>
