<annotation>
	<folder></folder>
	<filename>endel_v-2-2-1_28_png.rf.151198a4f15187c8bda0045adfedcc83.jpg</filename>
	<path>endel_v-2-2-1_28_png.rf.151198a4f15187c8bda0045adfedcc83.jpg</path>
	<source>
		<database>roboflow.ai</database>
	</source>
	<size>
		<width>296</width>
		<height>640</height>
		<depth>3</depth>
	</size>
	<segmented>0</segmented>
	<object>
		<name>Pickers</name>
		<pose>Unspecified</pose>
		<truncated>0</truncated>
		<difficult>0</difficult>
		<occluded>0</occluded>
		<bndbox>
			<xmin>40</xmin>
			<xmax>262</xmax>
			<ymin>233</ymin>
			<ymax>392</ymax>
		</bndbox>
	</object>
	<object>
		<name>Switches</name>
		<pose>Unspecified</pose>
		<truncated>0</truncated>
		<difficult>0</difficult>
		<occluded>0</occluded>
		<bndbox>
			<xmin>212</xmin>
			<xmax>255</xmax>
			<ymin>416</ymin>
			<ymax>445</ymax>
		</bndbox>
	</object>
	<object>
		<name>Buttons</name>
		<pose>Unspecified</pose>
		<truncated>0</truncated>
		<difficult>0</difficult>
		<occluded>0</occluded>
		<bndbox>
			<xmin>21</xmin>
			<xmax>148</xmax>
			<ymin>551</ymin>
			<ymax>594</ymax>
		</bndbox>
	</object>
	<object>
		<name>Buttons</name>
		<pose>Unspecified</pose>
		<truncated>0</truncated>
		<difficult>0</difficult>
		<occluded>0</occluded>
		<bndbox>
			<xmin>151</xmin>
			<xmax>278</xmax>
			<ymin>552</ymin>
			<ymax>594</ymax>
		</bndbox>
	</object>
</annotation>
