<annotation>
	<folder></folder>
	<filename>etsy_v5-65_19_png.rf.6695b946aa2511c1a7b651d27145d10a.jpg</filename>
	<path>etsy_v5-65_19_png.rf.6695b946aa2511c1a7b651d27145d10a.jpg</path>
	<source>
		<database>roboflow.ai</database>
	</source>
	<size>
		<width>296</width>
		<height>640</height>
		<depth>3</depth>
	</size>
	<segmented>0</segmented>
	<object>
		<name>Pickers</name>
		<pose>Unspecified</pose>
		<truncated>0</truncated>
		<difficult>0</difficult>
		<occluded>0</occluded>
		<bndbox>
			<xmin>7</xmin>
			<xmax>291</xmax>
			<ymin>457</ymin>
			<ymax>630</ymax>
		</bndbox>
	</object>
	<object>
		<name>Buttons</name>
		<pose>Unspecified</pose>
		<truncated>0</truncated>
		<difficult>0</difficult>
		<occluded>0</occluded>
		<bndbox>
			<xmin>12</xmin>
			<xmax>70</xmax>
			<ymin>51</ymin>
			<ymax>82</ymax>
		</bndbox>
	</object>
	<object>
		<name>Buttons</name>
		<pose>Unspecified</pose>
		<truncated>0</truncated>
		<difficult>0</difficult>
		<occluded>0</occluded>
		<bndbox>
			<xmin>257</xmin>
			<xmax>287</xmax>
			<ymin>53</ymin>
			<ymax>82</ymax>
		</bndbox>
	</object>
</annotation>
