<annotation>
	<folder></folder>
	<filename>etsy_v5-65_32_png.rf.f45e0371c9fc2bd2f3a4affd5470ebdf.jpg</filename>
	<path>etsy_v5-65_32_png.rf.f45e0371c9fc2bd2f3a4affd5470ebdf.jpg</path>
	<source>
		<database>roboflow.ai</database>
	</source>
	<size>
		<width>296</width>
		<height>640</height>
		<depth>3</depth>
	</size>
	<segmented>0</segmented>
	<object>
		<name>Pickers</name>
		<pose>Unspecified</pose>
		<truncated>0</truncated>
		<difficult>0</difficult>
		<occluded>0</occluded>
		<bndbox>
			<xmin>5</xmin>
			<xmax>293</xmax>
			<ymin>463</ymin>
			<ymax>629</ymax>
		</bndbox>
	</object>
</annotation>
