<annotation>
	<folder></folder>
	<filename>f15b806a11170e9dc61a9d2ae16d84dfdb2c42d8_jpeg.rf.79c7bc9935c8ad02c8fe70633283f55f.jpg</filename>
	<path>f15b806a11170e9dc61a9d2ae16d84dfdb2c42d8_jpeg.rf.79c7bc9935c8ad02c8fe70633283f55f.jpg</path>
	<source>
		<database>roboflow.ai</database>
	</source>
	<size>
		<width>296</width>
		<height>640</height>
		<depth>3</depth>
	</size>
	<segmented>0</segmented>
	<object>
		<name>Text Fields</name>
		<pose>Unspecified</pose>
		<truncated>0</truncated>
		<difficult>0</difficult>
		<occluded>0</occluded>
		<bndbox>
			<xmin>16</xmin>
			<xmax>278</xmax>
			<ymin>149</ymin>
			<ymax>196</ymax>
		</bndbox>
	</object>
	<object>
		<name>Text Fields</name>
		<pose>Unspecified</pose>
		<truncated>0</truncated>
		<difficult>0</difficult>
		<occluded>0</occluded>
		<bndbox>
			<xmin>16</xmin>
			<xmax>278</xmax>
			<ymin>94</ymin>
			<ymax>145</ymax>
		</bndbox>
	</object>
	<object>
		<name>Text Fields</name>
		<pose>Unspecified</pose>
		<truncated>0</truncated>
		<difficult>0</difficult>
		<occluded>0</occluded>
		<bndbox>
			<xmin>18</xmin>
			<xmax>279</xmax>
			<ymin>47</ymin>
			<ymax>89</ymax>
		</bndbox>
	</object>
</annotation>
