<annotation>
	<folder></folder>
	<filename>Screen-Shot-2021-01-05-at-1-07-45-AM_png.rf.7fa16f7168aa5304471681750c337e22.jpg</filename>
	<path>Screen-Shot-2021-01-05-at-1-07-45-AM_png.rf.7fa16f7168aa5304471681750c337e22.jpg</path>
	<source>
		<database>roboflow.ai</database>
	</source>
	<size>
		<width>296</width>
		<height>640</height>
		<depth>3</depth>
	</size>
	<segmented>0</segmented>
	<object>
		<name>Buttons</name>
		<pose>Unspecified</pose>
		<truncated>0</truncated>
		<difficult>0</difficult>
		<occluded>0</occluded>
		<bndbox>
			<xmin>11</xmin>
			<xmax>288</xmax>
			<ymin>428</ymin>
			<ymax>466</ymax>
		</bndbox>
	</object>
	<object>
		<name>Pickers</name>
		<pose>Unspecified</pose>
		<truncated>0</truncated>
		<difficult>0</difficult>
		<occluded>0</occluded>
		<bndbox>
			<xmin>8</xmin>
			<xmax>293</xmax>
			<ymin>470</ymin>
			<ymax>617</ymax>
		</bndbox>
	</object>
	<object>
		<name>Text Fields</name>
		<pose>Unspecified</pose>
		<truncated>0</truncated>
		<difficult>0</difficult>
		<occluded>0</occluded>
		<bndbox>
			<xmin>17</xmin>
			<xmax>282</xmax>
			<ymin>214</ymin>
			<ymax>256</ymax>
		</bndbox>
	</object>
</annotation>
